date,year,month,day,day_of_year,obs_count,observation_minutes,completeness_pct,temp_avg_f,temp_high_f,temp_high_time_local,temp_low_f,temp_low_time_local,dewpoint_avg_f,dewpoint_high_f,dewpoint_low_f,rh_avg_pct,rh_high_pct,rh_low_pct,pressure_avg_mb,pressure_high_mb,pressure_low_mb,wind_avg_mph,wind_max_1min_mph,wind_lull_min_mph,wind_gust_mph,wind_gust_time_local,wind_vector_dir_deg,wind_vector_dir_cardinal,prevailing_wind_dir,precip_in,precip_raw_in,wet_minutes,lightning_count,lightning_avg_distance_mi,lightning_closest_distance_mi,battery_min_v,report_interval_mode_min
2024-03-18,2024,3,18,78,288,1440.0,100.0,61.46,68.00,2024-03-18T13:40:00-05:00,51.98,2024-03-18T23:55:00-05:00,45.78,59.94,28.58,59.81,91.00,33.00,1016.14,1021.80,1012.30,12.23,23.04,0.45,34.23,2024-03-18T20:40:00-05:00,358.1,N,N,0.0000,0.0000,0.0,0,,,2.420,5.00
2024-03-19,2024,3,19,79,288,1440.0,100.0,50.63,55.94,2024-03-19T17:15:00-05:00,44.78,2024-03-19T06:35:00-05:00,30.15,40.59,22.56,45.44,57.00,32.00,1021.51,1025.20,1019.00,9.00,22.59,0.00,43.84,2024-03-19T06:50:00-05:00,24.3,NNE,NE,0.0000,0.0000,0.0,0,,,2.580,5.00
2024-03-20,2024,3,20,80,287,1435.0,99.7,59.44,65.66,2024-03-20T11:50:00-05:00,53.42,2024-03-20T06:00:00-05:00,43.43,48.81,37.73,56.08,75.00,37.00,1018.53,1020.80,1016.70,4.48,7.61,0.00,13.65,2024-03-20T16:15:00-05:00,263.4,W,NNW,0.0000,0.0000,0.0,0,,,2.580,5.00
2024-03-21,2024,3,21,81,288,1440.0,100.0,61.15,65.66,2024-03-21T11:00:00-05:00,56.84,2024-03-21T07:00:00-05:00,51.49,57.36,43.34,70.91,84.00,49.00,1016.67,1019.00,1012.70,3.24,8.72,0.00,10.96,2024-03-21T16:05:00-05:00,116.8,ESE,NE,0.0665,0.0665,100.0,0,,,2.590,5.00
2024-03-22,2024,3,22,82,287,1435.0,99.7,63.68,66.38,2024-03-22T17:20:00-05:00,59.18,2024-03-22T10:25:00-05:00,59.63,63.81,54.06,86.82,93.00,70.00,1007.99,1012.90,1004.90,8.08,14.99,0.00,23.04,2024-03-22T12:00:00-05:00,164.6,SSE,S,0.4670,0.4670,170.0,0,,,2.570,5.00
2024-03-23,2024,3,23,83,287,1435.0,99.7,64.35,71.06,2024-03-23T17:50:00-05:00,59.18,2024-03-23T07:20:00-05:00,54.88,61.97,47.84,72.24,89.00,50.00,1010.08,1014.30,1005.70,10.00,22.59,0.45,36.01,2024-03-23T11:50:00-05:00,4.6,N,N,0.0000,0.0000,0.0,0,,,2.580,5.00
2024-03-24,2024,3,24,84,288,1440.0,100.0,61.45,66.02,2024-03-24T23:40:00-05:00,56.66,2024-03-24T06:45:00-05:00,51.71,60.71,40.39,70.90,86.00,53.00,1013.07,1015.00,1010.50,9.08,21.25,1.12,26.17,2024-03-24T23:40:00-05:00,97.4,E,SSE,0.0000,0.0000,0.0,0,,,2.590,5.00
2024-03-25,2024,3,25,85,288,1440.0,100.0,67.15,69.26,2024-03-25T23:40:00-05:00,65.30,2024-03-25T06:00:00-05:00,62.93,65.88,60.37,86.35,91.00,82.00,1008.94,1011.30,1005.60,15.14,22.15,2.46,29.08,2024-03-25T21:15:00-05:00,142.0,SE,SE,0.0011,0.0011,370.0,0,,,2.580,5.00
2024-03-26,2024,3,26,86,287,1435.0,99.7,64.23,69.62,2024-03-26T00:25:00-05:00,56.30,2024-03-26T09:10:00-05:00,59.56,66.74,53.63,85.02,96.00,70.00,1008.40,1010.60,1005.10,11.96,27.51,0.22,37.80,2024-03-26T08:05:00-05:00,53.2,NE,S,1.4730,1.4730,400.0,88,13.29,0.62,2.570,5.00
2024-03-27,2024,3,27,87,288,1440.0,100.0,64.17,71.24,2024-03-27T15:55:00-05:00,57.92,2024-03-27T06:50:00-05:00,53.26,57.93,48.29,68.35,81.00,53.00,1012.67,1015.80,1008.50,9.84,19.46,0.00,27.29,2024-03-27T10:35:00-05:00,17.0,NNE,NNE,0.0000,0.0000,0.0,0,,,2.590,5.00
2024-03-28,2024,3,28,88,288,1440.0,100.0,62.04,70.52,2024-03-28T17:45:00-05:00,53.24,2024-03-28T06:45:00-05:00,43.00,50.02,36.44,50.58,66.00,35.00,1018.41,1021.40,1015.70,9.04,15.21,0.22,23.71,2024-03-28T03:05:00-05:00,9.3,N,N,0.0000,0.0000,0.0,0,,,2.590,5.00
2024-03-29,2024,3,29,89,288,1440.0,100.0,63.63,66.38,2024-03-29T15:25:00-05:00,59.36,2024-03-29T06:20:00-05:00,47.85,57.35,38.90,56.89,75.00,40.00,1020.87,1022.90,1019.20,6.85,10.74,0.00,15.88,2024-03-29T10:45:00-05:00,146.5,SSE,NE,0.0000,0.0000,0.0,0,,,2.580,5.00
2024-03-30,2024,3,30,90,288,1440.0,100.0,66.92,69.62,2024-03-30T14:20:00-05:00,62.78,2024-03-30T06:20:00-05:00,59.97,62.12,56.63,78.44,86.00,71.00,1018.44,1021.00,1016.50,7.00,16.55,0.00,20.58,2024-03-30T18:40:00-05:00,185.2,S,S,0.0000,0.0000,0.0,0,,,2.590,5.00
2024-03-31,2024,3,31,91,288,1440.0,100.0,68.97,71.24,2024-03-31T14:30:00-05:00,66.92,2024-03-31T04:55:00-05:00,64.71,67.51,61.95,86.39,93.00,79.00,1016.32,1018.50,1014.80,9.67,16.11,2.24,19.46,2024-03-31T21:25:00-05:00,187.4,S,S,0.0000,0.0000,0.0,0,,,2.580,5.00
2024-04-01,2024,4,1,92,287,1435.0,99.7,70.07,72.50,2024-04-01T13:35:00-05:00,68.72,2024-04-01T03:40:00-05:00,67.71,68.58,66.30,92.24,95.00,87.00,1013.94,1015.90,1010.90,9.91,17.67,1.79,21.92,2024-04-01T23:45:00-05:00,184.5,S,S,0.0000,0.0000,0.0,0,,,2.580,5.00
2024-04-02,2024,4,2,93,288,1440.0,100.0,70.88,71.96,2024-04-02T13:45:00-05:00,69.44,2024-04-02T06:15:00-05:00,69.09,70.27,68.12,94.10,96.00,91.00,1008.04,1011.40,1004.10,10.18,17.22,0.00,21.03,2024-04-02T14:45:00-05:00,184.6,S,S,0.0257,0.0257,25.0,9,6.21,1.24,2.580,5.00
2024-04-03,2024,4,3,94,288,1440.0,100.0,67.81,73.40,2024-04-03T16:05:00-05:00,58.82,2024-04-03T08:10:00-05:00,52.59,70.45,42.60,60.99,96.00,34.00,1005.59,1009.20,1002.00,7.39,16.55,0.00,26.84,2024-04-03T07:25:00-05:00,332.5,NNW,NNW,0.0221,0.0221,165.0,11,10.79,4.97,2.580,5.00
2024-04-04,2024,4,4,95,288,1440.0,100.0,64.21,68.36,2024-04-04T18:10:00-05:00,56.84,2024-04-04T06:30:00-05:00,43.77,58.44,34.31,48.11,78.00,30.00,1011.56,1013.80,1009.20,5.52,12.30,0.00,20.13,2024-04-04T16:40:00-05:00,294.9,WNW,WSW,0.0000,0.0000,0.0,0,,,2.590,5.00
2024-04-05,2024,4,5,96,288,1440.0,100.0,66.57,70.34,2024-04-05T16:30:00-05:00,60.80,2024-04-05T05:40:00-05:00,53.41,60.72,32.59,64.12,83.00,26.00,1015.30,1017.10,1013.40,3.72,8.50,0.00,12.97,2024-04-05T05:20:00-05:00,283.5,WNW,WSW,0.0000,0.0000,0.0,0,,,2.580,5.00
2024-04-06,2024,4,6,97,288,1440.0,100.0,64.26,67.28,2024-04-06T01:50:00-05:00,59.54,2024-04-06T07:20:00-05:00,50.51,62.04,43.86,61.51,88.00,47.00,1017.25,1019.40,1015.10,6.97,10.29,0.00,17.22,2024-04-06T02:50:00-05:00,111.9,ESE,SSW,0.0000,0.0000,0.0,0,,,2.590,5.00
2024-04-07,2024,4,7,98,288,1440.0,100.0,67.66,70.16,2024-04-07T12:25:00-05:00,64.04,2024-04-07T06:30:00-05:00,61.28,63.51,58.64,80.23,90.00,67.00,1016.12,1018.50,1013.90,7.78,15.21,0.00,20.13,2024-04-07T20:00:00-05:00,157.3,SSE,SSE,0.0000,0.0000,0.0,0,,,2.580,5.00
2024-04-08,2024,4,8,99,288,1440.0,100.0,68.85,70.70,2024-04-08T12:10:00-05:00,68.18,2024-04-08T02:00:00-05:00,64.25,65.70,62.65,85.33,90.00,79.00,1017.17,1019.00,1015.00,9.14,16.33,0.67,21.70,2024-04-08T00:30:00-05:00,145.2,SE,ESE,0.0000,0.0000,0.0,3,4.56,4.35,2.590,5.00
2024-04-09,2024,4,9,100,288,1440.0,100.0,69.46,71.60,2024-04-09T14:05:00-05:00,67.64,2024-04-09T06:45:00-05:00,65.73,66.85,64.64,87.98,91.00,84.00,1013.90,1017.20,1010.80,10.86,22.59,1.57,52.57,2024-04-09T22:35:00-05:00,136.1,SE,SE,0.0000,0.0000,0.0,0,,,2.580,5.00
2024-04-10,2024,4,10,101,288,1440.0,100.0,67.67,70.88,2024-04-10T08:20:00-05:00,64.40,2024-04-10T13:05:00-05:00,64.28,67.47,59.99,88.95,92.00,84.00,1006.50,1011.30,1001.90,10.04,26.62,0.00,38.48,2024-04-10T11:55:00-05:00,133.7,SE,SE,4.2155,4.2155,630.0,1435,12.84,1.24,2.560,5.00
2024-04-11,2024,4,11,102,288,1440.0,100.0,66.89,69.44,2024-04-11T12:45:00-05:00,64.22,2024-04-11T05:30:00-05:00,55.75,64.20,48.50,68.00,86.00,50.00,1007.32,1015.50,1001.50,6.39,13.65,0.00,24.83,2024-04-11T16:20:00-05:00,274.5,W,NNW,0.0032,0.0032,35.0,0,,,2.550,5.00
2024-04-12,2024,4,12,103,288,1440.0,100.0,67.92,75.38,2024-04-12T13:50:00-05:00,61.52,2024-04-12T06:25:00-05:00,50.34,59.63,42.38,54.33,76.00,33.00,1020.07,1023.40,1015.50,5.55,11.63,0.00,20.13,2024-04-12T04:15:00-05:00,323.5,NW,NNW,0.0000,0.0000,0.0,0,,,2.580,5.00
2024-04-13,2024,4,13,104,288,1440.0,100.0,67.92,70.70,2024-04-13T15:55:00-05:00,63.32,2024-04-13T05:10:00-05:00,51.63,58.37,41.25,56.29,70.00,43.00,1023.42,1025.60,1021.60,6.26,11.18,0.00,15.21,2024-04-13T15:10:00-05:00,211.7,SSW,WSW,0.0000,0.0000,0.0,0,,,2.580,5.00
2024-04-14,2024,4,14,105,288,1440.0,100.0,68.89,71.42,2024-04-14T15:15:00-05:00,64.40,2024-04-14T04:50:00-05:00,59.50,61.74,56.43,72.29,85.00,60.00,1020.13,1022.10,1017.90,4.39,11.41,0.00,13.42,2024-04-14T20:35:00-05:00,191.6,SSW,S,0.0000,0.0000,0.0,0,,,2.580,5.00
2024-04-15,2024,4,15,106,288,1440.0,100.0,70.95,72.50,2024-04-15T11:55:00-05:00,68.90,2024-04-15T04:45:00-05:00,63.30,66.33,60.79,76.85,84.00,72.00,1017.09,1018.80,1015.50,7.06,11.63,0.89,14.32,2024-04-15T23:55:00-05:00,184.9,S,S,0.0000,0.0000,0.0,0,,,2.580,5.00
2024-04-16,2024,4,16,107,288,1440.0,100.0,71.82,73.58,2024-04-16T14:50:00-05:00,70.52,2024-04-16T06:00:00-05:00,65.33,67.01,63.66,80.08,86.00,74.00,1016.94,1018.10,1015.30,9.64,14.09,1.57,19.24,2024-04-16T11:10:00-05:00,163.3,SSE,SSE,0.0000,0.0000,0.0,0,,,2.590,5.00
2024-04-17,2024,4,17,108,288,1440.0,100.0,72.07,73.40,2024-04-17T13:50:00-05:00,71.06,2024-04-17T01:35:00-05:00,66.82,68.26,65.28,83.56,86.00,80.00,1017.10,1019.00,1015.20,8.07,14.09,0.00,17.45,2024-04-17T21:35:00-05:00,169.2,S,SSE,0.0000,0.0000,0.0,0,,,2.590,5.00
2024-04-18,2024,4,18,109,288,1440.0,100.0,73.43,75.92,2024-04-18T16:45:00-05:00,71.24,2024-04-18T06:15:00-05:00,68.65,69.85,67.35,85.05,88.00,80.00,1016.85,1017.80,1015.10,5.97,14.09,0.00,17.67,2024-04-18T10:55:00-05:00,187.5,S,SSW,0.0000,0.0000,0.0,0,,,2.580,5.00
2024-04-19,2024,4,19,110,288,1440.0,100.0,74.37,76.64,2024-04-19T14:05:00-05:00,72.32,2024-04-19T06:40:00-05:00,68.01,68.97,67.04,80.65,85.00,75.00,1016.28,1018.20,1014.50,5.10,13.42,0.00,16.55,2024-04-19T00:25:00-05:00,211.9,SSW,SSW,0.0000,0.0000,0.0,0,,,2.580,5.00
2024-04-20,2024,4,20,111,288,1440.0,100.0,75.62,79.34,2024-04-20T10:30:00-05:00,73.76,2024-04-20T05:10:00-05:00,68.19,70.21,65.73,77.86,84.00,70.00,1015.22,1017.60,1012.90,4.96,11.18,0.00,17.45,2024-04-20T17:05:00-05:00,218.6,SW,SW,0.0000,0.0000,0.0,0,,,2.580,5.00
2024-04-21,2024,4,21,112,288,1440.0,100.0,65.00,74.84,2024-04-21T00:00:00-05:00,58.46,2024-04-21T11:45:00-05:00,53.93,67.15,43.99,68.73,85.00,46.00,1014.92,1018.30,1011.60,10.55,17.90,0.22,26.17,2024-04-21T05:15:00-05:00,7.2,N,N,0.1796,0.1796,75.0,0,,,2.580,5.00
2024-04-22,2024,4,22,113,288,1440.0,100.0,62.25,69.08,2024-04-22T17:20:00-05:00,54.50,2024-04-22T05:55:00-05:00,40.80,48.11,36.14,46.55,65.00,32.00,1019.49,1021.60,1017.80,12.61,24.61,0.22,33.78,2024-04-22T03:05:00-05:00,20.7,NNE,N,0.0000,0.0000,0.0,0,,,2.580,5.00
2024-04-23,2024,4,23,114,288,1440.0,100.0,67.26,70.88,2024-04-23T13:40:00-05:00,62.06,2024-04-23T05:00:00-05:00,51.36,60.85,42.11,57.14,76.00,42.00,1019.78,1021.60,1018.30,5.74,9.62,0.00,12.75,2024-04-23T22:05:00-05:00,127.6,SE,SSE,0.0000,0.0000,0.0,0,,,2.590,5.00
2024-04-24,2024,4,24,115,288,1440.0,100.0,70.70,73.76,2024-04-24T14:55:00-05:00,66.20,2024-04-24T05:05:00-05:00,61.03,64.38,57.83,71.76,84.00,60.00,1018.89,1020.50,1017.80,4.40,8.05,0.00,11.63,2024-04-24T07:20:00-05:00,194.9,SSW,SW,0.0000,0.0000,0.0,0,,,2.590,5.00
2024-04-25,2024,4,25,116,287,1435.0,99.7,72.35,75.02,2024-04-25T15:50:00-05:00,68.72,2024-04-25T05:30:00-05:00,64.05,66.21,60.83,75.36,84.00,64.00,1018.29,1019.80,1016.70,4.34,7.83,0.00,10.96,2024-04-25T19:00:00-05:00,205.2,SSW,SSW,0.0000,0.0000,0.0,0,,,2.580,5.00
2024-04-26,2024,4,26,117,288,1440.0,100.0,73.32,75.02,2024-04-26T14:15:00-05:00,71.78,2024-04-26T02:55:00-05:00,64.67,67.57,62.05,74.43,83.00,69.00,1016.94,1018.70,1014.80,11.10,15.43,1.79,21.92,2024-04-26T11:40:00-05:00,167.0,SSE,SSE,0.0000,0.0000,0.0,0,,,2.590,5.00
2024-04-27,2024,4,27,118,288,1440.0,100.0,73.62,75.56,2024-04-27T13:25:00-05:00,72.32,2024-04-27T20:05:00-05:00,65.61,67.38,63.65,76.10,80.00,71.00,1018.61,1020.60,1015.20,11.81,19.68,2.01,25.28,2024-04-27T03:25:00-05:00,145.3,SE,SE,0.0000,0.0000,0.0,0,,,2.590,5.00
2024-04-28,2024,4,28,119,288,1440.0,100.0,73.31,74.66,2024-04-28T14:45:00-05:00,72.32,2024-04-28T19:05:00-05:00,65.73,67.22,64.61,77.23,82.00,72.00,1017.19,1019.10,1015.30,12.81,19.46,2.46,26.62,2024-04-28T21:45:00-05:00,141.7,SE,SE,0.0000,0.0000,0.0,0,,,2.590,5.00
2024-04-29,2024,4,29,120,277,1385.0,96.2,73.56,75.02,2024-04-29T12:55:00-05:00,72.32,2024-04-29T00:05:00-05:00,67.04,68.79,64.05,80.12,86.00,73.00,1014.32,1017.10,1009.40,12.80,35.79,1.79,61.96,2024-04-29T22:55:00-05:00,159.0,SSE,SSE,0.4275,0.4275,215.0,219,10.15,0.00,2.590,5.00
2024-04-30,2024,4,30,121,0,0.0,0.0,,,,,,,,,,,,,,,,,,,,,,,0.0000,0.0000,0.0,0,,,,
2024-05-01,2024,5,1,122,0,0.0,0.0,,,,,,,,,,,,,,,,,,,,,,,0.0000,0.0000,0.0,0,,,,
2024-05-02,2024,5,2,123,193,965.0,67.0,75.92,77.00,2024-05-02T09:40:00-05:00,75.02,2024-05-02T13:15:00-05:00,69.62,70.38,68.94,80.89,84.00,78.00,1012.38,1013.90,1011.10,8.26,12.97,1.12,16.33,2024-05-02T21:50:00-05:00,159.1,SSE,SSE,0.0000,0.0000,0.0,0,,,2.810,5.00
2024-05-03,2024,5,3,124,288,1440.0,100.0,76.60,78.26,2024-05-03T12:50:00-05:00,75.38,2024-05-03T06:10:00-05:00,69.92,70.73,68.15,79.93,83.00,72.00,1013.01,1015.60,1011.00,5.52,10.74,0.00,13.42,2024-05-03T00:30:00-05:00,176.2,S,SSE,0.0107,0.0107,50.0,0,,,2.810,5.00
2024-05-04,2024,5,4,125,288,1440.0,100.0,77.17,78.80,2024-05-04T12:20:00-05:00,74.84,2024-05-04T01:15:00-05:00,70.04,70.91,68.62,78.76,85.00,74.00,1014.49,1016.10,1013.30,4.19,9.17,0.00,11.86,2024-05-04T15:00:00-05:00,184.6,S,SSW,0.0000,0.0000,0.0,0,,,2.810,5.00
2024-05-05,2024,5,5,126,288,1440.0,100.0,77.74,80.24,2024-05-05T15:05:00-05:00,74.84,2024-05-05T06:10:00-05:00,69.41,71.20,67.57,75.62,80.00,71.00,1014.54,1016.80,1013.10,6.94,12.08,0.00,15.88,2024-05-05T09:30:00-05:00,172.1,S,S,0.0000,0.0000,0.0,0,,,2.810,5.00
2024-05-06,2024,5,6,127,283,1415.0,98.3,78.44,80.06,2024-05-06T12:10:00-05:00,77.36,2024-05-06T01:25:00-05:00,70.69,71.93,69.29,77.20,80.00,71.00,1013.21,1015.00,1011.10,10.33,16.55,1.57,20.80,2024-05-06T22:25:00-05:00,182.8,S,S,0.0000,0.0000,0.0,0,,,2.620,5.00
2024-05-07,2024,5,7,128,287,1435.0,99.7,79.07,80.78,2024-05-07T16:20:00-05:00,78.08,2024-05-07T00:35:00-05:00,71.47,72.63,70.07,77.62,81.00,74.00,1010.27,1012.10,1009.10,9.85,13.87,1.79,19.46,2024-05-07T21:20:00-05:00,198.7,SSW,SSW,0.0000,0.0000,0.0,0,,,2.620,5.00
2024-05-08,2024,5,8,129,288,1440.0,100.0,80.06,81.50,2024-05-08T14:30:00-05:00,78.98,2024-05-08T02:10:00-05:00,73.13,74.42,72.02,79.49,82.00,76.00,1008.93,1010.70,1007.70,11.96,18.34,3.13,25.72,2024-05-08T23:40:00-05:00,194.9,SSW,SSW,0.0000,0.0000,0.0,0,,,2.590,5.00
2024-05-09,2024,5,9,130,288,1440.0,100.0,81.06,83.12,2024-05-09T15:15:00-05:00,80.24,2024-05-09T00:00:00-05:00,74.57,75.78,73.68,80.73,82.00,78.00,1008.60,1010.70,1006.50,9.02,17.90,1.34,27.07,2024-05-09T00:25:00-05:00,206.7,SSW,SSW,0.0002,0.0002,30.0,0,,,2.590,5.00
2024-05-10,2024,5,10,131,288,1440.0,100.0,77.58,80.96,2024-05-10T00:00:00-05:00,70.70,2024-05-10T04:35:00-05:00,69.33,74.58,62.29,75.93,83.00,57.00,1009.32,1011.00,1007.20,4.69,14.09,0.00,26.62,2024-05-10T03:40:00-05:00,152.5,SSE,WSW,0.2037,0.2037,105.0,476,15.39,0.00,2.580,5.00
2024-05-11,2024,5,11,132,288,1440.0,100.0,74.34,78.80,2024-05-11T00:00:00-05:00,69.80,2024-05-11T08:45:00-05:00,55.88,62.78,49.39,53.08,64.00,38.00,1012.00,1014.10,1010.00,7.70,22.15,0.00,30.87,2024-05-11T04:15:00-05:00,27.6,NNE,NE,0.0000,0.0000,10.0,0,,,2.590,5.00
2024-05-12,2024,5,12,133,288,1440.0,100.0,74.92,77.36,2024-05-12T11:35:00-05:00,71.96,2024-05-12T07:25:00-05:00,57.81,66.70,51.62,55.60,72.00,43.00,1012.66,1015.60,1010.50,7.34,13.87,0.00,19.24,2024-05-12T22:40:00-05:00,99.8,E,SE,0.0184,0.0184,35.0,33,8.51,3.11,2.590,5.00
2024-05-13,2024,5,13,134,288,1440.0,100.0,73.74,79.34,2024-05-13T10:05:00-05:00,66.20,2024-05-13T12:50:00-05:00,67.49,73.73,60.72,81.00,90.00,65.00,1008.91,1012.90,1006.70,11.53,20.58,0.45,39.37,2024-05-13T23:50:00-05:00,153.5,SSE,SSE,2.5023,2.5023,600.0,2670,9.82,1.86,2.570,5.00
2024-05-14,2024,5,14,135,288,1440.0,100.0,76.32,82.76,2024-05-14T09:40:00-05:00,66.56,2024-05-14T00:25:00-05:00,69.07,72.32,63.12,78.57,90.00,64.00,1006.27,1011.30,999.80,10.64,58.38,0.00,82.99,2024-05-14T06:30:00-05:00,207.4,SSW,WSW,9.4434,9.4434,435.0,405,10.98,0.62,2.560,5.00
2024-05-15,2024,5,15,136,288,1440.0,100.0,79.52,85.10,2024-05-15T12:50:00-05:00,75.74,2024-05-15T04:25:00-05:00,69.40,72.14,64.93,71.90,86.00,54.00,1008.59,1010.10,1007.20,4.81,13.65,0.00,22.15,2024-05-15T00:20:00-05:00,268.7,W,WSW,0.0017,0.0017,35.0,0,,,2.590,5.00
2024-05-16,2024,5,16,137,288,1440.0,100.0,78.95,83.30,2024-05-16T10:50:00-05:00,74.66,2024-05-16T05:15:00-05:00,68.66,72.49,63.40,70.99,82.00,58.00,1009.07,1011.10,1006.40,5.58,16.33,0.00,20.36,2024-05-16T23:45:00-05:00,172.0,S,S,0.0631,0.0631,45.0,36,14.19,4.35,2.600,5.00
2024-05-17,2024,5,17,138,171,855.0,59.4,78.90,80.06,2024-05-17T12:10:00-05:00,71.96,2024-05-17T01:40:00-05:00,74.70,75.81,64.73,87.04,90.00,78.00,1007.97,1013.40,1003.70,8.82,17.22,0.00,26.84,2024-05-17T01:35:00-05:00,200.4,SSW,SSW,0.9906,0.9906,120.0,895,14.40,3.73,2.600,5.00
2024-05-18,2024,5,18,139,288,1440.0,100.0,76.78,78.98,2024-05-18T00:00:00-05:00,72.32,2024-05-18T06:25:00-05:00,70.82,76.46,66.53,82.06,93.00,70.00,1010.66,1013.00,1006.90,7.34,28.41,0.00,54.13,2024-05-18T11:20:00-05:00,200.4,SSW,WSW,1.2327,1.2327,380.0,1334,8.68,3.73,2.580,5.00
2024-05-19,2024,5,19,140,288,1440.0,100.0,78.95,84.02,2024-05-19T10:45:00-05:00,75.20,2024-05-19T02:00:00-05:00,70.31,72.96,67.64,75.10,87.00,64.00,1012.15,1014.00,1010.50,3.22,7.61,0.00,11.63,2024-05-19T00:10:00-05:00,295.9,WNW,WSW,0.0000,0.0000,0.0,0,,,2.600,5.00
2024-05-20,2024,5,20,141,288,1440.0,100.0,78.38,80.42,2024-05-20T11:05:00-05:00,75.56,2024-05-20T05:10:00-05:00,70.76,73.36,68.43,77.65,87.00,70.00,1012.14,1013.60,1011.00,6.18,11.63,0.00,14.76,2024-05-20T15:40:00-05:00,152.1,SSE,SSE,0.0000,0.0000,0.0,0,,,2.600,5.00
2024-05-21,2024,5,21,142,288,1440.0,100.0,78.44,80.06,2024-05-21T12:25:00-05:00,76.28,2024-05-21T06:00:00-05:00,68.47,71.21,65.71,71.62,79.00,64.00,1012.92,1014.50,1011.10,7.38,12.08,0.00,16.33,2024-05-21T03:25:00-05:00,154.2,SSE,SSE,0.0000,0.0000,0.0,0,,,2.600,5.00
2024-05-22,2024,5,22,143,288,1440.0,100.0,78.34,80.24,2024-05-22T11:15:00-05:00,76.64,2024-05-22T22:10:00-05:00,68.29,70.14,66.58,71.37,78.00,65.00,1013.90,1015.80,1012.30,6.14,11.63,0.00,15.43,2024-05-22T13:35:00-05:00,165.0,SSE,SSE,0.0000,0.0000,0.0,0,,,2.600,5.00
2024-05-23,2024,5,23,144,288,1440.0,100.0,79.09,83.48,2024-05-23T15:55:00-05:00,76.28,2024-05-23T02:40:00-05:00,69.96,72.75,66.19,73.73,78.00,66.00,1013.50,1015.60,1011.90,6.22,13.87,0.00,17.45,2024-05-23T07:45:00-05:00,180.7,S,S,0.0000,0.0000,0.0,0,,,2.620,5.00
2024-05-24,2024,5,24,145,288,1440.0,100.0,80.92,84.38,2024-05-24T11:25:00-05:00,78.08,2024-05-24T03:00:00-05:00,73.50,75.51,70.16,78.26,82.00,71.00,1011.62,1013.40,1009.60,6.73,19.91,0.00,26.84,2024-05-24T06:15:00-05:00,196.1,SSW,SSW,0.0043,0.0043,45.0,0,,,2.590,5.00
2024-05-25,2024,5,25,146,288,1440.0,100.0,82.52,85.10,2024-05-25T14:55:00-05:00,80.78,2024-05-25T02:50:00-05:00,74.14,75.16,72.75,75.99,82.00,68.00,1011.72,1013.40,1010.50,5.76,9.62,0.00,14.54,2024-05-25T19:40:00-05:00,221.7,SW,SW,0.0000,0.0000,0.0,0,,,2.600,5.00
2024-05-26,2024,5,26,147,287,1435.0,99.7,82.45,84.92,2024-05-26T14:15:00-05:00,80.96,2024-05-26T04:30:00-05:00,74.63,76.31,72.18,77.32,81.00,73.00,1010.90,1012.80,1009.50,8.54,15.88,0.89,21.25,2024-05-26T17:50:00-05:00,204.6,SSW,SSW,0.0000,0.0000,0.0,0,,,2.600,5.00
2024-05-27,2024,5,27,148,288,1440.0,100.0,81.95,83.84,2024-05-27T13:10:00-05:00,71.06,2024-05-27T23:10:00-05:00,74.77,76.89,59.39,79.01,90.00,59.00,1011.91,1015.90,1009.40,8.96,19.01,0.00,44.96,2024-05-27T23:05:00-05:00,238.0,WSW,SW,0.4221,0.4221,215.0,919,11.10,1.86,2.600,5.00
2024-05-28,2024,5,28,149,288,1440.0,100.0,83.43,89.24,2024-05-28T15:25:00-05:00,77.54,2024-05-28T00:10:00-05:00,71.67,75.93,65.11,68.62,87.00,46.00,1015.23,1017.00,1013.20,4.66,8.72,0.00,13.20,2024-05-28T09:00:00-05:00,353.6,N,NNW,0.0315,0.0315,30.0,38,8.83,4.35,2.600,5.00
2024-05-29,2024,5,29,150,288,1440.0,100.0,81.87,85.10,2024-05-29T13:05:00-05:00,76.28,2024-05-29T23:10:00-05:00,66.67,75.93,60.58,60.65,81.00,44.00,1016.73,1018.90,1014.60,5.99,10.29,0.00,16.33,2024-05-29T22:30:00-05:00,72.7,ENE,NE,0.0000,0.0000,0.0,0,,,2.620,5.00
2024-05-30,2024,5,30,151,288,1440.0,100.0,80.75,84.92,2024-05-30T12:25:00-05:00,77.72,2024-05-30T00:00:00-05:00,67.08,72.12,62.79,63.52,75.00,49.00,1015.83,1017.50,1014.40,7.88,12.75,0.00,17.90,2024-05-30T18:15:00-05:00,118.6,ESE,NE,0.0000,0.0000,0.0,0,,,2.600,5.00
2024-05-31,2024,5,31,152,288,1440.0,100.0,81.27,83.30,2024-05-31T13:10:00-05:00,78.26,2024-05-31T06:35:00-05:00,71.63,75.65,67.91,72.77,82.00,61.00,1015.07,1016.40,1014.00,8.31,14.32,0.00,18.34,2024-05-31T22:25:00-05:00,156.5,SSE,S,0.0000,0.0000,0.0,1,4.35,4.35,2.600,5.00
2024-06-01,2024,6,1,153,288,1440.0,100.0,77.85,81.68,2024-06-01T00:00:00-05:00,71.78,2024-06-01T03:05:00-05:00,70.10,76.02,65.48,77.26,88.00,68.00,1014.88,1017.00,1012.70,10.36,21.47,0.00,34.67,2024-06-01T05:30:00-05:00,171.8,S,S,1.4445,1.4445,255.0,5817,10.32,1.86,2.590,5.00
2024-06-02,2024,6,2,154,288,1440.0,100.0,78.37,79.88,2024-06-02T23:05:00-05:00,73.58,2024-06-02T11:00:00-05:00,68.92,71.33,65.17,72.85,81.00,66.00,1014.65,1016.60,1013.40,4.39,9.40,0.00,13.42,2024-06-02T10:50:00-05:00,185.1,S,S,0.6411,0.6411,150.0,8,4.35,1.86,2.590,5.00
2024-06-03,2024,6,3,155,288,1440.0,100.0,80.65,83.12,2024-06-03T15:55:00-05:00,78.44,2024-06-03T20:30:00-05:00,72.26,73.94,69.59,75.74,80.00,70.00,1012.05,1014.10,1010.00,6.29,14.54,0.22,18.57,2024-06-03T20:05:00-05:00,186.9,S,S,0.0000,0.0000,0.0,432,15.74,0.00,2.600,5.00
2024-06-04,2024,6,4,156,288,1440.0,100.0,80.35,82.58,2024-06-04T11:40:00-05:00,69.44,2024-06-04T21:35:00-05:00,72.10,74.25,63.71,76.12,86.00,66.00,1010.80,1014.00,1007.70,9.29,24.38,0.00,31.99,2024-06-04T21:10:00-05:00,188.2,S,S,0.4869,0.4869,115.0,841,13.34,2.49,2.600,5.00
2024-06-05,2024,6,5,157,288,1440.0,100.0,82.51,85.10,2024-06-05T12:30:00-05:00,80.60,2024-06-05T01:00:00-05:00,73.33,75.12,69.22,73.90,80.00,66.00,1009.23,1011.80,1007.30,7.84,23.49,0.89,28.86,2024-06-05T00:05:00-05:00,201.4,SSW,SSW,0.0000,0.0000,0.0,0,,,2.600,5.00
2024-06-06,2024,6,6,158,288,1440.0,100.0,81.96,86.72,2024-06-06T12:40:00-05:00,77.18,2024-06-06T13:55:00-05:00,72.25,75.02,67.52,72.65,79.00,61.00,1008.71,1009.80,1007.70,3.81,8.95,0.00,13.87,2024-06-06T00:10:00-05:00,237.4,WSW,SW,0.1816,0.1816,20.0,370,14.20,0.00,2.600,5.00
2024-06-07,2024,6,7,159,288,1440.0,100.0,82.78,90.86,2024-06-07T12:55:00-05:00,77.18,2024-06-07T04:45:00-05:00,71.52,75.19,62.72,69.45,83.00,48.00,1010.67,1012.00,1009.60,3.36,8.72,0.00,15.21,2024-06-07T23:35:00-05:00,343.8,NNW,N,0.0000,0.0000,0.0,0,,,2.610,5.00
2024-06-08,2024,6,8,160,288,1440.0,100.0,82.60,85.46,2024-06-08T11:35:00-05:00,79.52,2024-06-08T05:35:00-05:00,64.46,71.72,58.95,54.63,69.00,42.00,1012.26,1014.20,1010.60,5.13,8.28,0.00,12.97,2024-06-08T03:30:00-05:00,105.6,ESE,NE,0.0000,0.0000,0.0,0,,,2.600,5.00
2024-06-09,2024,6,9,161,288,1440.0,100.0,84.91,90.50,2024-06-09T10:55:00-05:00,80.78,2024-06-09T05:55:00-05:00,70.58,73.87,67.79,62.44,70.00,52.00,1011.09,1013.00,1009.10,3.59,6.04,0.00,10.74,2024-06-09T19:35:00-05:00,244.8,WSW,WSW,0.0000,0.0000,0.0,0,,,2.600,5.00
2024-06-10,2024,6,10,162,288,1440.0,100.0,85.14,89.96,2024-06-10T11:10:00-05:00,79.70,2024-06-10T23:55:00-05:00,72.18,74.71,69.34,65.49,77.00,56.00,1008.57,1010.10,1006.20,3.91,9.62,0.00,14.99,2024-06-10T23:50:00-05:00,274.4,W,WSW,0.0000,0.0000,0.0,43,16.36,4.35,2.600,5.00
2024-06-11,2024,6,11,163,288,1440.0,100.0,83.30,87.62,2024-06-11T16:30:00-05:00,78.98,2024-06-11T00:20:00-05:00,65.58,72.61,61.08,56.01,79.00,43.00,1009.58,1010.90,1008.30,7.84,10.74,0.45,16.55,2024-06-11T07:40:00-05:00,26.7,NNE,NNE,0.0000,0.0000,0.0,11,9.60,4.35,2.600,5.00
2024-06-12,2024,6,12,164,288,1440.0,100.0,82.44,87.26,2024-06-12T15:10:00-05:00,78.26,2024-06-12T05:00:00-05:00,63.89,70.14,59.41,53.92,65.00,41.00,1011.58,1013.00,1010.20,5.51,10.51,0.00,18.34,2024-06-12T01:00:00-05:00,40.6,NE,NE,0.0000,0.0000,0.0,0,,,2.600,5.00
2024-06-13,2024,6,13,165,288,1440.0,100.0,83.79,89.24,2024-06-13T17:30:00-05:00,79.88,2024-06-13T06:10:00-05:00,67.17,72.66,60.59,58.08,73.00,43.00,1011.40,1012.90,1010.00,4.36,8.50,0.00,13.65,2024-06-13T08:15:00-05:00,22.2,NNE,NE,0.0000,0.0000,0.0,0,,,2.600,5.00
2024-06-14,2024,6,14,166,288,1440.0,100.0,84.02,87.80,2024-06-14T12:45:00-05:00,78.98,2024-06-14T05:55:00-05:00,69.37,72.47,65.86,61.80,73.00,50.00,1011.56,1012.80,1010.50,6.20,11.63,0.00,18.12,2024-06-14T08:50:00-05:00,24.8,NNE,NNE,0.0000,0.0000,0.0,0,,,2.610,5.00
2024-06-15,2024,6,15,167,288,1440.0,100.0,85.30,90.14,2024-06-15T12:15:00-05:00,81.32,2024-06-15T05:00:00-05:00,72.35,76.86,64.31,65.91,76.00,43.00,1012.22,1013.70,1011.00,4.65,8.72,0.00,11.86,2024-06-15T16:05:00-05:00,118.8,ESE,SSE,0.0000,0.0000,0.0,0,,,2.600,5.00
2024-06-16,2024,6,16,168,288,1440.0,100.0,82.23,84.56,2024-06-16T00:00:00-05:00,78.08,2024-06-16T13:10:00-05:00,73.45,76.59,69.66,74.92,85.00,67.00,1013.48,1015.10,1011.80,8.00,24.16,0.00,34.00,2024-06-16T12:55:00-05:00,165.2,SSE,SE,0.4736,0.4736,200.0,204,9.56,3.11,2.600,5.00
2024-06-17,2024,6,17,169,288,1440.0,100.0,83.21,85.46,2024-06-17T12:40:00-05:00,80.60,2024-06-17T08:05:00-05:00,73.71,75.99,68.42,73.24,82.00,62.00,1013.90,1015.20,1013.10,8.19,14.99,0.00,21.92,2024-06-17T13:25:00-05:00,131.7,SE,SE,0.0000,0.0000,0.0,0,,,2.600,5.00
2024-06-18,2024,6,18,170,288,1440.0,100.0,82.10,84.56,2024-06-18T15:40:00-05:00,76.46,2024-06-18T07:15:00-05:00,71.01,74.93,64.56,69.73,84.00,53.00,1013.07,1013.80,1011.80,7.81,14.09,0.00,27.96,2024-06-18T08:45:00-05:00,96.5,E,ESE,0.5249,0.5249,115.0,0,,,2.590,5.00
2024-06-19,2024,6,19,171,288,1440.0,100.0,82.05,85.10,2024-06-19T15:30:00-05:00,78.98,2024-06-19T08:20:00-05:00,71.77,74.19,69.68,71.27,80.00,61.00,1015.16,1017.60,1012.20,8.04,14.32,0.00,23.04,2024-06-19T15:20:00-05:00,104.7,ESE,ESE,0.0565,0.0565,125.0,0,,,2.600,5.00
2024-06-20,2024,6,20,172,288,1440.0,100.0,81.68,83.84,2024-06-20T11:50:00-05:00,79.16,2024-06-20T07:30:00-05:00,70.81,73.90,67.15,69.77,81.00,58.00,1018.35,1020.10,1016.40,6.76,13.42,0.22,19.68,2024-06-20T03:45:00-05:00,98.4,E,ENE,0.0000,0.0000,0.0,0,,,2.600,5.00
2024-06-21,2024,6,21,173,288,1440.0,100.0,82.79,86.90,2024-06-21T12:00:00-05:00,80.06,2024-06-21T06:05:00-05:00,69.80,73.38,66.09,65.34,77.00,51.00,1018.14,1019.60,1016.30,5.52,10.07,0.00,16.78,2024-06-21T04:45:00-05:00,117.8,ESE,S,0.0000,0.0000,0.0,0,,,2.600,5.00
2024-06-22,2024,6,22,174,288,1440.0,100.0,83.18,86.54,2024-06-22T14:10:00-05:00,78.98,2024-06-22T05:50:00-05:00,70.02,73.22,64.95,64.96,77.00,49.00,1015.93,1017.70,1014.00,4.01,7.83,0.00,11.86,2024-06-22T07:10:00-05:00,246.4,WSW,SW,0.0000,0.0000,0.0,0,,,2.600,5.00
2024-06-23,2024,6,23,175,288,1440.0,100.0,84.45,88.34,2024-06-23T10:30:00-05:00,80.60,2024-06-23T03:05:00-05:00,73.12,75.41,70.92,69.06,76.00,59.00,1013.52,1015.20,1011.60,3.37,7.16,0.00,11.18,2024-06-23T21:35:00-05:00,246.3,WSW,SW,0.0069,0.0069,10.0,0,,,2.630,5.00
2024-06-24,2024,6,24,176,288,1440.0,100.0,84.76,90.32,2024-06-24T11:05:00-05:00,81.14,2024-06-24T15:45:00-05:00,75.08,76.96,72.64,72.97,79.00,61.00,1012.58,1014.10,1011.20,3.21,8.50,0.00,14.32,2024-06-24T15:20:00-05:00,290.5,WNW,WSW,0.0000,0.0000,0.0,773,16.15,3.11,2.610,5.00
2024-06-25,2024,6,25,177,287,1435.0,99.7,85.60,91.76,2024-06-25T12:10:00-05:00,80.42,2024-06-25T05:15:00-05:00,74.57,77.15,71.26,70.16,82.00,54.00,1012.66,1014.10,1011.30,3.39,5.59,0.00,11.18,2024-06-25T17:25:00-05:00,276.4,W,WSW,0.0000,0.0000,0.0,0,,,2.590,5.00
2024-06-26,2024,6,26,178,288,1440.0,100.0,85.29,89.24,2024-06-26T11:35:00-05:00,78.98,2024-06-26T09:20:00-05:00,75.69,78.23,69.49,73.24,80.00,60.00,1010.80,1013.00,1008.30,5.31,9.40,0.00,15.21,2024-06-26T23:15:00-05:00,250.7,WSW,WSW,0.1249,0.1249,40.0,546,10.70,1.24,2.610,5.00
2024-06-27,2024,6,27,179,288,1440.0,100.0,82.83,86.90,2024-06-27T13:55:00-05:00,75.74,2024-06-27T03:50:00-05:00,74.35,77.01,69.05,75.80,89.00,66.00,1008.28,1009.50,1007.00,5.56,12.97,0.00,29.53,2024-06-27T03:00:00-05:00,243.8,WSW,WSW,1.2335,1.2335,255.0,571,7.91,0.00,2.600,5.00
2024-06-28,2024,6,28,180,288,1440.0,100.0,82.92,86.36,2024-06-28T14:15:00-05:00,75.74,2024-06-28T05:35:00-05:00,75.91,78.65,72.06,79.56,90.00,72.00,1010.97,1013.60,1008.50,5.62,14.54,0.00,34.45,2024-06-28T06:40:00-05:00,234.0,SW,SW,0.9255,0.9255,265.0,375,9.74,0.62,2.600,5.00
2024-06-29,2024,6,29,181,288,1440.0,100.0,85.53,88.52,2024-06-29T15:55:00-05:00,79.70,2024-06-29T00:05:00-05:00,77.48,78.93,74.37,77.09,86.00,70.00,1016.56,1019.10,1012.90,4.75,19.68,0.00,82.99,2024-06-29T03:15:00-05:00,219.1,SW,SW,0.4200,0.4200,65.0,1,4.35,4.35,2.600,5.00
2024-06-30,2024,6,30,182,288,1440.0,100.0,84.16,92.84,2024-06-30T11:45:00-05:00,74.84,2024-06-30T15:00:00-05:00,76.76,81.10,71.05,78.84,92.00,63.00,1017.79,1019.50,1015.50,3.86,15.43,0.00,45.19,2024-06-30T14:40:00-05:00,303.8,NW,NNW,2.1508,2.1508,270.0,2342,4.96,0.62,2.600,5.00
2024-07-01,2024,7,1,183,288,1440.0,100.0,85.51,92.84,2024-07-01T17:00:00-05:00,79.34,2024-07-01T06:55:00-05:00,77.21,81.61,73.97,76.70,87.00,61.00,1013.21,1015.50,1011.50,6.82,14.09,0.00,19.91,2024-07-01T09:50:00-05:00,5.2,N,NNE,0.0000,0.0000,0.0,0,,,2.630,5.00
2024-07-02,2024,7,2,184,288,1440.0,100.0,86.26,88.16,2024-07-02T12:55:00-05:00,84.20,2024-07-02T06:20:00-05:00,78.34,81.46,75.47,77.39,83.00,70.00,1013.18,1014.80,1010.60,6.68,11.18,0.00,16.11,2024-07-02T07:05:00-05:00,130.9,SE,S,0.0000,0.0000,0.0,52,11.95,3.11,2.610,5.00
2024-07-03,2024,7,3,185,288,1440.0,100.0,84.06,86.00,2024-07-03T00:00:00-05:00,79.52,2024-07-03T10:40:00-05:00,77.15,79.33,74.42,79.89,88.00,74.00,1015.29,1017.50,1013.60,5.28,9.62,0.00,16.11,2024-07-03T04:35:00-05:00,200.6,SSW,SSW,0.1369,0.1369,75.0,38,4.73,1.86,2.600,5.00
2024-07-04,2024,7,4,186,288,1440.0,100.0,85.50,88.52,2024-07-04T14:45:00-05:00,78.98,2024-07-04T07:05:00-05:00,76.84,78.64,74.08,75.62,88.00,64.00,1013.96,1015.60,1012.00,4.13,31.09,0.00,46.08,2024-07-04T07:15:00-05:00,225.7,SW,SW,0.3702,0.3702,110.0,16,7.42,3.11,2.600,5.00
2024-07-05,2024,7,5,187,288,1440.0,100.0,84.64,89.60,2024-07-05T12:15:00-05:00,79.70,2024-07-05T19:55:00-05:00,76.78,79.51,71.46,77.55,88.00,68.00,1011.95,1013.50,1009.90,4.41,22.37,0.00,30.65,2024-07-05T19:35:00-05:00,263.0,W,WSW,0.5667,0.5667,240.0,542,8.02,0.00,2.600,5.00
2024-07-06,2024,7,6,188,288,1440.0,100.0,84.17,89.42,2024-07-06T11:20:00-05:00,77.72,2024-07-06T05:20:00-05:00,75.53,78.19,71.53,75.60,88.00,64.00,1012.37,1014.00,1011.30,3.96,9.40,0.00,12.75,2024-07-06T04:30:00-05:00,341.3,NNW,N,0.0000,0.0000,0.0,0,,,2.600,5.00
2024-07-07,2024,7,7,189,288,1440.0,100.0,86.61,88.52,2024-07-07T11:40:00-05:00,83.48,2024-07-07T05:50:00-05:00,77.12,79.46,74.57,73.61,84.00,65.00,1012.89,1014.10,1011.60,4.10,8.50,0.00,12.75,2024-07-07T17:20:00-05:00,204.2,SSW,SSW,0.0000,0.0000,0.0,0,,,2.610,5.00
2024-07-08,2024,7,8,190,287,1435.0,99.7,85.97,88.88,2024-07-08T13:30:00-05:00,79.16,2024-07-08T16:55:00-05:00,76.70,79.06,70.11,74.05,89.00,68.00,1013.63,1015.00,1012.10,7.06,13.87,0.00,25.72,2024-07-08T18:40:00-05:00,178.9,S,S,0.3201,0.3201,80.0,588,11.35,1.86,2.610,5.00
2024-07-09,2024,7,9,191,288,1440.0,100.0,85.69,87.98,2024-07-09T13:35:00-05:00,81.32,2024-07-09T15:35:00-05:00,77.40,79.84,72.22,76.42,84.00,69.00,1013.08,1014.00,1012.10,8.44,12.75,0.00,20.13,2024-07-09T04:00:00-05:00,232.0,SW,SW,0.0838,0.0838,490.0,20,5.37,2.49,2.600,5.00
2024-07-10,2024,7,10,192,288,1440.0,100.0,81.69,87.26,2024-07-10T16:25:00-05:00,76.28,2024-07-10T08:20:00-05:00,74.20,78.47,69.86,78.59,92.00,64.00,1014.20,1015.90,1012.20,3.61,11.18,0.00,38.25,2024-07-10T07:40:00-05:00,280.8,W,NNW,2.5553,2.5553,495.0,2952,8.07,0.62,2.590,5.00
2024-07-11,2024,7,11,193,288,1440.0,100.0,84.15,88.88,2024-07-11T12:50:00-05:00,79.70,2024-07-11T06:05:00-05:00,74.21,76.20,72.34,72.50,85.00,60.00,1015.03,1016.40,1014.00,3.48,7.16,0.00,10.96,2024-07-11T07:30:00-05:00,308.4,NW,NNW,0.0000,0.0000,0.0,0,,,2.610,5.00
2024-07-12,2024,7,12,194,288,1440.0,100.0,85.37,92.12,2024-07-12T11:40:00-05:00,81.68,2024-07-12T05:50:00-05:00,75.57,78.69,70.99,72.78,82.00,60.00,1017.01,1018.90,1014.80,3.12,8.28,0.00,13.42,2024-07-12T12:10:00-05:00,285.6,WNW,WSW,0.0000,0.0000,0.0,121,11.59,3.11,2.610,5.00
2024-07-13,2024,7,13,195,288,1440.0,100.0,86.17,90.68,2024-07-13T11:05:00-05:00,80.78,2024-07-13T06:35:00-05:00,76.84,78.71,73.55,73.92,83.00,65.00,1019.41,1021.00,1017.50,3.68,7.16,0.00,10.74,2024-07-13T05:40:00-05:00,241.8,WSW,WSW,0.0374,0.0374,20.0,666,12.85,0.62,2.600,5.00
2024-07-14,2024,7,14,196,288,1440.0,100.0,85.36,90.50,2024-07-14T12:40:00-05:00,81.68,2024-07-14T23:25:00-05:00,76.41,78.79,71.77,74.81,83.00,62.00,1018.17,1020.10,1016.50,3.86,9.84,0.00,14.09,2024-07-14T14:15:00-05:00,234.6,SW,WSW,0.0000,0.0000,0.0,1602,10.42,3.73,2.600,5.00
2024-07-15,2024,7,15,197,288,1440.0,100.0,84.04,86.90,2024-07-15T13:00:00-05:00,79.52,2024-07-15T04:20:00-05:00,74.72,77.81,71.72,73.70,80.00,68.00,1016.02,1018.30,1013.80,3.63,8.28,0.00,12.97,2024-07-15T03:30:00-05:00,301.4,WNW,N,0.0000,0.0000,0.0,28,8.63,4.35,2.610,5.00
2024-07-16,2024,7,16,198,288,1440.0,100.0,87.09,91.76,2024-07-16T09:45:00-05:00,82.76,2024-07-16T06:10:00-05:00,76.48,78.34,74.38,71.00,80.00,62.00,1015.14,1016.30,1014.20,3.85,9.84,0.00,14.99,2024-07-16T23:20:00-05:00,238.7,WSW,SW,0.0000,0.0000,0.0,637,16.84,1.86,2.610,5.00
2024-07-17,2024,7,17,199,287,1435.0,99.7,85.28,92.84,2024-07-17T12:00:00-05:00,78.62,2024-07-17T17:05:00-05:00,75.69,79.00,71.94,73.32,85.00,60.00,1015.24,1016.90,1013.90,5.17,17.00,0.00,23.04,2024-07-17T20:10:00-05:00,227.0,SW,SW,0.2206,0.2206,130.0,1061,11.93,0.62,2.600,5.00
2024-07-18,2024,7,18,200,287,1435.0,99.7,83.35,85.64,2024-07-18T15:10:00-05:00,80.24,2024-07-18T21:55:00-05:00,75.74,77.40,73.01,78.07,86.00,68.00,1015.12,1016.70,1013.80,5.12,12.53,0.00,17.22,2024-07-18T17:00:00-05:00,222.7,SW,WSW,0.0000,0.0000,0.0,147,12.95,0.00,2.600,5.00
2024-07-19,2024,7,19,201,287,1435.0,99.7,80.81,84.20,2024-07-19T22:35:00-05:00,76.10,2024-07-19T06:55:00-05:00,74.19,77.07,69.99,80.43,90.00,71.00,1015.18,1017.50,1013.70,5.21,13.20,0.00,21.47,2024-07-19T12:00:00-05:00,187.7,S,SSW,1.3847,1.3847,420.0,1877,10.24,0.00,2.590,5.00
2024-07-20,2024,7,20,202,287,1435.0,99.7,84.04,87.62,2024-07-20T13:35:00-05:00,78.62,2024-07-20T11:30:00-05:00,76.07,78.66,71.84,77.16,87.00,67.00,1015.57,1017.20,1014.00,5.95,14.54,0.00,20.13,2024-07-20T02:05:00-05:00,214.3,SW,SW,0.2749,0.2749,55.0,1732,9.62,2.49,2.600,5.00
2024-07-21,2024,7,21,203,287,1435.0,99.7,81.29,84.20,2024-07-21T01:05:00-05:00,76.82,2024-07-21T09:45:00-05:00,74.40,77.21,71.26,79.73,89.00,71.00,1015.55,1016.90,1013.40,4.50,21.47,0.00,32.44,2024-07-21T12:00:00-05:00,221.3,SW,SW,0.0793,0.0793,85.0,2025,11.88,4.35,2.600,5.00
2024-07-22,2024,7,22,204,288,1440.0,100.0,84.24,87.62,2024-07-22T10:15:00-05:00,81.14,2024-07-22T00:00:00-05:00,75.25,77.72,73.77,74.60,84.00,67.00,1015.19,1016.40,1013.90,3.53,9.62,0.00,12.30,2024-07-22T00:00:00-05:00,224.1,SW,WSW,0.0000,0.0000,0.0,0,,,2.640,5.00
2024-07-23,2024,7,23,205,287,1435.0,99.7,84.60,87.08,2024-07-23T13:45:00-05:00,78.26,2024-07-23T23:00:00-05:00,76.15,78.12,72.01,76.01,88.00,65.00,1016.75,1018.80,1015.30,5.74,16.33,0.00,26.40,2024-07-23T21:00:00-05:00,197.4,SSW,SSW,0.0768,0.0768,110.0,384,12.81,1.86,2.610,5.00
2024-07-24,2024,7,24,206,288,1440.0,100.0,83.36,87.80,2024-07-24T12:10:00-05:00,77.36,2024-07-24T22:50:00-05:00,75.46,77.96,70.94,77.46,92.00,64.00,1018.41,1020.00,1017.50,4.08,19.24,0.00,36.91,2024-07-24T00:25:00-05:00,271.0,W,WSW,0.3563,0.3563,25.0,86,7.49,0.62,2.600,5.00
2024-07-25,2024,7,25,207,288,1440.0,100.0,84.10,91.22,2024-07-25T16:00:00-05:00,78.44,2024-07-25T00:10:00-05:00,75.44,78.59,72.18,75.70,90.00,61.00,1018.66,1019.90,1017.20,3.36,8.28,0.00,13.87,2024-07-25T16:10:00-05:00,58.4,ENE,NE,0.0000,0.0000,0.0,121,18.57,4.35,2.610,5.00
2024-07-26,2024,7,26,208,287,1435.0,99.7,82.18,88.34,2024-07-26T12:25:00-05:00,78.98,2024-07-26T23:30:00-05:00,75.18,77.78,72.93,79.56,89.00,69.00,1015.91,1018.30,1014.00,4.72,19.46,0.00,24.83,2024-07-26T13:00:00-05:00,108.7,ESE,ENE,0.3141,0.3141,215.0,102,10.55,0.00,2.610,5.00
2024-07-27,2024,7,27,209,288,1440.0,100.0,85.26,89.42,2024-07-27T13:40:00-05:00,78.98,2024-07-27T00:00:00-05:00,76.50,78.19,71.08,75.39,89.00,62.00,1014.66,1016.00,1013.10,4.63,11.41,0.00,16.78,2024-07-27T09:05:00-05:00,201.6,SSW,SSW,0.0784,0.0784,20.0,665,12.83,3.11,2.600,5.00
2024-07-28,2024,7,28,210,287,1435.0,99.7,87.16,90.14,2024-07-28T10:35:00-05:00,84.92,2024-07-28T05:05:00-05:00,77.27,79.28,75.34,72.67,79.00,62.00,1016.38,1018.00,1015.10,3.90,8.72,0.00,11.86,2024-07-28T01:45:00-05:00,213.2,SSW,SW,0.0000,0.0000,0.0,12,6.11,3.11,2.610,5.00
2024-07-29,2024,7,29,211,287,1435.0,99.7,87.98,93.20,2024-07-29T12:15:00-05:00,85.28,2024-07-29T05:55:00-05:00,78.09,80.51,74.21,72.79,81.00,60.00,1016.48,1018.20,1014.60,3.69,6.49,0.00,10.29,2024-07-29T14:45:00-05:00,250.5,WSW,WSW,0.0082,0.0082,15.0,102,13.59,1.86,2.610,5.00
2024-07-30,2024,7,30,212,287,1435.0,99.7,88.06,94.64,2024-07-30T12:05:00-05:00,85.10,2024-07-30T06:30:00-05:00,78.13,79.63,75.23,72.74,80.00,58.00,1015.38,1017.20,1013.70,4.16,6.71,0.00,13.42,2024-07-30T06:45:00-05:00,272.2,W,WSW,0.0000,0.0000,0.0,481,16.00,3.11,2.610,5.00
2024-07-31,2024,7,31,213,286,1430.0,99.3,88.56,94.10,2024-07-31T11:35:00-05:00,85.28,2024-07-31T06:45:00-05:00,78.96,80.21,76.55,73.57,84.00,62.00,1016.21,1017.50,1014.70,3.24,7.16,0.00,12.75,2024-07-31T06:15:00-05:00,271.6,W,WSW,0.0000,0.0000,0.0,93,9.86,2.49,2.600,5.00
2024-08-01,2024,8,1,214,287,1435.0,99.7,88.54,94.28,2024-08-01T12:10:00-05:00,85.46,2024-08-01T06:35:00-05:00,77.95,80.32,75.16,71.18,79.00,59.00,1017.63,1019.90,1015.80,3.18,8.28,0.00,13.20,2024-08-01T08:05:00-05:00,255.5,WSW,WSW,0.0000,0.0000,0.0,13,4.06,1.86,2.610,5.00
2024-08-02,2024,8,2,215,287,1435.0,99.7,90.29,97.34,2024-08-02T13:35:00-05:00,86.18,2024-08-02T06:20:00-05:00,79.32,82.54,77.74,70.57,83.00,56.00,1015.46,1017.70,1012.80,3.95,6.71,0.00,13.42,2024-08-02T08:20:00-05:00,264.3,W,WSW,0.0000,0.0000,0.0,50,14.39,4.35,2.610,5.00
2024-08-03,2024,8,3,216,287,1435.0,99.7,88.83,95.18,2024-08-03T13:05:00-05:00,83.12,2024-08-03T22:40:00-05:00,78.15,81.17,70.79,71.16,85.00,57.00,1011.68,1013.90,1009.60,3.82,12.30,0.00,18.12,2024-08-03T23:00:00-05:00,260.1,W,NNW,0.2633,0.2633,50.0,1471,13.56,0.00,2.610,5.00
2024-08-04,2024,8,4,217,287,1435.0,99.7,86.27,91.58,2024-08-04T18:15:00-05:00,82.58,2024-08-04T01:15:00-05:00,76.23,78.95,72.64,72.38,84.00,61.00,1010.59,1011.80,1009.50,4.47,10.51,0.00,19.24,2024-08-04T20:30:00-05:00,39.4,NE,NE,0.0482,0.0482,15.0,232,7.50,0.62,2.610,5.00
2024-08-05,2024,8,5,218,288,1440.0,100.0,87.28,92.30,2024-08-05T16:35:00-05:00,81.50,2024-08-05T07:20:00-05:00,75.04,77.74,72.57,67.48,81.00,57.00,1011.93,1013.50,1010.30,6.45,10.07,0.00,17.45,2024-08-05T02:40:00-05:00,24.7,NNE,NNE,0.0000,0.0000,0.0,0,,,2.610,5.00
2024-08-06,2024,8,6,219,287,1435.0,99.7,90.92,97.88,2024-08-06T14:05:00-05:00,85.10,2024-08-06T05:40:00-05:00,77.39,81.76,74.57,65.10,78.00,51.00,1011.75,1013.90,1009.40,4.29,6.26,0.00,11.86,2024-08-06T15:30:00-05:00,331.9,NNW,NNW,0.0000,0.0000,0.0,0,,,2.610,5.00
2024-08-07,2024,8,7,220,287,1435.0,99.7,90.37,97.70,2024-08-07T15:15:00-05:00,84.38,2024-08-07T06:20:00-05:00,74.99,79.55,72.06,61.32,72.00,46.00,1007.93,1010.20,1005.10,4.95,8.72,0.00,17.45,2024-08-07T10:45:00-05:00,338.6,NNW,NNW,0.0000,0.0000,0.0,0,,,2.610,5.00
2024-08-08,2024,8,8,221,287,1435.0,99.7,88.13,95.00,2024-08-08T16:10:00-05:00,82.40,2024-08-08T06:40:00-05:00,75.30,80.04,68.54,66.27,77.00,44.00,1006.29,1008.70,1004.90,5.57,13.42,0.00,19.68,2024-08-08T17:45:00-05:00,339.8,NNW,NNW,0.0000,0.0000,0.0,0,,,2.620,5.00
2024-08-09,2024,8,9,222,287,1435.0,99.7,84.97,88.88,2024-08-09T15:20:00-05:00,78.98,2024-08-09T06:15:00-05:00,75.19,79.00,72.12,72.73,83.00,65.00,1010.66,1013.30,1008.20,5.09,13.20,0.00,22.15,2024-08-09T21:35:00-05:00,332.6,NNW,WSW,0.2382,0.2382,50.0,0,,,2.610,5.00
2024-08-10,2024,8,10,223,287,1435.0,99.7,86.38,93.92,2024-08-10T16:00:00-05:00,81.32,2024-08-10T06:25:00-05:00,74.34,78.58,71.72,67.74,76.00,55.00,1014.59,1016.40,1012.80,5.53,11.41,0.00,16.55,2024-08-10T03:05:00-05:00,8.3,N,NNE,0.0000,0.0000,0.0,1,4.97,4.97,2.610,5.00
2024-08-11,2024,8,11,224,287,1435.0,99.7,86.31,90.32,2024-08-11T13:10:00-05:00,81.68,2024-08-11T04:30:00-05:00,73.84,76.45,70.46,66.70,77.00,55.00,1015.41,1016.70,1014.10,4.56,8.28,0.00,12.75,2024-08-11T04:55:00-05:00,3.6,N,WSW,0.0000,0.0000,0.0,0,,,2.610,5.00
2024-08-12,2024,8,12,225,287,1435.0,99.7,87.58,93.38,2024-08-12T12:40:00-05:00,83.48,2024-08-12T04:50:00-05:00,74.85,77.71,71.04,66.41,81.00,53.00,1015.06,1017.00,1013.80,3.75,7.16,0.00,11.41,2024-08-12T09:25:00-05:00,320.7,NW,WSW,0.0000,0.0000,0.0,0,,,2.620,5.00
2024-08-13,2024,8,13,226,287,1435.0,99.7,87.32,94.64,2024-08-13T11:35:00-05:00,77.54,2024-08-13T17:25:00-05:00,76.13,78.77,70.21,69.89,86.00,57.00,1015.23,1016.90,1013.90,3.36,14.09,0.00,27.07,2024-08-13T16:55:00-05:00,307.6,NW,NNW,0.1318,0.1318,110.0,643,10.51,1.24,2.620,5.00
2024-08-14,2024,8,14,227,287,1435.0,99.7,86.01,92.66,2024-08-14T15:00:00-05:00,80.42,2024-08-14T17:25:00-05:00,77.05,80.24,69.09,75.01,85.00,59.00,1014.73,1016.10,1013.30,3.51,14.54,0.00,25.05,2024-08-14T17:05:00-05:00,347.6,NNW,N,0.0149,0.0149,45.0,1269,17.75,3.73,2.610,5.00
2024-08-15,2024,8,15,228,287,1435.0,99.7,85.93,91.22,2024-08-15T14:15:00-05:00,80.96,2024-08-15T01:15:00-05:00,76.51,79.29,73.00,73.85,84.00,56.00,1013.91,1015.30,1012.30,5.03,8.28,0.00,11.63,2024-08-15T13:55:00-05:00,56.3,ENE,NNE,0.0000,0.0000,0.0,28,15.36,1.86,2.610,5.00
2024-08-16,2024,8,16,229,287,1435.0,99.7,86.71,88.88,2024-08-16T13:00:00-05:00,83.12,2024-08-16T07:15:00-05:00,76.91,79.91,74.32,72.85,86.00,64.00,1014.70,1016.40,1013.10,5.02,12.08,0.00,15.21,2024-08-16T17:10:00-05:00,173.0,S,S,0.0516,0.0516,20.0,339,14.60,1.86,2.610,5.00
2024-08-17,2024,8,17,230,287,1435.0,99.7,86.20,90.32,2024-08-17T10:30:00-05:00,76.82,2024-08-17T18:30:00-05:00,74.36,76.73,71.26,68.22,86.00,57.00,1014.37,1016.40,1012.10,4.02,16.78,0.00,27.96,2024-08-17T17:55:00-05:00,205.2,SSW,SSW,0.0525,0.0525,95.0,130,13.89,3.73,2.620,5.00
2024-08-18,2024,8,18,231,287,1435.0,99.7,88.01,93.56,2024-08-18T13:05:00-05:00,82.22,2024-08-18T06:40:00-05:00,77.78,80.85,72.98,72.01,85.00,61.00,1012.56,1014.70,1010.50,4.14,6.71,0.00,12.53,2024-08-18T20:45:00-05:00,270.2,W,WSW,0.0000,0.0000,0.0,0,,,2.600,5.00
2024-08-19,2024,8,19,232,287,1435.0,99.7,88.67,93.92,2024-08-19T15:15:00-05:00,81.68,2024-08-19T07:25:00-05:00,74.02,82.29,69.20,63.15,82.00,45.00,1010.99,1013.10,1009.00,6.39,11.86,0.00,16.55,2024-08-19T08:40:00-05:00,343.0,NNW,NNW,0.0000,0.0000,0.0,0,,,2.610,5.00
2024-08-20,2024,8,20,233,287,1435.0,99.7,84.65,90.50,2024-08-20T16:45:00-05:00,79.34,2024-08-20T06:30:00-05:00,69.83,74.30,66.36,61.60,73.00,48.00,1012.93,1014.70,1011.60,5.73,10.74,0.00,16.55,2024-08-20T07:50:00-05:00,18.9,NNE,NNE,0.0000,0.0000,0.0,0,,,2.610,5.00
2024-08-21,2024,8,21,234,287,1435.0,99.7,84.39,90.32,2024-08-21T16:35:00-05:00,79.88,2024-08-21T06:35:00-05:00,68.55,73.78,63.35,59.69,75.00,44.00,1014.25,1015.80,1013.10,4.90,11.18,0.00,15.88,2024-08-21T05:45:00-05:00,21.8,NNE,NNE,0.0000,0.0000,0.0,0,,,2.620,5.00
2024-08-22,2024,8,22,235,287,1435.0,99.7,83.51,93.20,2024-08-22T16:20:00-05:00,79.52,2024-08-22T05:55:00-05:00,70.97,76.91,65.12,66.63,75.00,43.00,1014.97,1016.40,1013.20,6.21,9.84,0.00,16.78,2024-08-22T21:30:00-05:00,34.7,NE,NE,0.0000,0.0000,0.0,2,4.35,4.35,2.620,5.00
2024-08-23,2024,8,23,236,287,1435.0,99.7,82.42,88.16,2024-08-23T17:10:00-05:00,77.18,2024-08-23T05:30:00-05:00,69.45,73.73,63.11,66.10,84.00,46.00,1017.34,1019.10,1015.60,6.40,8.95,0.00,20.36,2024-08-23T10:25:00-05:00,67.3,ENE,ENE,0.0000,0.0000,0.0,2,4.35,4.35,2.620,5.00
2024-08-24,2024,8,24,237,287,1435.0,99.7,81.91,84.74,2024-08-24T15:05:00-05:00,77.36,2024-08-24T05:55:00-05:00,71.36,74.37,64.62,70.69,80.00,55.00,1017.42,1019.30,1016.20,6.18,9.40,0.00,15.21,2024-08-24T08:45:00-05:00,90.3,E,ENE,0.0000,0.0000,0.0,11,5.42,4.35,2.620,5.00
2024-08-25,2024,8,25,238,287,1435.0,99.7,82.30,85.28,2024-08-25T16:00:00-05:00,78.44,2024-08-25T10:45:00-05:00,73.44,75.12,67.52,74.81,88.00,66.00,1017.98,1019.90,1016.10,4.83,9.40,0.00,14.09,2024-08-25T08:00:00-05:00,112.1,ESE,SSE,0.0442,0.0442,50.0,155,8.37,1.86,2.600,5.00
2024-08-26,2024,8,26,239,287,1435.0,99.7,83.65,87.26,2024-08-26T12:25:00-05:00,79.70,2024-08-26T05:50:00-05:00,75.42,77.25,72.98,76.52,88.00,65.00,1017.99,1019.60,1016.50,4.86,8.05,0.00,13.87,2024-08-26T11:05:00-05:00,74.1,ENE,NE,0.0000,0.0000,0.0,0,,,2.620,5.00
2024-08-27,2024,8,27,240,287,1435.0,99.7,84.40,88.52,2024-08-27T12:50:00-05:00,81.50,2024-08-27T05:40:00-05:00,76.43,79.17,74.53,77.18,84.00,66.00,1016.38,1017.80,1015.10,4.90,8.72,0.00,14.54,2024-08-27T11:20:00-05:00,63.3,ENE,NE,0.0000,0.0000,0.0,460,18.15,1.24,2.610,5.00
2024-08-28,2024,8,28,241,287,1435.0,99.7,84.59,87.80,2024-08-28T13:25:00-05:00,80.24,2024-08-28T23:35:00-05:00,76.78,78.93,70.24,77.63,86.00,65.00,1016.25,1017.40,1015.00,5.15,17.45,0.00,27.51,2024-08-28T14:50:00-05:00,150.9,SSE,S,0.1537,0.1537,60.0,134,8.01,0.62,2.620,5.00
2024-08-29,2024,8,29,242,288,1440.0,100.0,84.29,86.54,2024-08-29T12:05:00-05:00,81.68,2024-08-29T00:00:00-05:00,77.11,79.20,72.59,79.20,87.00,71.00,1016.46,1018.20,1014.70,7.17,22.59,0.00,30.42,2024-08-29T15:50:00-05:00,143.2,SE,SE,0.0002,0.0002,30.0,490,13.41,3.73,2.610,5.00
2024-08-30,2024,8,30,243,287,1435.0,99.7,82.23,84.74,2024-08-30T00:05:00-05:00,77.36,2024-08-30T09:00:00-05:00,76.03,78.14,72.12,81.69,90.00,75.00,1016.01,1017.90,1014.80,5.89,14.76,0.00,28.86,2024-08-30T11:00:00-05:00,141.4,SE,SSE,1.1930,1.1930,265.0,143,8.06,0.62,2.600,5.00
2024-08-31,2024,8,31,244,287,1435.0,99.7,81.18,83.84,2024-08-31T00:05:00-05:00,77.72,2024-08-31T11:20:00-05:00,75.07,77.79,70.15,81.84,89.00,71.00,1014.44,1016.60,1012.90,3.93,16.78,0.00,29.30,2024-08-31T10:40:00-05:00,97.1,E,ENE,0.2634,0.2634,325.0,5,2.86,1.86,2.590,5.00
2024-09-01,2024,9,1,245,287,1435.0,99.7,82.82,86.18,2024-09-01T11:40:00-05:00,81.32,2024-09-01T04:00:00-05:00,75.17,76.80,73.69,77.91,84.00,67.00,1012.75,1014.10,1010.90,4.26,9.40,0.00,14.99,2024-09-01T13:30:00-05:00,40.0,NE,NE,0.0000,0.0000,0.0,0,,,2.620,5.00
2024-09-02,2024,9,2,246,286,1430.0,99.3,84.22,90.86,2024-09-02T14:15:00-05:00,79.88,2024-09-02T04:30:00-05:00,75.67,78.17,70.43,75.91,84.00,54.00,1012.08,1013.40,1010.60,4.08,8.50,0.00,12.97,2024-09-02T06:30:00-05:00,354.0,N,NNE,0.0000,0.0000,0.0,0,,,2.620,5.00
2024-09-03,2024,9,3,247,287,1435.0,99.7,84.85,88.88,2024-09-03T14:05:00-05:00,80.78,2024-09-03T23:50:00-05:00,76.60,79.51,73.90,76.59,88.00,66.00,1013.27,1015.50,1011.70,4.53,9.17,0.00,15.66,2024-09-03T21:00:00-05:00,81.8,E,NE,0.0000,0.0000,0.0,6,12.12,3.11,2.620,5.00
2024-09-04,2024,9,4,248,287,1435.0,99.7,80.41,82.22,2024-09-04T13:00:00-05:00,78.08,2024-09-04T22:45:00-05:00,74.29,77.60,72.29,81.80,90.00,74.00,1015.69,1017.50,1013.80,6.95,12.75,0.22,22.59,2024-09-04T03:40:00-05:00,82.9,E,ENE,0.5577,0.5577,370.0,24,10.30,1.86,2.610,5.00
2024-09-05,2024,9,5,249,288,1440.0,100.0,79.17,80.78,2024-09-05T15:15:00-05:00,75.92,2024-09-05T01:05:00-05:00,72.87,74.73,71.53,81.20,92.00,75.00,1015.46,1017.10,1014.40,6.57,21.25,0.22,40.49,2024-09-05T00:50:00-05:00,64.9,ENE,ENE,1.1195,1.1195,665.0,3,3.94,3.73,2.590,5.00
2024-09-06,2024,9,6,250,288,1440.0,100.0,77.26,79.34,2024-09-06T00:00:00-05:00,74.48,2024-09-06T21:00:00-05:00,72.34,74.26,69.49,84.86,87.00,79.00,1011.92,1014.30,1010.60,8.76,46.98,0.22,92.16,2024-09-06T18:05:00-05:00,39.7,NE,ENE,2.0337,2.0337,790.0,0,,,2.590,5.00
2024-09-07,2024,9,7,251,288,1440.0,100.0,76.65,78.44,2024-09-07T17:50:00-05:00,74.66,2024-09-07T09:00:00-05:00,70.24,72.67,67.74,80.79,88.00,71.00,1010.48,1012.00,1009.10,7.89,16.55,0.00,29.30,2024-09-07T09:10:00-05:00,40.5,NE,NE,0.3885,0.3885,260.0,0,,,2.570,5.00
2024-09-08,2024,9,8,252,287,1435.0,99.7,78.14,82.22,2024-09-08T16:05:00-05:00,73.94,2024-09-08T07:25:00-05:00,69.49,73.33,65.90,74.87,80.00,65.00,1012.07,1013.90,1010.10,6.98,16.78,0.00,25.28,2024-09-08T09:25:00-05:00,52.9,NE,NE,0.0000,0.0000,0.0,0,,,2.590,5.00
2024-09-09,2024,9,9,253,287,1435.0,99.7,77.46,79.34,2024-09-09T19:40:00-05:00,75.20,2024-09-09T12:05:00-05:00,71.43,72.85,70.37,81.78,88.00,77.00,1014.31,1015.60,1012.60,6.55,13.20,0.00,34.90,2024-09-09T11:55:00-05:00,57.4,ENE,NE,0.5655,0.5655,140.0,7,6.92,3.11,2.610,5.00
2024-09-10,2024,9,10,254,287,1435.0,99.7,76.13,77.72,2024-09-10T00:05:00-05:00,75.02,2024-09-10T09:35:00-05:00,70.89,71.78,67.98,83.91,88.00,76.00,1013.33,1014.70,1012.20,8.62,27.74,0.00,62.19,2024-09-10T18:20:00-05:00,52.5,NE,ENE,2.0315,2.0315,1005.0,2,4.97,4.97,2.570,5.00
2024-09-11,2024,9,11,255,288,1440.0,100.0,75.37,80.96,2024-09-11T23:30:00-05:00,73.04,2024-09-11T19:25:00-05:00,69.82,75.49,67.15,83.01,88.00,77.00,1008.84,1012.10,1003.20,8.62,19.24,0.22,33.33,2024-09-11T23:45:00-05:00,83.3,E,ENE,1.3188,1.3188,835.0,24,6.60,3.73,2.550,5.00
2024-09-12,2024,9,12,256,288,1440.0,100.0,80.50,83.12,2024-09-12T03:50:00-05:00,77.00,2024-09-12T00:20:00-05:00,72.47,75.79,69.49,76.72,91.00,69.00,1005.78,1009.30,1001.30,11.69,31.32,0.00,59.06,2024-09-12T00:15:00-05:00,162.6,SSE,WSW,0.3883,0.3883,585.0,0,,,2.520,5.00
2024-09-13,2024,9,13,257,286,1430.0,99.3,80.95,86.36,2024-09-13T12:20:00-05:00,77.72,2024-09-13T05:15:00-05:00,72.57,74.59,69.32,76.02,86.00,59.00,1009.65,1011.30,1008.50,3.11,6.26,0.00,19.68,2024-09-13T05:20:00-05:00,261.5,W,WSW,0.1028,0.1028,50.0,36,5.30,0.00,2.620,5.00
2024-09-14,2024,9,14,258,287,1435.0,99.7,81.35,85.28,2024-09-14T13:20:00-05:00,76.28,2024-09-14T06:35:00-05:00,71.57,74.25,69.70,72.52,83.00,63.00,1010.52,1012.20,1009.50,3.12,8.95,0.00,13.42,2024-09-14T21:55:00-05:00,295.2,WNW,WSW,0.0000,0.0000,0.0,0,,,2.610,5.00
2024-09-15,2024,9,15,259,287,1435.0,99.7,80.40,82.04,2024-09-15T09:35:00-05:00,78.44,2024-09-15T23:35:00-05:00,73.18,75.30,70.57,78.76,85.00,69.00,1010.33,1011.40,1009.10,4.73,10.07,0.00,17.00,2024-09-15T05:40:00-05:00,221.2,SW,SW,0.0378,0.0378,10.0,204,15.92,0.00,2.620,5.00
2024-09-16,2024,9,16,260,287,1435.0,99.7,80.16,84.38,2024-09-16T08:35:00-05:00,77.36,2024-09-16T22:50:00-05:00,73.57,75.30,71.25,80.44,86.00,70.00,1011.47,1012.80,1010.40,4.69,15.88,0.00,20.58,2024-09-16T14:05:00-05:00,158.1,SSE,N,0.0148,0.0148,15.0,190,9.77,1.86,2.620,5.00
2024-09-17,2024,9,17,261,287,1435.0,99.7,80.33,87.44,2024-09-17T14:00:00-05:00,77.36,2024-09-17T04:35:00-05:00,72.30,74.07,70.28,76.79,85.00,61.00,1011.62,1013.20,1010.40,2.83,9.17,0.00,12.75,2024-09-17T03:10:00-05:00,176.8,S,SSW,0.0000,0.0000,0.0,92,10.27,3.11,2.620,5.00
2024-09-18,2024,9,18,262,287,1435.0,99.7,81.41,86.00,2024-09-18T11:40:00-05:00,78.08,2024-09-18T06:30:00-05:00,73.40,74.78,71.44,77.01,87.00,65.00,1010.96,1012.30,1009.50,2.79,6.49,0.00,8.72,2024-09-18T07:50:00-05:00,319.8,NW,NNE,0.0000,0.0000,0.0,0,,,2.620,5.00
2024-09-19,2024,9,19,263,287,1435.0,99.7,83.09,87.62,2024-09-19T14:35:00-05:00,79.16,2024-09-19T07:15:00-05:00,74.21,76.77,67.48,74.94,86.00,56.00,1010.60,1012.10,1009.20,2.26,6.93,0.00,10.96,2024-09-19T13:10:00-05:00,327.9,NNW,NNW,0.0000,0.0000,0.0,0,,,2.620,5.00
2024-09-20,2024,9,20,264,287,1435.0,99.7,83.26,88.88,2024-09-20T17:00:00-05:00,80.06,2024-09-20T05:20:00-05:00,70.72,75.63,65.20,66.83,86.00,49.00,1010.28,1011.70,1009.10,3.39,7.83,0.00,11.86,2024-09-20T09:45:00-05:00,22.4,NNE,NNE,0.0000,0.0000,0.0,0,,,2.620,5.00
2024-09-21,2024,9,21,265,287,1435.0,99.7,83.45,87.62,2024-09-21T12:40:00-05:00,80.24,2024-09-21T03:40:00-05:00,72.97,75.29,69.30,71.03,81.00,55.00,1011.69,1013.00,1010.60,5.34,8.50,0.00,13.65,2024-09-21T12:25:00-05:00,102.3,ESE,NE,0.0000,0.0000,0.0,0,,,2.620,5.00
2024-09-22,2024,9,22,266,287,1435.0,99.7,83.15,86.54,2024-09-22T13:20:00-05:00,80.42,2024-09-22T06:25:00-05:00,73.13,75.78,68.65,72.02,82.00,56.00,1012.05,1013.40,1010.70,3.99,8.05,0.00,12.75,2024-09-22T12:25:00-05:00,162.7,SSE,SSW,0.0000,0.0000,0.0,0,,,2.620,5.00
2024-09-23,2024,9,23,267,287,1435.0,99.7,83.36,91.22,2024-09-23T13:15:00-05:00,79.52,2024-09-23T04:15:00-05:00,71.41,74.42,66.05,67.88,82.00,46.00,1011.80,1013.20,1010.50,3.24,7.16,0.00,11.18,2024-09-23T10:45:00-05:00,238.1,WSW,SSW,0.0000,0.0000,0.0,0,,,2.610,5.00
2024-09-24,2024,9,24,268,287,1435.0,99.7,82.22,84.02,2024-09-24T11:25:00-05:00,77.18,2024-09-24T09:10:00-05:00,72.63,75.31,71.32,72.97,88.00,68.00,1010.96,1012.60,1009.40,4.15,9.62,0.00,21.25,2024-09-24T09:05:00-05:00,158.5,SSE,S,0.5753,0.5753,55.0,0,,,2.620,5.00
2024-09-25,2024,9,25,269,287,1435.0,99.7,82.37,88.16,2024-09-25T14:50:00-05:00,79.34,2024-09-25T23:15:00-05:00,72.66,76.20,63.71,73.06,84.00,48.00,1008.38,1010.10,1006.60,5.00,11.63,0.00,19.91,2024-09-25T23:50:00-05:00,41.3,NE,NNE,0.0000,0.0000,0.0,21,8.37,0.00,2.620,5.00
2024-09-26,2024,9,26,270,287,1435.0,99.7,76.33,80.06,2024-09-26T16:25:00-05:00,74.12,2024-09-26T10:30:00-05:00,68.89,73.72,64.16,78.11,86.00,65.00,1002.73,1006.90,999.60,15.05,25.95,0.89,35.79,2024-09-26T13:45:00-05:00,14.2,NNE,N,0.0000,0.0000,5.0,0,,,2.610,5.00
2024-09-27,2024,9,27,271,287,1435.0,99.7,77.33,81.14,2024-09-27T21:25:00-05:00,71.42,2024-09-27T06:55:00-05:00,62.26,68.02,58.02,60.19,72.00,47.00,1003.99,1007.30,999.90,6.98,12.08,0.00,23.71,2024-09-27T00:20:00-05:00,301.2,WNW,WSW,0.0000,0.0000,0.0,0,,,2.610,5.00
2024-09-28,2024,9,28,272,287,1435.0,99.7,81.15,83.84,2024-09-28T15:05:00-05:00,77.72,2024-09-28T06:10:00-05:00,66.87,71.36,61.97,62.25,71.00,51.00,1008.19,1009.70,1006.60,5.29,8.95,0.00,15.88,2024-09-28T18:50:00-05:00,251.8,WSW,WSW,0.0000,0.0000,0.0,0,,,2.620,5.00
2024-09-29,2024,9,29,273,287,1435.0,99.7,81.46,86.00,2024-09-29T11:55:00-05:00,77.36,2024-09-29T06:50:00-05:00,68.23,72.93,63.55,64.82,82.00,48.00,1009.71,1010.90,1008.50,3.34,6.93,0.00,13.42,2024-09-29T16:55:00-05:00,265.1,W,WSW,0.0000,0.0000,0.0,0,,,2.620,5.00
2024-09-30,2024,9,30,274,287,1435.0,99.7,80.69,84.20,2024-09-30T13:25:00-05:00,75.92,2024-09-30T06:50:00-05:00,69.56,72.16,67.06,69.11,81.00,61.00,1011.52,1012.90,1010.10,3.17,6.49,0.00,9.84,2024-09-30T00:15:00-05:00,257.5,WSW,SW,0.0000,0.0000,0.0,0,,,2.610,5.00
2024-10-01,2024,10,1,275,287,1435.0,99.7,80.22,84.92,2024-10-01T17:05:00-05:00,75.74,2024-10-01T06:30:00-05:00,69.26,72.49,66.62,69.89,83.00,55.00,1012.77,1014.50,1011.20,8.22,13.42,0.45,18.79,2024-10-01T10:30:00-05:00,18.5,NNE,NNE,0.0000,0.0000,0.0,0,,,2.620,5.00
2024-10-02,2024,10,2,276,287,1435.0,99.7,79.33,83.66,2024-10-02T14:25:00-05:00,76.28,2024-10-02T06:45:00-05:00,69.16,70.80,66.31,71.24,78.00,56.00,1012.14,1013.60,1010.30,6.64,14.54,0.00,22.15,2024-10-02T01:45:00-05:00,36.4,NE,NE,0.0000,0.0000,0.0,0,,,2.620,5.00
2024-10-03,2024,10,3,277,287,1435.0,99.7,80.14,83.84,2024-10-03T12:20:00-05:00,76.64,2024-10-03T04:00:00-05:00,70.96,74.08,67.97,73.92,84.00,60.00,1012.77,1014.80,1010.90,6.02,12.75,0.00,17.22,2024-10-03T22:30:00-05:00,91.7,E,SE,0.0556,0.0556,85.0,0,,,2.620,5.00
2024-10-04,2024,10,4,278,288,1440.0,100.0,75.80,78.26,2024-10-04T02:25:00-05:00,72.86,2024-10-04T08:10:00-05:00,70.87,74.06,66.77,84.77,88.00,74.00,1015.74,1017.30,1013.50,6.85,12.30,0.00,33.78,2024-10-04T18:25:00-05:00,70.8,ENE,NE,2.0264,2.0264,895.0,0,,,2.580,5.00
2024-10-05,2024,10,5,279,287,1435.0,99.7,77.13,79.88,2024-10-05T16:10:00-05:00,73.94,2024-10-05T06:05:00-05:00,68.98,71.85,65.95,76.06,80.00,70.00,1014.83,1016.50,1013.00,7.95,13.20,0.00,19.68,2024-10-05T00:15:00-05:00,51.8,NE,NE,0.0000,0.0000,0.0,0,,,2.570,5.00
2024-10-06,2024,10,6,280,287,1435.0,99.7,77.87,81.14,2024-10-06T14:55:00-05:00,74.84,2024-10-06T07:05:00-05:00,69.42,71.46,67.69,75.31,79.00,69.00,1012.63,1014.10,1011.20,9.15,13.20,1.12,20.36,2024-10-06T08:15:00-05:00,45.1,NE,NE,0.0000,0.0000,0.0,0,,,2.610,5.00
2024-10-07,2024,10,7,281,287,1435.0,99.7,78.89,84.38,2024-10-07T16:45:00-05:00,74.30,2024-10-07T06:35:00-05:00,67.66,71.89,63.10,69.05,79.00,53.00,1010.43,1012.50,1008.30,9.20,17.22,0.00,25.28,2024-10-07T23:35:00-05:00,33.7,NNE,NE,0.0000,0.0000,0.0,0,,,2.620,5.00
2024-10-08,2024,10,8,282,287,1435.0,99.7,76.63,81.68,2024-10-08T16:20:00-05:00,70.52,2024-10-08T06:50:00-05:00,60.82,64.91,56.92,58.33,68.00,51.00,1008.67,1009.90,1007.20,12.25,20.80,0.89,29.97,2024-10-08T01:40:00-05:00,21.4,NNE,NNE,0.0000,0.0000,0.0,0,,,2.620,5.00
2024-10-09,2024,10,9,283,287,1435.0,99.7,77.10,83.66,2024-10-09T16:20:00-05:00,72.32,2024-10-09T08:40:00-05:00,64.51,67.74,59.69,65.46,75.00,54.00,1009.37,1011.20,1007.80,12.25,17.90,0.45,25.28,2024-10-09T00:20:00-05:00,16.8,NNE,N,0.0000,0.0000,0.0,0,,,2.620,5.00
2024-10-10,2024,10,10,284,287,1435.0,99.7,75.16,80.60,2024-10-10T15:35:00-05:00,69.62,2024-10-10T07:10:00-05:00,61.49,65.20,55.23,63.44,79.00,42.00,1014.14,1017.20,1010.90,8.00,12.75,0.00,18.12,2024-10-10T18:00:00-05:00,21.5,NNE,NNE,0.0000,0.0000,0.0,0,,,2.620,5.00
2024-10-11,2024,10,11,285,287,1435.0,99.7,74.13,77.90,2024-10-11T15:05:00-05:00,71.42,2024-10-11T06:30:00-05:00,54.81,64.92,49.99,51.14,70.00,39.00,1018.73,1020.50,1017.20,5.57,10.74,0.00,15.21,2024-10-11T09:10:00-05:00,56.7,ENE,NE,0.0000,0.0000,0.0,0,,,2.610,5.00
2024-10-12,2024,10,12,286,287,1435.0,99.7,73.91,78.26,2024-10-12T15:30:00-05:00,70.52,2024-10-12T04:00:00-05:00,54.58,58.78,48.42,51.49,64.00,37.00,1018.56,1020.50,1017.00,4.77,9.40,0.00,14.09,2024-10-12T10:15:00-05:00,56.4,ENE,NE,0.0000,0.0000,0.0,1,3.73,3.73,2.620,5.00
2024-10-13,2024,10,13,287,287,1435.0,99.7,76.05,81.68,2024-10-13T12:55:00-05:00,70.70,2024-10-13T06:55:00-05:00,62.21,65.80,55.59,62.53,74.00,51.00,1017.86,1019.80,1016.50,3.92,7.38,0.00,12.97,2024-10-13T17:05:00-05:00,286.1,WNW,WSW,0.0000,0.0000,0.0,0,,,2.620,5.00
2024-10-14,2024,10,14,288,287,1435.0,99.7,77.41,82.58,2024-10-14T13:30:00-05:00,73.94,2024-10-14T06:10:00-05:00,66.88,71.08,54.07,70.34,82.00,49.00,1016.82,1018.40,1014.90,4.09,11.18,0.00,16.78,2024-10-14T23:20:00-05:00,314.6,NW,WSW,0.0000,0.0000,0.0,0,,,2.620,5.00
2024-10-15,2024,10,15,289,287,1435.0,99.7,73.10,78.26,2024-10-15T15:20:00-05:00,69.44,2024-10-15T06:30:00-05:00,55.91,65.38,47.56,55.31,69.00,43.00,1015.21,1016.70,1012.70,8.02,19.01,0.00,26.40,2024-10-15T23:30:00-05:00,46.1,NE,NE,0.0000,0.0000,0.0,0,,,2.620,5.00
2024-10-16,2024,10,16,290,287,1435.0,99.7,61.87,70.88,2024-10-16T00:05:00-05:00,55.94,2024-10-16T08:35:00-05:00,41.28,52.38,35.73,47.43,62.00,33.00,1021.30,1023.60,1016.50,15.22,27.51,0.45,48.32,2024-10-16T04:50:00-05:00,15.3,NNE,NNE,0.0269,0.0269,220.0,1,3.73,3.73,2.600,5.00
2024-10-17,2024,10,17,291,287,1435.0,99.7,60.82,66.20,2024-10-17T16:40:00-05:00,56.12,2024-10-17T06:05:00-05:00,41.73,50.33,37.77,49.71,65.00,36.00,1022.90,1024.90,1021.50,7.13,15.88,0.00,26.40,2024-10-17T00:05:00-05:00,48.1,NE,NE,0.0000,0.0000,0.0,0,,,2.610,5.00
2024-10-18,2024,10,18,292,287,1435.0,99.7,64.67,69.26,2024-10-18T16:50:00-05:00,60.98,2024-10-18T06:55:00-05:00,46.53,56.83,42.84,52.38,75.00,40.00,1024.46,1026.30,1022.40,6.43,13.42,0.00,23.71,2024-10-18T10:30:00-05:00,53.0,NE,ENE,0.0000,0.0000,0.0,0,,,2.610,5.00
2024-10-19,2024,10,19,293,287,1435.0,99.7,67.64,74.30,2024-10-19T17:30:00-05:00,62.24,2024-10-19T06:45:00-05:00,53.26,60.52,47.19,60.25,77.00,50.00,1025.24,1027.10,1023.90,6.75,11.18,0.00,19.91,2024-10-19T07:45:00-05:00,51.6,NE,ENE,0.0000,0.0000,0.0,0,,,2.620,5.00
2024-10-20,2024,10,20,294,287,1435.0,99.7,68.64,75.02,2024-10-20T16:05:00-05:00,63.86,2024-10-20T07:00:00-05:00,51.77,57.66,48.53,55.14,67.00,43.00,1023.54,1025.60,1021.70,8.01,11.41,0.67,17.22,2024-10-20T10:00:00-05:00,39.0,NE,NE,0.0000,0.0000,0.0,0,,,2.620,5.00
2024-10-21,2024,10,21,295,287,1435.0,99.7,69.02,76.46,2024-10-21T14:05:00-05:00,65.12,2024-10-21T07:05:00-05:00,54.61,61.95,49.89,60.58,81.00,44.00,1020.45,1022.30,1018.90,6.09,10.74,0.00,17.45,2024-10-21T08:45:00-05:00,52.4,NE,NE,0.0000,0.0000,0.0,0,,,2.620,5.00
2024-10-22,2024,10,22,296,287,1435.0,99.7,69.49,74.48,2024-10-22T12:45:00-05:00,65.48,2024-10-22T01:25:00-05:00,60.46,66.34,52.46,73.29,86.00,62.00,1019.26,1021.00,1018.10,4.76,9.40,0.00,14.09,2024-10-22T07:50:00-05:00,61.8,ENE,NE,0.0000,0.0000,0.0,0,,,2.620,5.00
2024-10-23,2024,10,23,297,285,1425.0,99.0,71.65,80.78,2024-10-23T14:15:00-05:00,66.56,2024-10-23T07:05:00-05:00,64.12,68.45,57.16,77.48,86.00,56.00,1018.82,1021.00,1017.30,4.90,9.40,0.00,13.65,2024-10-23T10:00:00-05:00,19.4,NNE,NNE,0.0000,0.0000,0.0,0,,,2.620,5.00
2024-10-24,2024,10,24,298,287,1435.0,99.7,73.26,82.94,2024-10-24T15:05:00-05:00,69.08,2024-10-24T05:25:00-05:00,62.78,68.26,52.57,70.99,87.00,37.00,1017.17,1018.80,1015.60,3.98,8.95,0.00,13.20,2024-10-24T10:35:00-05:00,3.5,N,NNW,0.0000,0.0000,0.0,0,,,2.620,5.00
2024-10-25,2024,10,25,299,287,1435.0,99.7,72.71,76.64,2024-10-25T16:55:00-05:00,68.54,2024-10-25T04:55:00-05:00,65.17,68.10,61.37,77.56,88.00,64.00,1019.91,1021.70,1017.10,3.77,8.95,0.00,13.20,2024-10-25T08:50:00-05:00,28.2,NNE,NNE,0.0000,0.0000,0.0,0,,,2.620,5.00
2024-10-26,2024,10,26,300,282,1410.0,97.9,73.94,80.96,2024-10-26T13:55:00-05:00,69.08,2024-10-26T06:20:00-05:00,64.72,67.72,60.15,73.43,87.00,51.00,1022.22,1024.10,1020.90,4.58,8.95,0.00,13.42,2024-10-26T09:30:00-05:00,21.4,NNE,NNE,0.0000,0.0000,0.0,0,,,2.620,5.00
2024-10-27,2024,10,27,301,287,1435.0,99.7,74.84,79.34,2024-10-27T11:45:00-05:00,69.26,2024-10-27T07:10:00-05:00,65.42,67.57,61.77,73.02,85.00,58.00,1021.23,1023.20,1019.30,3.37,6.71,0.00,10.51,2024-10-27T10:15:00-05:00,304.7,NW,WSW,0.0000,0.0000,0.0,0,,,2.620,5.00
2024-10-28,2024,10,28,302,287,1435.0,99.7,73.74,77.36,2024-10-28T13:55:00-05:00,70.16,2024-10-28T04:05:00-05:00,65.49,69.29,57.54,75.78,84.00,52.00,1021.22,1023.00,1020.00,6.05,9.17,0.00,13.42,2024-10-28T16:35:00-05:00,106.6,ESE,SSE,0.0000,0.0000,0.0,0,,,2.620,5.00
2024-10-29,2024,10,29,303,287,1435.0,99.7,74.20,77.00,2024-10-29T11:15:00-05:00,70.88,2024-10-29T06:45:00-05:00,66.47,68.27,64.50,77.13,86.00,68.00,1021.52,1023.40,1020.50,6.43,10.96,0.00,16.55,2024-10-29T11:45:00-05:00,106.5,ESE,ENE,0.0000,0.0000,0.0,0,,,2.610,5.00
2024-10-30,2024,10,30,304,287,1435.0,99.7,75.26,78.80,2024-10-30T13:10:00-05:00,71.24,2024-10-30T03:10:00-05:00,68.03,71.01,62.44,78.34,84.00,71.00,1020.96,1022.80,1019.60,7.23,11.41,0.22,17.22,2024-10-30T21:25:00-05:00,112.2,ESE,ENE,0.0037,0.0037,10.0,0,,,2.620,5.00
2024-10-31,2024,10,31,305,286,1430.0,99.3,77.14,78.44,2024-10-31T11:50:00-05:00,75.92,2024-10-31T03:15:00-05:00,70.49,71.76,69.26,80.00,84.00,75.00,1018.61,1020.40,1017.30,8.02,10.74,1.34,14.54,2024-10-31T09:00:00-05:00,157.3,SSE,SSE,0.0000,0.0000,0.0,0,,,2.620,5.00
2024-11-01,2024,11,1,306,287,1435.0,99.7,76.62,79.34,2024-11-01T12:15:00-05:00,74.48,2024-11-01T23:55:00-05:00,68.88,70.69,67.16,77.05,82.00,72.00,1018.49,1019.80,1017.20,5.74,9.84,0.00,14.09,2024-11-01T17:25:00-05:00,146.1,SE,SSE,0.0000,0.0000,0.0,0,,,2.620,5.00
2024-11-02,2024,11,2,307,287,1435.0,99.7,75.29,77.36,2024-11-02T13:45:00-05:00,72.68,2024-11-02T07:35:00-05:00,67.74,69.79,62.70,77.52,83.00,64.00,1018.90,1020.60,1017.80,5.73,8.28,0.00,13.20,2024-11-02T08:50:00-05:00,98.7,E,SE,0.0000,0.0000,0.0,0,,,2.620,5.00
2024-11-03,2024,11,3,308,299,1495.0,99.7,76.25,79.34,2024-11-03T13:40:00-06:00,73.22,2024-11-03T03:50:00-06:00,69.33,71.09,67.52,79.28,86.00,70.00,1016.03,1017.70,1014.70,8.02,18.79,0.00,25.05,2024-11-03T19:45:00-06:00,128.9,SE,SE,0.4313,0.4313,105.0,0,,,2.620,5.00
2024-11-04,2024,11,4,309,287,1435.0,99.7,76.87,78.08,2024-11-04T08:05:00-06:00,74.48,2024-11-04T18:40:00-06:00,69.21,70.90,67.11,77.30,82.00,72.00,1015.36,1017.30,1013.70,11.61,17.00,2.24,22.82,2024-11-04T19:35:00-06:00,140.3,SE,SSE,0.0295,0.0295,60.0,0,,,2.610,5.00
2024-11-05,2024,11,5,310,287,1435.0,99.7,76.26,78.26,2024-11-05T11:00:00-06:00,72.86,2024-11-05T17:10:00-06:00,70.21,76.16,67.34,81.69,99.00,73.00,1013.40,1014.70,1011.90,6.90,14.54,0.00,19.01,2024-11-05T15:10:00-06:00,154.4,SSE,SSE,0.1664,0.1664,85.0,0,,,2.610,5.00
2024-11-06,2024,11,6,311,287,1435.0,99.7,76.59,78.44,2024-11-06T15:25:00-06:00,75.02,2024-11-06T09:10:00-06:00,76.33,78.44,74.38,99.13,100.00,95.00,1012.86,1014.00,1011.70,5.78,13.42,0.00,60.17,2024-11-06T14:10:00-06:00,100.5,E,ENE,0.7680,0.7680,175.0,7,7.37,3.73,2.610,5.00
2024-11-07,2024,11,7,312,287,1435.0,99.7,76.82,78.08,2024-11-07T14:00:00-06:00,75.92,2024-11-07T03:50:00-06:00,76.43,77.72,74.70,98.72,100.00,96.00,1014.55,1016.30,1013.20,7.36,12.30,0.00,23.49,2024-11-07T05:05:00-06:00,47.8,NE,NE,0.0000,0.0000,0.0,0,,,2.610,5.00
2024-11-08,2024,11,8,313,287,1435.0,99.7,75.95,79.16,2024-11-08T14:45:00-06:00,73.94,2024-11-08T07:10:00-06:00,74.39,75.21,73.34,95.03,99.00,84.00,1014.14,1016.10,1013.10,6.54,11.86,0.00,17.00,2024-11-08T03:10:00-06:00,63.8,ENE,NE,0.0000,0.0000,0.0,0,,,2.610,5.00
2024-11-09,2024,11,9,314,287,1435.0,99.7,76.62,79.34,2024-11-09T11:00:00-06:00,74.30,2024-11-09T06:10:00-06:00,75.11,76.81,73.26,95.14,100.00,90.00,1014.04,1015.60,1012.60,7.07,10.51,0.45,18.12,2024-11-09T13:05:00-06:00,101.4,ESE,ESE,0.0000,0.0000,0.0,0,,,2.620,5.00
2024-11-10,2024,11,10,315,265,1325.0,92.0,76.56,78.62,2024-11-10T14:35:00-06:00,72.86,2024-11-10T20:50:00-06:00,74.37,75.67,68.97,92.99,99.00,82.00,1013.64,1015.20,1012.30,6.25,12.75,0.22,19.24,2024-11-10T18:05:00-06:00,108.6,ESE,ESE,0.2278,0.2278,130.0,0,,,2.610,5.00
2024-11-11,2024,11,11,316,240,1200.0,83.3,71.73,72.32,2024-11-11T23:45:00-06:00,71.24,2024-11-11T10:10:00-06:00,71.47,72.32,70.94,99.12,100.00,99.00,1011.35,1012.60,1009.90,13.73,28.63,1.57,67.33,2024-11-11T04:15:00-06:00,27.7,NNE,NE,0.5333,0.5333,560.0,0,,,2.560,5.00
2024-11-12,2024,11,12,317,285,1425.0,99.0,71.40,72.86,2024-11-12T01:15:00-06:00,69.98,2024-11-12T07:50:00-06:00,70.83,72.68,69.69,98.11,100.00,95.00,1012.26,1013.60,1010.60,10.97,19.68,0.45,27.96,2024-11-12T10:10:00-06:00,52.5,NE,NE,0.4654,0.4654,410.0,0,,,2.540,5.00
2024-11-13,2024,11,13,318,287,1435.0,99.7,75.67,77.36,2024-11-13T09:00:00-06:00,71.42,2024-11-13T00:05:00-06:00,74.79,76.52,70.52,97.14,100.00,94.00,1013.32,1015.30,1011.60,12.27,35.57,0.22,49.44,2024-11-13T23:55:00-06:00,139.6,SE,SE,0.8475,0.8475,750.0,187,9.44,0.62,2.540,5.00
2024-11-14,2024,11,14,319,288,1440.0,100.0,71.99,76.64,2024-11-14T13:10:00-06:00,63.86,2024-11-14T23:55:00-06:00,64.39,75.38,56.11,77.93,100.00,57.00,1013.11,1015.50,1011.00,10.98,32.88,0.00,53.91,2024-11-14T00:10:00-06:00,0.6,N,N,0.0628,0.0628,170.0,0,,,2.560,5.00
2024-11-15,2024,11,15,320,287,1435.0,99.7,64.50,70.52,2024-11-15T15:20:00-06:00,59.90,2024-11-15T04:55:00-06:00,57.38,61.03,54.90,78.13,92.00,64.00,1014.91,1016.40,1013.60,11.14,18.12,1.12,25.95,2024-11-15T08:30:00-06:00,23.5,NNE,NNE,0.0000,0.0000,0.0,0,,,2.620,5.00
2024-11-16,2024,11,16,321,287,1435.0,99.7,68.22,73.40,2024-11-16T14:05:00-06:00,62.96,2024-11-16T04:55:00-06:00,61.71,65.64,56.17,79.85,88.00,69.00,1015.26,1017.00,1014.10,7.38,11.41,0.45,17.00,2024-11-16T00:20:00-06:00,84.2,E,NE,0.0000,0.0000,0.0,0,,,2.620,5.00
2024-11-17,2024,11,17,322,287,1435.0,99.7,72.54,75.56,2024-11-17T12:15:00-06:00,69.08,2024-11-17T09:25:00-06:00,66.47,71.11,62.66,81.44,93.00,71.00,1015.85,1018.00,1014.40,6.62,15.66,0.00,19.68,2024-11-17T23:10:00-06:00,137.7,SE,S,0.0000,0.0000,0.0,0,,,2.620,5.00
2024-11-18,2024,11,18,323,287,1435.0,99.7,75.36,76.64,2024-11-18T12:35:00-06:00,74.12,2024-11-18T01:45:00-06:00,69.94,73.61,64.40,83.47,92.00,70.00,1011.10,1014.40,1008.10,12.04,22.15,1.79,27.07,2024-11-18T22:10:00-06:00,173.6,S,S,0.0044,0.0044,125.0,0,,,2.620,5.00
2024-11-19,2024,11,19,324,288,1440.0,100.0,74.06,76.28,2024-11-19T01:25:00-06:00,71.24,2024-11-19T23:50:00-06:00,72.65,74.24,68.15,95.40,99.00,90.00,1006.11,1008.30,1003.90,12.19,67.56,0.00,82.10,2024-11-19T07:00:00-06:00,187.7,S,S,1.7143,1.7143,720.0,13,5.45,3.11,2.570,5.00
2024-11-20,2024,11,20,325,286,1430.0,99.3,66.73,74.12,2024-11-20T12:35:00-06:00,56.12,2024-11-20T23:50:00-06:00,57.67,67.80,41.54,73.33,91.00,58.00,1013.79,1018.90,1008.20,11.03,17.22,0.45,27.07,2024-11-20T17:15:00-06:00,350.1,N,N,0.0000,0.0000,0.0,0,,,2.570,5.00
2024-11-21,2024,11,21,326,287,1435.0,99.7,58.97,65.12,2024-11-21T15:20:00-06:00,50.72,2024-11-21T06:50:00-06:00,42.91,48.72,38.09,55.96,72.00,42.00,1017.79,1020.30,1015.60,9.21,15.66,0.22,25.95,2024-11-21T06:05:00-06:00,347.8,NNW,NNW,0.0000,0.0000,0.0,0,,,2.610,5.00
2024-11-22,2024,11,22,327,286,1430.0,99.3,56.85,61.88,2024-11-22T15:00:00-06:00,50.00,2024-11-22T07:45:00-06:00,43.22,48.63,36.04,60.79,74.00,44.00,1017.33,1019.20,1016.10,8.32,15.43,0.22,23.04,2024-11-22T07:45:00-06:00,353.6,N,N,0.0000,0.0000,0.0,0,,,2.610,5.00
2024-11-23,2024,11,23,328,287,1435.0,99.7,56.88,64.04,2024-11-23T15:20:00-06:00,50.36,2024-11-23T06:00:00-06:00,48.57,55.94,43.50,74.20,89.00,55.00,1019.14,1021.10,1018.10,4.58,12.30,0.00,16.33,2024-11-23T03:20:00-06:00,11.8,NNE,N,0.0000,0.0000,0.0,0,,,2.610,5.00
2024-11-24,2024,11,24,329,287,1435.0,99.7,63.56,69.44,2024-11-24T15:40:00-06:00,56.48,2024-11-24T06:00:00-06:00,58.97,65.77,53.08,85.22,93.00,74.00,1018.63,1020.60,1017.60,4.90,10.07,0.00,14.99,2024-11-24T08:30:00-06:00,66.4,ENE,NE,0.0000,0.0000,0.0,0,,,2.620,5.00
2024-11-25,2024,11,25,330,287,1435.0,99.7,70.34,76.10,2024-11-25T12:55:00-06:00,66.02,2024-11-25T03:30:00-06:00,66.15,67.98,63.94,86.85,93.00,72.00,1019.12,1020.90,1017.60,2.19,5.59,0.00,8.95,2024-11-25T22:05:00-06:00,198.4,SSW,SSW,0.0000,0.0000,0.0,0,,,2.620,5.00
2024-11-26,2024,11,26,331,286,1430.0,99.3,67.58,73.40,2024-11-26T11:10:00-06:00,60.26,2024-11-26T23:25:00-06:00,64.95,68.39,57.93,91.36,96.00,83.00,1018.02,1019.80,1016.60,5.82,13.42,0.00,20.58,2024-11-26T04:00:00-06:00,309.9,NW,WSW,0.0000,0.0000,15.0,0,,,2.610,5.00
2024-11-27,2024,11,27,332,285,1425.0,99.0,65.86,72.14,2024-11-27T23:00:00-06:00,59.72,2024-11-27T01:35:00-06:00,63.90,70.58,57.69,93.43,97.00,86.00,1013.60,1017.00,1010.30,5.47,11.18,0.00,17.00,2024-11-27T23:05:00-06:00,149.3,SSE,NNE,0.0000,0.0000,0.0,0,,,2.620,5.00
2024-11-28,2024,11,28,333,287,1435.0,99.7,66.68,73.76,2024-11-28T11:25:00-06:00,51.62,2024-11-28T23:50:00-06:00,62.15,69.91,46.94,85.51,95.00,72.00,1013.04,1017.20,1010.50,11.28,22.37,0.00,33.78,2024-11-28T23:50:00-06:00,349.5,N,WSW,0.0000,0.0000,0.0,0,,,2.620,5.00
2024-11-29,2024,11,29,334,286,1430.0,99.3,50.26,53.96,2024-11-29T13:35:00-06:00,45.14,2024-11-29T23:15:00-06:00,41.16,48.63,35.35,71.64,87.00,53.00,1020.95,1024.70,1016.20,17.78,25.05,1.79,34.00,2024-11-29T07:50:00-06:00,10.1,N,N,0.0699,0.0699,185.0,41,4.44,1.86,2.610,5.00
2024-11-30,2024,11,30,335,286,1430.0,99.3,49.69,55.76,2024-11-30T15:35:00-06:00,43.52,2024-11-30T06:25:00-06:00,34.13,39.45,30.20,55.61,73.00,38.00,1024.06,1026.20,1023.00,9.74,22.59,0.00,45.41,2024-11-30T02:45:00-06:00,38.3,NE,NE,0.0000,0.0000,0.0,0,,,2.600,5.00
2024-12-01,2024,12,1,336,287,1435.0,99.7,55.12,60.26,2024-12-01T15:20:00-06:00,51.44,2024-12-01T04:20:00-06:00,41.76,48.83,27.86,61.68,80.00,29.00,1023.24,1025.00,1021.80,5.43,8.72,0.00,12.75,2024-12-01T11:15:00-06:00,40.9,NE,NE,0.0000,0.0000,0.0,0,,,2.620,5.00
2024-12-02,2024,12,2,337,287,1435.0,99.7,53.30,58.28,2024-12-02T15:10:00-06:00,47.84,2024-12-02T05:45:00-06:00,43.24,49.38,35.83,69.43,86.00,47.00,1026.67,1028.60,1024.20,7.57,17.45,0.00,25.95,2024-12-02T06:25:00-06:00,28.5,NNE,NNE,0.0000,0.0000,0.0,0,,,2.620,5.00
2024-12-03,2024,12,3,338,286,1430.0,99.3,50.64,53.78,2024-12-03T15:15:00-06:00,46.58,2024-12-03T09:15:00-06:00,37.27,45.17,28.02,61.08,78.00,41.00,1029.93,1032.50,1028.10,9.85,20.36,0.00,30.42,2024-12-03T08:35:00-06:00,29.7,NNE,NE,0.0000,0.0000,0.0,0,,,2.620,5.00
2024-12-04,2024,12,4,339,286,1430.0,99.3,56.10,64.58,2024-12-04T22:55:00-06:00,47.48,2024-12-04T00:30:00-06:00,48.03,59.94,31.36,74.60,87.00,53.00,1025.50,1029.90,1020.60,5.70,10.07,0.00,17.00,2024-12-04T07:35:00-06:00,92.4,E,ENE,0.0000,0.0000,0.0,0,,,2.620,5.00
2024-12-05,2024,12,5,340,287,1435.0,99.7,58.30,66.20,2024-12-05T08:35:00-06:00,46.94,2024-12-05T23:55:00-06:00,54.93,62.54,35.79,88.81,98.00,62.00,1020.29,1023.10,1017.90,9.98,24.83,0.00,34.00,2024-12-05T23:30:00-06:00,10.7,N,N,0.0887,0.0887,125.0,0,,,2.580,5.00
2024-12-06,2024,12,6,341,287,1435.0,99.7,44.18,50.72,2024-12-06T16:00:00-06:00,36.68,2024-12-06T06:40:00-06:00,30.39,35.62,26.44,58.77,72.00,44.00,1025.71,1027.30,1022.30,16.66,26.62,1.34,36.69,2024-12-06T00:50:00-06:00,16.3,NNE,N,0.0000,0.0000,0.0,0,,,2.570,5.00
2024-12-07,2024,12,7,342,287,1435.0,99.7,49.11,53.24,2024-12-07T16:00:00-06:00,43.88,2024-12-07T06:50:00-06:00,34.12,48.63,26.77,56.53,86.00,45.00,1026.41,1029.70,1023.30,7.39,15.21,0.00,21.70,2024-12-07T00:25:00-06:00,43.5,NE,NE,0.0000,0.0000,0.0,0,,,2.620,5.00
2024-12-08,2024,12,8,343,287,1435.0,99.7,57.92,65.84,2024-12-08T15:20:00-06:00,51.44,2024-12-08T02:40:00-06:00,53.66,64.07,43.39,85.91,98.00,71.00,1020.63,1023.60,1015.60,6.27,12.75,0.00,14.09,2024-12-08T23:25:00-06:00,75.9,ENE,NE,0.0000,0.0000,0.0,0,,,2.620,5.00
2024-12-09,2024,12,9,344,287,1435.0,99.7,65.19,67.64,2024-12-09T03:15:00-06:00,63.50,2024-12-09T06:40:00-06:00,64.83,67.10,63.23,98.78,100.00,96.00,1014.44,1016.40,1012.70,4.08,11.63,0.00,24.16,2024-12-09T11:55:00-06:00,192.5,SSW,SSW,0.0983,0.0983,30.0,0,,,2.610,5.00
2024-12-10,2024,12,10,345,250,1250.0,86.8,66.03,68.18,2024-12-10T11:55:00-06:00,64.04,2024-12-10T06:10:00-06:00,65.61,66.74,63.75,98.56,100.00,93.00,1011.91,1013.60,1009.60,4.99,12.08,0.00,28.41,2024-12-10T20:45:00-06:00,204.7,SSW,SSW,0.3961,0.3961,125.0,20,7.21,6.84,2.600,5.00
2024-12-11,2024,12,11,346,287,1435.0,99.7,53.14,59.90,2024-12-11T00:05:00-06:00,48.74,2024-12-11T08:50:00-06:00,42.44,59.62,35.06,68.35,99.00,47.00,1021.55,1028.30,1011.10,10.46,19.01,0.22,35.12,2024-12-11T15:30:00-06:00,348.4,NNW,N,0.3005,0.3005,635.0,0,,,2.640,5.00
2024-12-12,2024,12,12,347,287,1435.0,99.7,49.47,53.60,2024-12-12T15:45:00-06:00,44.42,2024-12-12T05:05:00-06:00,37.06,45.17,32.06,62.42,77.00,51.00,1029.40,1032.00,1028.00,8.19,17.22,0.00,25.05,2024-12-12T09:40:00-06:00,28.9,NNE,NE,0.0000,0.0000,0.0,0,,,2.620,5.00
2024-12-13,2024,12,13,348,287,1435.0,99.7,55.83,61.52,2024-12-13T13:45:00-06:00,50.72,2024-12-13T04:45:00-06:00,46.89,53.51,39.50,72.00,84.00,64.00,1029.27,1031.60,1028.20,8.16,13.87,0.00,20.13,2024-12-13T04:50:00-06:00,60.1,ENE,NE,0.0000,0.0000,0.0,0,,,2.620,5.00
2024-12-14,2024,12,14,349,287,1435.0,99.7,61.12,67.28,2024-12-14T15:15:00-06:00,54.50,2024-12-14T06:35:00-06:00,56.38,62.20,49.77,84.48,93.00,76.00,1026.88,1029.20,1025.00,7.20,11.86,0.22,19.46,2024-12-14T07:30:00-06:00,82.8,E,ENE,0.0000,0.0000,0.0,0,,,2.620,5.00
2024-12-15,2024,12,15,350,287,1435.0,99.7,64.50,68.72,2024-12-15T13:55:00-06:00,60.44,2024-12-15T03:40:00-06:00,61.93,64.56,58.41,91.43,95.00,86.00,1024.40,1026.30,1023.00,5.77,8.72,0.00,14.09,2024-12-15T13:40:00-06:00,86.2,E,ENE,0.0000,0.0000,0.0,0,,,2.620,5.00
2024-12-16,2024,12,16,351,287,1435.0,99.7,63.81,69.98,2024-12-16T15:45:00-06:00,58.82,2024-12-16T05:55:00-06:00,61.94,66.59,58.26,93.78,98.00,87.00,1022.76,1024.00,1021.50,5.06,8.72,0.00,12.75,2024-12-16T08:25:00-06:00,78.1,ENE,NE,0.0000,0.0000,0.0,0,,,2.620,5.00
2024-12-17,2024,12,17,352,287,1435.0,99.7,64.13,74.84,2024-12-17T15:05:00-06:00,59.72,2024-12-17T06:50:00-06:00,62.10,66.49,58.76,93.41,99.00,74.00,1022.73,1024.70,1021.10,3.95,8.05,0.00,10.96,2024-12-17T05:10:00-06:00,51.3,NE,NE,0.0000,0.0000,0.0,0,,,2.620,5.00
2024-12-18,2024,12,18,353,287,1435.0,99.7,64.31,70.34,2024-12-18T12:00:00-06:00,61.70,2024-12-18T00:15:00-06:00,63.25,66.62,60.73,96.41,98.00,87.00,1020.44,1022.10,1018.80,4.12,10.29,0.00,15.43,2024-12-18T23:10:00-06:00,24.8,NNE,NNE,0.0000,0.0000,0.0,0,,,2.610,5.00
2024-12-19,2024,12,19,354,286,1430.0,99.3,56.03,62.96,2024-12-19T00:10:00-06:00,48.74,2024-12-19T23:55:00-06:00,52.58,59.80,44.92,88.21,92.00,81.00,1021.74,1023.80,1020.20,8.23,15.88,0.00,24.83,2024-12-19T02:35:00-06:00,10.7,N,N,0.0000,0.0000,0.0,0,,,2.610,5.00
2024-12-20,2024,12,20,355,287,1435.0,99.7,54.96,64.76,2024-12-20T14:50:00-06:00,47.48,2024-12-20T23:55:00-06:00,47.42,54.49,38.87,76.46,92.00,59.00,1021.45,1023.50,1019.20,7.41,25.50,0.00,35.12,2024-12-20T23:40:00-06:00,351.1,N,NNW,0.0000,0.0000,0.0,0,,,2.620,5.00
2024-12-21,2024,12,21,356,287,1435.0,99.7,45.26,51.98,2024-12-21T15:55:00-06:00,38.66,2024-12-21T06:25:00-06:00,35.84,39.42,32.25,69.89,80.00,55.00,1024.12,1026.20,1021.40,13.72,25.28,0.00,33.78,2024-12-21T01:20:00-06:00,10.7,N,N,0.0000,0.0000,0.0,0,,,2.610,5.00
2024-12-22,2024,12,22,357,287,1435.0,99.7,47.15,52.52,2024-12-22T15:50:00-06:00,41.36,2024-12-22T06:40:00-06:00,36.88,41.98,34.04,67.84,80.00,55.00,1026.09,1028.10,1024.50,9.47,21.03,0.00,30.42,2024-12-22T04:30:00-06:00,34.3,NE,NE,0.0000,0.0000,0.0,0,,,2.620,5.00
2024-12-23,2024,12,23,358,287,1435.0,99.7,52.36,57.02,2024-12-23T15:20:00-06:00,47.66,2024-12-23T06:30:00-06:00,44.18,50.58,38.87,73.75,86.00,63.00,1025.71,1027.60,1024.50,7.04,12.08,0.00,19.46,2024-12-23T06:15:00-06:00,49.8,NE,NE,0.0000,0.0000,0.0,0,,,2.620,5.00
2024-12-24,2024,12,24,359,287,1435.0,99.7,55.01,61.88,2024-12-24T14:30:00-06:00,49.82,2024-12-24T05:30:00-06:00,50.14,56.82,44.27,83.77,93.00,72.00,1022.65,1025.20,1020.10,5.43,8.72,0.00,13.65,2024-12-24T03:05:00-06:00,50.6,NE,NE,0.0000,0.0000,0.0,0,,,2.620,5.00
2024-12-25,2024,12,25,360,286,1430.0,99.3,58.35,65.12,2024-12-25T12:35:00-06:00,53.78,2024-12-25T05:40:00-06:00,55.61,59.23,52.05,90.77,98.00,79.00,1018.27,1020.80,1015.80,7.75,29.08,0.22,57.27,2024-12-25T17:55:00-06:00,71.9,ENE,ENE,0.5415,0.5415,235.0,34,3.53,0.62,2.620,5.00
2024-12-26,2024,12,26,361,287,1435.0,99.7,59.61,66.02,2024-12-26T23:50:00-06:00,55.94,2024-12-26T06:35:00-06:00,58.33,64.85,54.53,95.52,98.00,93.00,1016.69,1019.60,1014.50,7.70,10.74,0.00,17.67,2024-12-26T06:25:00-06:00,66.4,ENE,NE,0.0000,0.0000,0.0,0,,,2.610,5.00
2024-12-27,2024,12,27,362,287,1435.0,99.7,67.04,69.08,2024-12-27T19:30:00-06:00,64.94,2024-12-27T23:55:00-06:00,66.32,68.49,64.07,97.56,99.00,95.00,1014.36,1015.90,1013.00,10.43,16.33,0.22,21.47,2024-12-27T07:55:00-06:00,166.7,SSE,S,0.5588,0.5588,275.0,2956,15.46,1.86,2.610,5.00
2024-12-28,2024,12,28,363,288,1440.0,100.0,66.89,69.98,2024-12-28T22:35:00-06:00,63.86,2024-12-28T02:15:00-06:00,65.52,69.21,62.82,95.39,100.00,89.00,1012.83,1015.60,1009.10,11.13,22.59,0.00,58.83,2024-12-28T17:25:00-06:00,165.6,SSE,S,2.5484,2.5484,530.0,5660,6.50,0.00,2.600,5.00
2024-12-29,2024,12,29,364,288,1440.0,100.0,62.52,69.26,2024-12-29T00:00:00-06:00,59.36,2024-12-29T22:10:00-06:00,58.90,68.67,56.17,88.23,99.00,76.00,1012.50,1015.00,1008.70,3.25,8.05,0.00,24.61,2024-12-29T00:25:00-06:00,302.5,WNW,N,0.8950,0.8950,140.0,1314,10.72,3.73,2.600,5.00
2024-12-30,2024,12,30,365,287,1435.0,99.7,62.69,66.92,2024-12-30T22:20:00-06:00,57.74,2024-12-30T04:20:00-06:00,60.45,65.56,56.32,92.47,98.00,85.00,1011.82,1014.60,1009.20,3.65,8.72,0.00,10.51,2024-12-30T17:20:00-06:00,195.1,SSW,SSW,0.0000,0.0000,0.0,0,,,2.620,5.00
2024-12-31,2024,12,31,366,286,1430.0,99.3,65.07,70.34,2024-12-31T12:40:00-06:00,56.30,2024-12-31T23:50:00-06:00,61.42,66.03,47.51,88.57,97.00,61.00,1011.69,1017.40,1008.70,5.54,23.26,0.00,33.11,2024-12-31T23:00:00-06:00,307.1,NW,WSW,0.0000,0.0000,0.0,0,,,2.620,5.00
2025-01-01,2025,1,1,1,287,1435.0,99.7,54.24,59.36,2025-01-01T14:55:00-06:00,49.28,2025-01-01T06:50:00-06:00,45.95,49.02,43.04,73.70,80.00,60.00,1021.75,1024.70,1017.30,11.94,21.47,0.22,30.20,2025-01-01T03:10:00-06:00,14.8,NNE,N,0.0000,0.0000,0.0,0,,,2.620,5.00
2025-01-02,2025,1,2,2,287,1435.0,99.7,53.18,58.28,2025-01-02T15:45:00-06:00,48.92,2025-01-02T07:25:00-06:00,45.74,49.67,41.52,75.88,84.00,66.00,1025.32,1027.80,1024.20,6.13,13.42,0.00,19.46,2025-01-02T01:40:00-06:00,41.3,NE,NE,0.0000,0.0000,0.0,0,,,2.620,5.00
2025-01-03,2025,1,3,3,287,1435.0,99.7,57.27,63.68,2025-01-03T16:10:00-06:00,53.78,2025-01-03T07:25:00-06:00,50.31,54.06,42.74,77.98,92.00,59.00,1025.30,1027.30,1023.70,7.12,15.88,0.00,24.83,2025-01-03T22:50:00-06:00,28.5,NNE,NE,0.0000,0.0000,0.0,0,,,2.620,5.00
2025-01-04,2025,1,4,4,287,1435.0,99.7,54.62,61.70,2025-01-04T23:40:00-06:00,49.46,2025-01-04T06:10:00-06:00,42.03,55.47,33.37,62.62,80.00,52.00,1025.64,1028.50,1021.50,8.15,20.13,0.22,25.95,2025-01-04T23:40:00-06:00,77.1,ENE,ENE,0.0000,0.0000,20.0,0,,,2.620,5.00
2025-01-05,2025,1,5,5,288,1440.0,100.0,65.87,68.54,2025-01-05T15:00:00-06:00,59.90,2025-01-05T00:30:00-06:00,62.32,66.28,55.60,88.38,96.00,79.00,1015.82,1021.50,1009.70,12.89,21.47,0.67,33.55,2025-01-05T20:25:00-06:00,184.1,S,S,0.3020,0.3020,385.0,2,4.35,4.35,2.590,5.00
2025-01-06,2025,1,6,6,286,1430.0,99.3,44.86,68.54,2025-01-06T00:30:00-06:00,33.80,2025-01-06T23:40:00-06:00,39.75,65.85,26.72,82.16,98.00,74.00,1016.18,1023.00,1008.30,14.24,27.29,0.22,41.38,2025-01-06T02:25:00-06:00,350.0,N,N,0.2706,0.2706,165.0,13,3.58,1.24,2.600,5.00
2025-01-07,2025,1,7,7,287,1435.0,99.7,37.25,43.70,2025-01-07T17:00:00-06:00,32.18,2025-01-07T07:00:00-06:00,29.56,34.02,26.09,73.71,80.00,62.00,1025.31,1028.20,1022.20,14.51,23.04,0.67,33.11,2025-01-07T06:30:00-06:00,11.8,NNE,N,0.0000,0.0000,0.0,0,,,2.610,5.00
2025-01-08,2025,1,8,8,287,1435.0,99.7,39.12,48.38,2025-01-08T16:00:00-06:00,30.56,2025-01-08T08:40:00-06:00,30.52,34.53,26.75,71.88,87.00,54.00,1026.59,1029.50,1024.10,10.79,22.59,0.00,30.65,2025-01-08T03:10:00-06:00,1.7,N,N,0.0000,0.0000,0.0,0,,,2.620,5.00
2025-01-09,2025,1,9,9,287,1435.0,99.7,41.52,48.02,2025-01-09T18:50:00-06:00,35.60,2025-01-09T06:45:00-06:00,30.76,37.62,25.30,65.59,79.00,55.00,1022.58,1026.60,1015.60,9.96,21.47,0.00,29.30,2025-01-09T02:15:00-06:00,35.4,NE,NE,0.0000,0.0000,0.0,0,,,2.620,5.00
2025-01-10,2025,1,10,10,287,1435.0,99.7,51.10,61.70,2025-01-10T07:55:00-06:00,42.08,2025-01-10T23:25:00-06:00,48.20,60.70,36.86,90.36,100.00,66.00,1010.27,1015.60,1006.70,11.85,41.83,0.00,55.70,2025-01-10T09:35:00-06:00,163.3,SSE,NNW,1.1117,1.1117,715.0,0,,,2.570,5.00
2025-01-11,2025,1,11,11,288,1440.0,100.0,41.61,45.86,2025-01-11T15:10:00-06:00,39.20,2025-01-11T07:30:00-06:00,35.91,39.29,32.95,80.22,92.00,72.00,1016.89,1019.20,1013.60,6.54,14.99,0.00,24.38,2025-01-11T00:15:00-06:00,357.0,N,N,0.0000,0.0000,30.0,0,,,2.560,5.00
2025-01-12,2025,1,12,12,287,1435.0,99.7,47.34,54.50,2025-01-12T17:35:00-06:00,40.28,2025-01-12T02:20:00-06:00,44.13,53.86,33.99,88.69,100.00,77.00,1017.14,1019.40,1015.70,6.57,12.30,0.00,21.92,2025-01-12T22:05:00-06:00,53.4,NE,NE,0.3147,0.3147,170.0,0,,,2.610,5.00
2025-01-13,2025,1,13,13,288,1440.0,100.0,49.68,53.42,2025-01-13T18:00:00-06:00,46.76,2025-01-13T08:00:00-06:00,47.64,51.53,41.69,92.93,100.00,74.00,1020.19,1025.40,1015.50,12.49,22.37,0.89,35.79,2025-01-13T08:55:00-06:00,30.4,NNE,NNE,0.4262,0.4262,245.0,1,3.11,3.11,2.600,5.00
2025-01-14,2025,1,14,14,287,1435.0,99.7,48.02,53.06,2025-01-14T15:50:00-06:00,42.80,2025-01-14T06:40:00-06:00,38.12,44.11,29.63,68.70,82.00,54.00,1027.38,1029.60,1025.40,12.44,22.82,1.57,33.33,2025-01-14T03:55:00-06:00,24.8,NNE,NNE,0.0000,0.0000,0.0,0,,,2.620,5.00
2025-01-15,2025,1,15,15,287,1435.0,99.7,51.58,54.50,2025-01-15T14:40:00-06:00,48.92,2025-01-15T06:25:00-06:00,41.23,46.27,37.45,67.82,83.00,56.00,1027.83,1030.20,1026.20,7.60,11.41,0.00,18.57,2025-01-15T09:55:00-06:00,38.9,NE,NE,0.0804,0.0804,150.0,0,,,2.620,5.00
2025-01-16,2025,1,16,16,288,1440.0,100.0,52.91,60.26,2025-01-16T12:35:00-06:00,49.10,2025-01-16T07:20:00-06:00,46.68,50.20,43.04,79.79,95.00,58.00,1024.23,1027.60,1021.40,3.64,9.17,0.00,13.20,2025-01-16T02:20:00-06:00,15.9,NNE,NNE,0.0302,0.0302,45.0,0,,,2.600,5.00
2025-01-17,2025,1,17,17,287,1435.0,99.7,55.83,62.24,2025-01-17T23:40:00-06:00,48.38,2025-01-17T06:25:00-06:00,49.70,59.40,40.08,80.21,92.00,63.00,1017.72,1021.40,1010.70,5.83,21.92,0.00,24.61,2025-01-17T23:45:00-06:00,159.7,SSE,S,0.0001,0.0001,10.0,0,,,2.620,5.00
2025-01-18,2025,1,18,18,287,1435.0,99.7,61.55,65.12,2025-01-18T11:35:00-06:00,58.82,2025-01-18T21:15:00-06:00,60.29,63.32,57.09,95.70,100.00,82.00,1009.14,1011.00,1007.10,6.61,19.91,0.00,25.50,2025-01-18T02:30:00-06:00,220.9,SW,WSW,0.5127,0.5127,345.0,1,3.11,3.11,2.610,5.00
2025-01-19,2025,1,19,19,287,1435.0,99.7,47.53,59.18,2025-01-19T00:05:00-06:00,32.36,2025-01-19T23:55:00-06:00,40.12,58.04,25.17,76.04,97.00,56.00,1018.97,1027.30,1009.40,12.89,22.15,0.00,34.23,2025-01-19T21:15:00-06:00,354.4,N,N,0.0000,0.0000,0.0,1,3.11,3.11,2.590,5.00
2025-01-20,2025,1,20,20,287,1435.0,99.7,34.08,39.20,2025-01-20T16:00:00-06:00,28.22,2025-01-20T07:05:00-06:00,20.63,25.64,14.84,59.10,77.00,38.00,1029.68,1031.90,1027.00,18.48,25.50,2.01,36.69,2025-01-20T02:10:00-06:00,16.4,NNE,N,0.0000,0.0000,0.0,0,,,2.610,5.00
2025-01-21,2025,1,21,21,287,1435.0,99.7,28.87,35.42,2025-01-21T00:05:00-06:00,24.80,2025-01-21T14:30:00-06:00,22.34,26.46,16.57,78.90,100.00,48.00,1030.52,1032.40,1028.30,20.99,29.97,1.79,52.12,2025-01-21T09:40:00-06:00,9.4,N,N,1.0120,1.0120,760.0,0,,,2.560,5.00
2025-01-22,2025,1,22,22,287,1435.0,99.7,28.76,34.34,2025-01-22T16:25:00-06:00,22.10,2025-01-22T06:40:00-06:00,19.81,27.63,16.78,69.49,83.00,54.00,1029.78,1032.60,1026.90,9.08,18.79,0.00,27.07,2025-01-22T03:20:00-06:00,11.9,NNE,N,0.0000,0.0000,0.0,0,,,2.560,5.00
2025-01-23,2025,1,23,23,287,1435.0,99.7,36.57,42.80,2025-01-23T15:35:00-06:00,30.92,2025-01-23T06:00:00-06:00,26.58,35.01,20.36,67.50,91.00,52.00,1028.06,1030.50,1026.60,6.19,13.20,0.00,20.13,2025-01-23T10:00:00-06:00,18.3,NNE,NNE,0.0000,0.0000,0.0,0,,,2.610,5.00
2025-01-24,2025,1,24,24,287,1435.0,99.7,43.11,50.90,2025-01-24T15:10:00-06:00,36.50,2025-01-24T02:05:00-06:00,33.39,39.22,28.19,69.08,87.00,50.00,1028.73,1031.20,1027.00,4.15,9.17,0.00,12.75,2025-01-24T14:15:00-06:00,343.6,NNW,N,0.0000,0.0000,0.0,0,,,2.620,5.00
2025-01-25,2025,1,25,25,287,1435.0,99.7,45.81,51.98,2025-01-25T15:45:00-06:00,38.48,2025-01-25T04:45:00-06:00,36.30,44.81,28.65,69.30,79.00,61.00,1029.22,1031.90,1027.90,5.98,12.30,0.00,17.22,2025-01-25T09:00:00-06:00,47.3,NE,NE,0.0000,0.0000,0.0,0,,,2.620,5.00
2025-01-26,2025,1,26,26,287,1435.0,99.7,55.05,59.54,2025-01-26T14:45:00-06:00,49.64,2025-01-26T00:10:00-06:00,50.83,55.00,43.39,85.92,98.00,72.00,1026.07,1029.20,1021.90,3.94,7.38,0.00,10.51,2025-01-26T20:40:00-06:00,126.0,SE,SE,0.0000,0.0000,0.0,0,,,2.620,5.00
2025-01-27,2025,1,27,27,287,1435.0,99.7,56.03,60.26,2025-01-27T14:50:00-06:00,52.34,2025-01-27T23:50:00-06:00,55.13,58.82,51.23,96.81,100.00,92.00,1019.71,1021.70,1017.50,4.45,11.86,0.00,16.55,2025-01-27T23:10:00-06:00,75.2,ENE,SE,0.0000,0.0000,0.0,0,,,2.620,5.00
2025-01-28,2025,1,28,28,287,1435.0,99.7,51.02,53.60,2025-01-28T23:05:00-06:00,48.20,2025-01-28T08:05:00-06:00,48.46,53.05,45.49,90.98,98.00,81.00,1019.95,1022.30,1018.30,4.50,10.29,0.00,14.76,2025-01-28T01:55:00-06:00,21.4,NNE,NNE,0.0000,0.0000,0.0,0,,,2.620,5.00
2025-01-29,2025,1,29,29,287,1435.0,99.7,55.36,60.98,2025-01-29T23:40:00-06:00,50.90,2025-01-29T04:45:00-06:00,53.74,60.70,49.70,94.37,99.00,78.00,1019.44,1021.90,1018.40,3.10,6.04,0.00,8.95,2025-01-29T02:15:00-06:00,112.9,ESE,SSW,0.0000,0.0000,0.0,0,,,2.620,5.00
2025-01-30,2025,1,30,30,287,1435.0,99.7,60.39,61.88,2025-01-30T02:05:00-06:00,57.92,2025-01-30T07:55:00-06:00,60.15,61.60,57.64,99.13,100.00,98.00,1016.79,1019.10,1013.80,6.69,10.96,0.45,19.91,2025-01-30T06:05:00-06:00,149.5,SSE,SSE,0.0000,0.0000,0.0,0,,,2.610,5.00
2025-01-31,2025,1,31,31,287,1435.0,99.7,59.20,62.78,2025-01-31T08:35:00-06:00,56.66,2025-01-31T23:50:00-06:00,57.45,62.60,50.90,94.01,100.00,81.00,1014.81,1019.10,1013.20,6.40,18.12,0.00,20.36,2025-01-31T06:00:00-06:00,217.4,SW,SSW,0.1083,0.1083,60.0,0,,,2.620,5.00
2025-02-01,2025,2,1,32,287,1435.0,99.7,56.27,59.90,2025-02-01T16:25:00-06:00,53.06,2025-02-01T07:45:00-06:00,50.46,54.30,45.70,80.94,93.00,74.00,1020.81,1022.70,1019.00,4.15,10.51,0.00,12.97,2025-02-01T07:40:00-06:00,347.7,NNW,NNW,0.0000,0.0000,0.0,0,,,2.620,5.00
2025-02-02,2025,2,2,33,287,1435.0,99.7,56.95,61.70,2025-02-02T12:45:00-06:00,52.52,2025-02-02T06:15:00-06:00,52.53,55.79,47.96,85.83,98.00,63.00,1021.40,1023.70,1020.20,4.11,8.50,0.00,11.86,2025-02-02T10:30:00-06:00,72.0,ENE,SSW,0.0000,0.0000,0.0,0,,,2.620,5.00
2025-02-03,2025,2,3,34,287,1435.0,99.7,59.53,64.04,2025-02-03T11:45:00-06:00,54.50,2025-02-03T05:35:00-06:00,57.63,60.48,53.67,93.53,99.00,81.00,1020.40,1022.70,1019.30,3.31,6.93,0.00,10.29,2025-02-03T10:10:00-06:00,144.9,SE,SSE,0.0000,0.0000,0.0,0,,,2.620,5.00
2025-02-04,2025,2,4,35,287,1435.0,99.7,61.56,64.94,2025-02-04T14:40:00-06:00,57.02,2025-02-04T06:00:00-06:00,61.07,63.86,56.74,98.30,100.00,92.00,1020.94,1022.70,1019.40,2.52,8.05,0.00,10.74,2025-02-04T13:55:00-06:00,194.3,SSW,SSW,0.0000,0.0000,0.0,0,,,2.620,5.00
2025-02-05,2025,2,5,36,287,1435.0,99.7,63.07,66.38,2025-02-05T14:40:00-06:00,59.54,2025-02-05T02:30:00-06:00,62.48,64.72,59.26,97.97,100.00,91.00,1019.76,1022.00,1017.30,3.06,12.75,0.00,14.76,2025-02-05T23:50:00-06:00,156.3,SSE,SSE,0.0000,0.0000,0.0,0,,,2.620,5.00
2025-02-06,2025,2,6,37,287,1435.0,99.7,64.82,66.92,2025-02-06T14:25:00-06:00,62.42,2025-02-06T04:35:00-06:00,64.44,65.74,62.13,98.70,100.00,95.00,1018.55,1020.40,1017.30,5.10,10.29,0.00,13.65,2025-02-06T00:05:00-06:00,177.9,S,S,0.0000,0.0000,0.0,0,,,2.620,5.00
2025-02-07,2025,2,7,38,287,1435.0,99.7,65.68,67.28,2025-02-07T20:00:00-06:00,64.04,2025-02-07T01:25:00-06:00,65.49,67.10,63.75,99.36,100.00,99.00,1019.93,1022.00,1018.70,2.95,6.93,0.00,17.67,2025-02-07T08:20:00-06:00,157.4,SSE,SE,0.0000,0.0000,0.0,0,,,2.620,5.00
2025-02-08,2025,2,8,39,287,1435.0,99.7,66.23,68.36,2025-02-08T15:20:00-06:00,63.86,2025-02-08T06:20:00-06:00,66.03,68.36,63.57,99.34,100.00,99.00,1018.68,1020.50,1017.20,7.33,14.09,0.45,75.61,2025-02-08T03:25:00-06:00,187.2,S,SSW,0.0000,0.0000,0.0,0,,,2.620,5.00
2025-02-09,2025,2,9,40,287,1435.0,99.7,67.34,73.22,2025-02-09T13:55:00-06:00,64.22,2025-02-09T07:15:00-06:00,66.59,70.40,63.93,97.48,100.00,89.00,1019.98,1021.60,1018.30,2.67,6.26,0.00,17.22,2025-02-09T00:15:00-06:00,221.8,SW,SW,0.0000,0.0000,0.0,0,,,2.620,5.00
2025-02-10,2025,2,10,41,287,1435.0,99.7,65.19,68.72,2025-02-10T03:15:00-06:00,61.70,2025-02-10T11:05:00-06:00,63.83,67.64,60.01,95.40,100.00,89.00,1020.93,1023.40,1018.60,7.97,16.11,0.00,27.29,2025-02-10T11:15:00-06:00,37.0,NE,NE,0.0000,0.0000,0.0,0,,,2.610,5.00
2025-02-11,2025,2,11,42,287,1435.0,99.7,67.78,70.88,2025-02-11T17:20:00-06:00,64.22,2025-02-11T00:05:00-06:00,67.19,69.45,63.35,98.03,100.00,86.00,1013.86,1018.40,1010.30,7.28,13.65,0.00,19.24,2025-02-11T17:05:00-06:00,183.8,S,SSW,0.0399,0.0399,50.0,0,,,2.620,5.00
2025-02-12,2025,2,12,43,287,1435.0,99.7,69.45,70.70,2025-02-12T15:35:00-06:00,67.82,2025-02-12T02:35:00-06:00,68.71,69.93,67.53,97.53,100.00,94.00,1008.34,1010.50,1006.40,11.99,18.34,2.46,23.49,2025-02-12T16:35:00-06:00,195.0,SSW,SSW,0.2392,0.2392,30.0,583,7.06,3.73,2.620,5.00
2025-02-13,2025,2,13,44,288,1440.0,100.0,61.35,69.44,2025-02-13T00:35:00-06:00,51.44,2025-02-13T23:45:00-06:00,56.14,69.44,45.32,83.52,100.00,63.00,1019.29,1027.10,1008.90,13.58,23.94,0.22,35.34,2025-02-13T17:10:00-06:00,9.3,N,NNE,0.2878,0.2878,105.0,1068,13.45,4.35,2.620,5.00
2025-02-14,2025,2,14,45,287,1435.0,99.7,57.14,65.12,2025-02-14T21:10:00-06:00,48.20,2025-02-14T05:50:00-06:00,50.04,62.69,39.24,77.34,93.00,61.00,1025.62,1029.40,1021.10,10.77,23.49,0.00,49.21,2025-02-14T03:20:00-06:00,63.6,ENE,NE,0.0000,0.0000,0.0,0,,,2.610,5.00
2025-02-15,2025,2,15,46,287,1435.0,99.7,66.68,68.90,2025-02-15T22:55:00-06:00,64.76,2025-02-15T00:05:00-06:00,65.75,68.31,62.69,96.84,100.00,93.00,1014.06,1021.10,1005.50,9.57,19.91,2.01,25.50,2025-02-15T23:55:00-06:00,176.3,S,S,0.0000,0.0000,5.0,0,,,2.620,5.00
2025-02-16,2025,2,16,47,288,1440.0,100.0,60.45,69.62,2025-02-16T02:35:00-06:00,44.42,2025-02-16T23:45:00-06:00,52.69,66.97,36.99,76.07,93.00,62.00,1013.98,1021.90,1004.80,11.28,20.36,0.67,30.87,2025-02-16T22:20:00-06:00,343.6,NNW,N,0.2860,0.2860,190.0,862,11.71,4.97,2.620,5.00
2025-02-17,2025,2,17,48,287,1435.0,99.7,46.95,55.58,2025-02-17T16:50:00-06:00,38.48,2025-02-17T05:35:00-06:00,35.40,40.86,31.57,64.95,80.00,42.00,1021.83,1024.10,1020.40,13.09,24.61,0.67,36.24,2025-02-17T02:05:00-06:00,20.3,NNE,NE,0.0000,0.0000,0.0,0,,,2.620,5.00
2025-02-18,2025,2,18,49,287,1435.0,99.7,55.60,60.26,2025-02-18T20:00:00-06:00,50.36,2025-02-18T06:30:00-06:00,44.38,51.20,38.68,66.02,83.00,58.00,1019.46,1021.90,1015.40,6.91,17.22,0.00,24.61,2025-02-18T22:55:00-06:00,100.1,E,ENE,0.1370,0.1370,170.0,0,,,2.620,5.00
2025-02-19,2025,2,19,50,288,1440.0,100.0,51.17,57.20,2025-02-19T06:45:00-06:00,38.84,2025-02-19T23:55:00-06:00,46.70,54.12,32.89,84.67,92.00,77.00,1016.60,1021.00,1012.00,15.07,35.57,0.89,61.29,2025-02-19T02:50:00-06:00,28.3,NNE,N,1.5805,1.5805,490.0,86,5.26,1.24,2.600,5.00
2025-02-20,2025,2,20,51,287,1435.0,99.7,37.80,43.34,2025-02-20T15:35:00-06:00,30.92,2025-02-20T07:15:00-06:00,26.84,33.02,22.61,65.26,81.00,46.00,1025.27,1028.90,1020.60,18.61,26.84,2.01,38.92,2025-02-20T06:10:00-06:00,9.4,N,N,0.0000,0.0000,0.0,0,,,2.610,5.00
2025-02-21,2025,2,21,52,287,1435.0,99.7,40.27,48.38,2025-02-21T16:50:00-06:00,32.72,2025-02-21T05:20:00-06:00,26.20,34.26,22.02,57.83,70.00,38.00,1029.70,1032.60,1028.00,14.04,24.38,1.12,42.73,2025-02-21T07:25:00-06:00,28.4,NNE,NE,0.0000,0.0000,0.0,0,,,2.620,5.00
2025-02-22,2025,2,22,53,287,1435.0,99.7,50.54,58.46,2025-02-22T14:45:00-06:00,45.14,2025-02-22T01:05:00-06:00,39.78,47.51,29.48,66.63,83.00,53.00,1026.82,1029.40,1024.50,6.09,13.65,0.00,18.57,2025-02-22T09:00:00-06:00,37.5,NE,NE,0.0000,0.0000,0.0,0,,,2.620,5.00
2025-02-23,2025,2,23,54,287,1435.0,99.7,50.13,56.66,2025-02-23T22:20:00-06:00,47.66,2025-02-23T14:25:00-06:00,44.03,54.36,38.85,80.16,93.00,63.00,1020.02,1024.80,1014.60,8.37,35.79,0.00,54.80,2025-02-23T17:50:00-06:00,53.6,NE,NE,0.8876,0.8876,760.0,0,,,2.580,5.00
2025-02-24,2025,2,24,55,287,1435.0,99.7,54.88,60.98,2025-02-24T16:55:00-06:00,50.18,2025-02-24T03:15:00-06:00,51.86,55.58,48.52,89.69,94.00,81.00,1014.10,1015.30,1012.50,9.94,17.22,0.45,25.05,2025-02-24T12:40:00-06:00,32.0,NNE,NE,0.0590,0.0590,80.0,0,,,2.560,5.00
2025-02-25,2025,2,25,56,287,1435.0,99.7,59.01,65.12,2025-02-25T14:15:00-06:00,52.88,2025-02-25T06:05:00-06:00,54.67,58.26,51.20,85.82,95.00,69.00,1014.19,1017.10,1012.30,3.35,9.84,0.00,12.75,2025-02-25T00:50:00-06:00,320.4,NW,N,0.0000,0.0000,0.0,0,,,2.620,5.00
2025-02-26,2025,2,26,57,287,1435.0,99.7,62.21,69.98,2025-02-26T10:15:00-06:00,55.22,2025-02-26T05:50:00-06:00,57.50,60.93,53.81,85.01,96.00,67.00,1015.53,1018.00,1013.60,2.19,5.37,0.00,8.28,2025-02-26T00:10:00-06:00,222.0,SW,SW,0.0000,0.0000,0.0,0,,,2.620,5.00
2025-02-27,2025,2,27,58,287,1435.0,99.7,62.89,66.38,2025-02-27T15:15:00-06:00,59.00,2025-02-27T06:05:00-06:00,59.23,61.30,51.37,87.99,95.00,72.00,1016.75,1019.00,1014.80,2.68,7.61,0.00,11.18,2025-02-27T15:35:00-06:00,287.4,WNW,WSW,0.0000,0.0000,0.0,0,,,2.630,5.00
2025-02-28,2025,2,28,59,287,1435.0,99.7,60.77,65.30,2025-02-28T14:20:00-06:00,55.22,2025-02-28T06:25:00-06:00,50.70,56.34,43.61,69.58,80.00,52.00,1018.02,1020.30,1015.20,4.97,12.30,0.00,17.22,2025-02-28T03:05:00-06:00,315.7,NW,SW,0.0000,0.0000,0.0,0,,,2.610,5.00
2025-03-01,2025,3,1,60,287,1435.0,99.7,63.34,67.28,2025-03-01T10:00:00-06:00,58.28,2025-03-01T05:50:00-06:00,55.71,59.03,40.21,76.85,93.00,46.00,1014.93,1017.70,1013.00,4.02,11.63,0.00,18.57,2025-03-01T23:50:00-06:00,275.7,W,N,0.0000,0.0000,0.0,0,,,2.630,5.00
2025-03-02,2025,3,2,61,287,1435.0,99.7,56.81,61.70,2025-03-02T16:15:00-06:00,51.08,2025-03-02T09:15:00-06:00,38.26,49.27,31.01,50.27,71.00,37.00,1019.83,1022.20,1017.80,10.75,21.25,0.00,31.99,2025-03-02T10:10:00-06:00,28.0,NNE,NE,0.0000,0.0000,0.0,0,,,2.630,5.00
2025-03-03,2025,3,3,62,287,1435.0,99.7,59.43,64.04,2025-03-03T12:00:00-06:00,52.88,2025-03-03T06:20:00-06:00,48.16,56.13,37.07,66.72,83.00,50.00,1019.25,1021.50,1016.20,6.98,10.74,0.00,14.99,2025-03-03T23:50:00-06:00,107.5,ESE,SE,0.0000,0.0000,0.0,0,,,2.620,5.00
2025-03-04,2025,3,4,63,287,1435.0,99.7,64.26,68.72,2025-03-04T21:20:00-06:00,60.62,2025-03-04T23:15:00-06:00,59.91,66.30,51.49,86.02,96.00,67.00,1009.08,1016.30,1001.20,13.57,28.41,0.22,47.65,2025-03-04T20:20:00-06:00,173.0,S,S,0.5204,0.5204,295.0,497,10.42,3.11,2.630,5.00
2025-03-05,2025,3,5,64,287,1435.0,99.7,61.74,64.94,2025-03-05T03:35:00-06:00,54.50,2025-03-05T23:55:00-06:00,48.55,58.53,34.30,62.78,87.00,42.00,1008.95,1015.70,1004.60,8.02,13.42,0.00,27.51,2025-03-05T18:30:00-06:00,282.3,WNW,WSW,0.0000,0.0000,0.0,0,,,2.610,5.00
2025-03-06,2025,3,6,65,287,1435.0,99.7,54.95,60.80,2025-03-06T13:10:00-06:00,48.38,2025-03-06T06:20:00-06:00,38.44,46.51,29.16,54.33,70.00,30.00,1017.23,1019.60,1015.70,6.51,13.42,0.00,23.26,2025-03-06T05:55:00-06:00,328.2,NNW,NNW,0.0000,0.0000,0.0,0,,,2.620,5.00
2025-03-07,2025,3,7,66,287,1435.0,99.7,61.34,64.94,2025-03-07T13:20:00-06:00,55.40,2025-03-07T00:05:00-06:00,54.09,62.58,45.78,77.42,95.00,64.00,1015.19,1018.40,1011.00,5.75,13.87,0.00,16.33,2025-03-07T20:45:00-06:00,171.8,S,S,0.0000,0.0000,0.0,0,,,2.630,5.00
2025-03-08,2025,3,8,67,287,1435.0,99.7,66.06,71.96,2025-03-08T15:00:00-06:00,62.78,2025-03-08T06:45:00-06:00,64.07,66.34,62.21,93.56,99.00,75.00,1010.80,1013.80,1008.70,6.00,11.86,0.00,19.24,2025-03-08T23:15:00-06:00,81.1,E,NE,0.1706,0.1706,65.0,164,9.62,3.11,2.620,5.00
2025-03-09,2025,3,9,68,275,1375.0,99.6,63.62,66.38,2025-03-09T00:05:00-06:00,59.54,2025-03-09T23:10:00-05:00,61.81,66.09,58.69,93.97,99.00,82.00,1009.21,1010.70,1007.10,9.96,24.61,0.00,44.07,2025-03-09T03:55:00-05:00,22.7,NNE,NNE,1.1162,1.1162,200.0,1190,12.43,3.11,2.610,5.00
2025-03-10,2025,3,10,69,287,1435.0,99.7,59.52,67.82,2025-03-10T16:00:00-05:00,54.68,2025-03-10T07:00:00-05:00,54.23,59.13,50.26,82.94,97.00,68.00,1012.28,1015.40,1009.00,6.75,12.75,0.00,22.59,2025-03-10T06:40:00-05:00,341.8,NNW,NNW,0.0000,0.0000,0.0,0,,,2.610,5.00
2025-03-11,2025,3,11,70,286,1430.0,99.3,63.16,67.82,2025-03-11T10:05:00-05:00,56.84,2025-03-11T06:55:00-05:00,50.19,56.25,41.34,63.07,75.00,43.00,1015.82,1017.80,1014.70,5.01,9.17,0.00,15.43,2025-03-11T23:10:00-05:00,252.9,WSW,SW,0.0000,0.0000,0.0,0,,,2.630,5.00
2025-03-12,2025,3,12,71,286,1430.0,99.3,65.04,68.18,2025-03-12T12:25:00-05:00,60.62,2025-03-12T05:35:00-05:00,58.07,63.18,53.84,78.35,90.00,66.00,1014.83,1017.30,1012.90,5.77,13.42,0.00,17.00,2025-03-12T00:25:00-05:00,215.3,SW,WSW,0.0000,0.0000,0.0,0,,,2.630,5.00
2025-03-13,2025,3,13,72,287,1435.0,99.7,67.35,69.62,2025-03-13T17:30:00-05:00,65.66,2025-03-13T04:30:00-05:00,65.52,67.19,61.86,93.89,97.00,87.00,1011.12,1012.90,1009.40,6.67,17.00,0.00,20.13,2025-03-13T00:40:00-05:00,195.6,SSW,SSW,0.0000,0.0000,0.0,0,,,2.630,5.00
2025-03-14,2025,3,14,73,287,1435.0,99.7,68.34,69.80,2025-03-14T13:05:00-05:00,67.10,2025-03-14T02:30:00-05:00,66.90,67.82,65.31,95.21,99.00,90.00,1009.62,1011.60,1007.40,10.21,16.33,1.79,22.59,2025-03-14T21:55:00-05:00,168.7,SSE,S,0.0000,0.0000,0.0,0,,,2.630,5.00
2025-03-15,2025,3,15,74,287,1435.0,99.7,69.88,72.14,2025-03-15T20:50:00-05:00,68.18,2025-03-15T00:05:00-05:00,68.00,70.32,65.45,93.80,96.00,88.00,1003.37,1007.20,999.40,17.48,23.94,4.03,34.67,2025-03-15T19:30:00-05:00,183.0,S,S,0.1001,0.1001,365.0,320,16.60,0.62,2.620,5.00
2025-03-16,2025,3,16,75,287,1435.0,99.7,67.47,70.52,2025-03-16T17:10:00-05:00,58.46,2025-03-16T23:55:00-05:00,51.44,67.55,36.37,58.17,92.00,34.00,1011.43,1020.30,1004.00,7.35,14.76,0.00,25.95,2025-03-16T19:15:00-05:00,314.3,NW,NNW,0.0000,0.0000,0.0,0,,,2.610,5.00
2025-03-17,2025,3,17,76,287,1435.0,99.7,60.00,67.10,2025-03-17T14:35:00-05:00,54.50,2025-03-17T08:25:00-05:00,39.55,52.38,25.45,47.80,71.00,28.00,1022.83,1025.30,1020.30,6.54,12.53,0.00,21.70,2025-03-17T07:30:00-05:00,347.3,NNW,N,0.0000,0.0000,0.0,0,,,2.620,5.00
2025-03-18,2025,3,18,77,287,1435.0,99.7,63.53,66.38,2025-03-18T17:05:00-05:00,59.00,2025-03-18T06:55:00-05:00,53.08,57.32,46.54,69.10,84.00,51.00,1020.48,1022.70,1017.50,6.92,14.32,0.00,18.34,2025-03-18T23:05:00-05:00,193.2,SSW,SSW,0.0000,0.0000,0.0,0,,,2.620,5.00
2025-03-19,2025,3,19,78,287,1435.0,99.7,68.43,73.76,2025-03-19T13:25:00-05:00,66.02,2025-03-19T01:00:00-05:00,63.30,67.01,55.73,83.86,93.00,69.00,1014.31,1017.40,1011.50,9.87,17.67,0.00,22.15,2025-03-19T18:10:00-05:00,199.5,SSW,SSW,0.0000,0.0000,0.0,0,,,2.630,5.00
2025-03-20,2025,3,20,79,287,1435.0,99.7,60.89,69.44,2025-03-20T00:05:00-05:00,54.86,2025-03-20T23:40:00-05:00,42.35,67.33,34.08,52.03,93.00,40.00,1016.56,1021.50,1010.70,10.65,16.33,0.00,26.84,2025-03-20T19:05:00-05:00,344.0,NNW,NNW,0.0000,0.0000,0.0,0,,,2.620,5.00
2025-03-21,2025,3,21,80,287,1435.0,99.7,55.62,61.16,2025-03-21T23:50:00-05:00,50.36,2025-03-21T06:20:00-05:00,38.82,48.72,31.22,53.48,66.00,41.00,1021.13,1023.20,1019.60,6.37,11.86,0.00,15.88,2025-03-21T22:25:00-05:00,295.4,WNW,N,0.0000,0.0000,0.0,0,,,2.630,5.00
2025-03-22,2025,3,22,81,287,1435.0,99.7,64.84,69.98,2025-03-22T10:40:00-05:00,59.72,2025-03-22T06:15:00-05:00,54.56,58.22,49.06,69.43,77.00,60.00,1019.39,1021.70,1017.70,4.51,8.72,0.00,14.54,2025-03-22T00:25:00-05:00,230.3,SW,SW,0.0000,0.0000,0.0,0,,,2.620,5.00
2025-03-23,2025,3,23,82,287,1435.0,99.7,66.69,67.82,2025-03-23T12:25:00-05:00,64.76,2025-03-23T06:45:00-05:00,60.88,63.48,57.67,81.63,87.00,74.00,1017.29,1019.30,1014.50,8.87,14.99,0.22,20.80,2025-03-23T19:50:00-05:00,187.9,S,S,0.0000,0.0000,0.0,0,,,2.630,5.00
2025-03-24,2025,3,24,83,287,1435.0,99.7,65.06,67.82,2025-03-24T08:15:00-05:00,61.70,2025-03-24T11:20:00-05:00,61.44,65.72,58.44,88.14,94.00,79.00,1015.40,1019.40,1013.30,4.96,16.78,0.00,26.40,2025-03-24T09:30:00-05:00,166.8,SSE,SSW,0.8633,0.8633,235.0,397,11.29,0.62,2.630,5.00
2025-03-25,2025,3,25,84,287,1435.0,99.7,64.97,68.90,2025-03-25T17:00:00-05:00,59.54,2025-03-25T08:05:00-05:00,60.70,64.99,57.81,86.37,98.00,73.00,1018.12,1020.30,1015.70,4.64,7.61,0.00,12.30,2025-03-25T19:45:00-05:00,229.5,SW,NE,0.0000,0.0000,0.0,0,,,2.620,5.00
2025-03-26,2025,3,26,85,287,1435.0,99.7,70.69,77.36,2025-03-26T12:30:00-05:00,66.02,2025-03-26T05:30:00-05:00,66.15,68.56,63.81,85.85,94.00,70.00,1020.09,1022.70,1018.30,2.74,6.26,0.00,10.29,2025-03-26T00:10:00-05:00,278.8,W,WSW,0.0000,0.0000,0.0,0,,,2.630,5.00
2025-03-27,2025,3,27,86,287,1435.0,99.7,69.83,72.32,2025-03-27T10:10:00-05:00,67.82,2025-03-27T06:45:00-05:00,59.99,65.60,52.64,71.64,87.00,50.00,1021.36,1023.80,1019.40,6.59,12.75,0.00,18.34,2025-03-27T11:10:00-05:00,108.6,ESE,SE,0.0000,0.0000,0.0,0,,,2.630,5.00
2025-03-28,2025,3,28,87,287,1435.0,99.7,69.68,71.60,2025-03-28T13:15:00-05:00,67.64,2025-03-28T03:25:00-05:00,64.75,66.16,62.28,84.39,88.00,78.00,1019.35,1021.40,1017.50,11.01,17.00,0.22,24.61,2025-03-28T11:20:00-05:00,143.5,SE,SSE,0.0000,0.0000,0.0,0,,,2.620,5.00
2025-03-29,2025,3,29,88,287,1435.0,99.7,70.19,70.88,2025-03-29T16:20:00-05:00,69.44,2025-03-29T12:30:00-05:00,67.16,69.02,65.25,90.16,95.00,85.00,1015.24,1017.50,1012.90,11.49,19.46,2.24,24.83,2025-03-29T15:00:00-05:00,157.6,SSE,SSE,0.0837,0.0837,135.0,1,2.49,2.49,2.620,5.00
2025-03-30,2025,3,30,89,287,1435.0,99.7,70.88,73.58,2025-03-30T16:15:00-05:00,67.82,2025-03-30T18:40:00-05:00,69.19,71.39,65.10,94.41,97.00,90.00,1012.19,1013.70,1010.70,10.42,19.68,0.45,26.40,2025-03-30T21:20:00-05:00,165.6,SSE,S,0.2390,0.2390,185.0,1375,17.45,1.86,2.620,5.00
2025-03-31,2025,3,31,90,286,1430.0,99.3,71.51,74.48,2025-03-31T16:45:00-05:00,65.66,2025-03-31T10:25:00-05:00,68.92,72.08,63.87,91.86,98.00,73.00,1011.05,1016.00,1008.90,6.47,18.79,0.00,27.74,2025-03-31T13:10:00-05:00,230.4,SW,WSW,0.9068,0.9068,235.0,558,10.32,0.00,2.610,5.00
2025-04-01,2025,4,1,91,287,1435.0,99.7,69.44,72.14,2025-04-01T13:05:00-05:00,64.94,2025-04-01T09:25:00-05:00,67.16,71.66,62.74,92.53,99.00,83.00,1013.14,1015.80,1011.60,8.72,18.79,0.00,55.92,2025-04-01T23:20:00-05:00,110.5,ESE,SSE,0.0000,0.0000,0.0,0,,,2.630,5.00
2025-04-02,2025,4,2,92,287,1435.0,99.7,73.18,74.66,2025-04-02T12:55:00-05:00,71.60,2025-04-02T06:45:00-05:00,72.11,72.85,70.94,96.49,100.00,92.00,1013.71,1014.90,1012.10,13.21,22.15,2.24,51.45,2025-04-02T03:45:00-05:00,164.8,SSE,SSE,0.0000,0.0000,0.0,0,,,2.630,5.00
2025-04-03,2025,4,3,93,287,1435.0,99.7,73.83,75.02,2025-04-03T12:10:00-05:00,72.68,2025-04-03T02:45:00-05:00,72.55,73.16,71.96,95.79,98.00,93.00,1015.76,1017.80,1013.90,11.94,17.67,2.24,23.04,2025-04-03T00:10:00-05:00,163.3,SSE,SSE,0.0000,0.0000,0.0,0,,,2.620,5.00
2025-04-04,2025,4,4,94,287,1435.0,99.7,73.68,74.66,2025-04-04T12:30:00-05:00,72.86,2025-04-04T07:10:00-05:00,72.46,72.98,71.96,95.99,98.00,93.00,1017.26,1018.30,1016.10,11.24,15.88,2.46,23.94,2025-04-04T21:50:00-05:00,146.9,SSE,SSE,0.0000,0.0000,0.0,0,,,2.630,5.00
2025-04-05,2025,4,5,95,287,1435.0,99.7,74.36,75.38,2025-04-05T11:40:00-05:00,73.58,2025-04-05T06:40:00-05:00,73.01,73.62,72.54,95.60,98.00,92.00,1015.22,1016.80,1012.90,12.96,22.82,2.46,28.63,2025-04-05T23:40:00-05:00,164.1,SSE,SSE,0.0000,0.0000,0.0,0,,,2.620,5.00
2025-04-06,2025,4,6,96,287,1435.0,99.7,74.58,76.28,2025-04-06T18:15:00-05:00,67.28,2025-04-06T23:45:00-05:00,72.98,74.11,66.10,94.81,96.00,92.00,1010.28,1013.00,1005.20,14.13,25.95,0.22,32.66,2025-04-06T07:35:00-05:00,194.3,SSW,S,2.3149,2.3149,725.0,5218,11.47,2.49,2.620,5.00
2025-04-07,2025,4,7,97,288,1440.0,100.0,57.67,67.10,2025-04-07T00:00:00-05:00,53.06,2025-04-07T22:50:00-05:00,54.11,65.92,45.87,88.15,96.00,74.00,1009.52,1015.50,999.70,10.94,18.79,0.89,54.80,2025-04-07T02:55:00-05:00,350.4,N,N,1.1250,1.1250,525.0,1413,9.32,1.86,2.590,5.00
2025-04-08,2025,4,8,98,287,1435.0,99.7,60.43,68.72,2025-04-08T13:10:00-05:00,50.36,2025-04-08T06:30:00-05:00,49.13,54.68,45.07,67.17,84.00,47.00,1016.61,1018.40,1015.00,6.88,14.32,0.00,22.15,2025-04-08T04:55:00-05:00,351.4,N,N,0.0000,0.0000,0.0,0,,,2.590,5.00
2025-04-09,2025,4,9,99,287,1435.0,99.7,63.27,68.18,2025-04-09T23:55:00-05:00,57.02,2025-04-09T05:10:00-05:00,50.51,57.28,43.40,63.42,78.00,47.00,1019.73,1021.50,1017.90,6.65,13.42,0.00,21.03,2025-04-09T01:00:00-05:00,11.0,N,SW,0.0000,0.0000,0.0,0,,,2.630,5.00
2025-04-10,2025,4,10,100,287,1435.0,99.7,69.35,74.48,2025-04-10T12:25:00-05:00,64.22,2025-04-10T06:35:00-05:00,59.15,65.46,54.79,70.22,84.00,57.00,1019.84,1021.80,1017.60,5.75,10.51,0.00,17.45,2025-04-10T23:05:00-05:00,260.8,W,WSW,0.0000,0.0000,0.0,0,,,2.630,5.00
2025-04-11,2025,4,11,101,287,1435.0,99.7,71.33,77.36,2025-04-11T12:40:00-05:00,64.58,2025-04-11T06:25:00-05:00,55.58,65.79,41.25,60.46,87.00,28.00,1017.00,1018.20,1015.00,6.33,19.24,0.00,27.29,2025-04-11T23:25:00-05:00,348.9,N,N,0.0000,0.0000,0.0,0,,,2.630,5.00
2025-04-12,2025,4,12,102,287,1435.0,99.7,64.58,71.06,2025-04-12T17:50:00-05:00,57.38,2025-04-12T06:35:00-05:00,50.91,55.52,48.17,61.72,75.00,47.00,1018.30,1020.40,1016.60,7.60,20.80,0.00,31.09,2025-04-12T00:40:00-05:00,13.9,NNE,N,0.0000,0.0000,0.0,0,,,2.630,5.00
2025-04-13,2025,4,13,103,287,1435.0,99.7,67.62,70.16,2025-04-13T17:45:00-05:00,61.88,2025-04-13T05:45:00-05:00,53.52,60.37,46.54,60.73,72.00,51.00,1018.79,1020.50,1017.50,5.66,9.62,0.00,13.65,2025-04-13T19:35:00-05:00,167.0,SSE,SSW,0.0000,0.0000,0.0,0,,,2.630,5.00
2025-04-14,2025,4,14,104,287,1435.0,99.7,70.94,73.22,2025-04-14T12:20:00-05:00,68.54,2025-04-14T05:45:00-05:00,61.08,65.28,57.25,71.13,81.00,65.00,1018.39,1020.00,1017.10,6.48,9.17,0.22,16.11,2025-04-14T22:35:00-05:00,233.5,SW,SW,0.0000,0.0000,0.0,0,,,2.630,5.00
2025-04-15,2025,4,15,105,287,1435.0,99.7,72.15,75.56,2025-04-15T18:10:00-05:00,68.54,2025-04-15T23:55:00-05:00,59.39,65.29,49.73,65.53,83.00,41.00,1017.74,1019.10,1016.20,5.60,10.74,0.00,17.90,2025-04-15T14:10:00-05:00,356.7,N,N,0.0000,0.0000,0.0,0,,,2.630,5.00
2025-04-16,2025,4,16,106,287,1435.0,99.7,66.51,70.70,2025-04-16T12:45:00-05:00,60.26,2025-04-16T05:50:00-05:00,47.33,55.52,38.77,50.67,65.00,33.00,1018.81,1020.90,1017.30,7.23,13.20,0.00,19.68,2025-04-16T06:20:00-05:00,25.4,NNE,SW,0.0000,0.0000,0.0,0,,,2.630,5.00
2025-04-17,2025,4,17,107,287,1435.0,99.7,68.89,71.60,2025-04-17T14:35:00-05:00,63.68,2025-04-17T05:00:00-05:00,59.13,64.04,53.44,71.26,86.00,60.00,1018.57,1020.20,1017.40,7.07,17.67,0.00,21.70,2025-04-17T22:55:00-05:00,172.8,S,S,0.0000,0.0000,0.0,0,,,2.630,5.00
2025-04-18,2025,4,18,108,287,1435.0,99.7,72.18,74.30,2025-04-18T14:00:00-05:00,70.34,2025-04-18T03:30:00-05:00,67.57,70.79,62.76,85.54,94.00,76.00,1019.38,1021.30,1017.00,11.07,15.21,2.91,19.68,2025-04-18T08:55:00-05:00,175.9,S,S,0.0000,0.0000,0.0,0,,,2.630,5.00
2025-04-19,2025,4,19,109,287,1435.0,99.7,72.78,75.20,2025-04-19T12:15:00-05:00,71.24,2025-04-19T05:20:00-05:00,69.10,71.00,66.04,88.54,98.00,75.00,1021.05,1022.50,1019.40,7.90,11.18,0.00,16.78,2025-04-19T21:15:00-05:00,146.1,SE,SSE,0.0000,0.0000,0.0,0,,,2.630,5.00
2025-04-20,2025,4,20,110,287,1435.0,99.7,73.13,75.20,2025-04-20T13:20:00-05:00,71.60,2025-04-20T00:50:00-05:00,69.65,71.18,68.51,88.91,94.00,82.00,1019.59,1021.50,1018.40,9.94,14.32,2.01,19.46,2025-04-20T18:50:00-05:00,158.5,SSE,SSE,0.0000,0.0000,0.0,0,,,2.630,5.00
2025-04-21,2025,4,21,111,287,1435.0,99.7,74.01,75.56,2025-04-21T14:00:00-05:00,72.86,2025-04-21T00:10:00-05:00,71.19,72.37,69.75,90.99,97.00,84.00,1018.44,1019.80,1017.30,8.95,13.42,0.89,17.22,2025-04-21T11:30:00-05:00,173.8,S,S,0.0000,0.0000,0.0,0,,,2.630,5.00
2025-04-22,2025,4,22,112,287,1435.0,99.7,74.75,77.18,2025-04-22T12:20:00-05:00,73.22,2025-04-22T04:25:00-05:00,70.81,72.06,69.29,87.66,94.00,79.00,1017.16,1018.20,1016.00,8.23,12.30,0.45,14.99,2025-04-22T01:15:00-05:00,185.4,S,S,0.0000,0.0000,0.0,0,,,2.630,5.00
2025-04-23,2025,4,23,113,287,1435.0,99.7,74.96,76.64,2025-04-23T13:00:00-05:00,73.76,2025-04-23T23:45:00-05:00,69.78,71.86,66.84,84.04,91.00,76.00,1017.27,1018.80,1015.80,7.80,12.75,0.00,17.00,2025-04-23T13:50:00-05:00,182.5,S,S,0.0000,0.0000,0.0,0,,,2.620,5.00
2025-04-24,2025,4,24,114,123,615.0,42.7,73.84,75.56,2025-04-24T08:30:00-05:00,72.32,2025-04-24T06:15:00-05:00,68.52,70.38,67.22,83.50,87.00,80.00,1017.21,1018.40,1016.30,4.26,9.40,0.00,15.21,2025-04-24T10:00:00-05:00,131.3,SE,SSE,0.0000,0.0000,0.0,0,,,2.630,5.00
2025-04-25,2025,4,25,115,0,0.0,0.0,,,,,,,,,,,,,,,,,,,,,,,0.0000,0.0000,0.0,0,,,,
2025-04-26,2025,4,26,116,0,0.0,0.0,,,,,,,,,,,,,,,,,,,,,,,0.0000,0.0000,0.0,0,,,,
2025-04-27,2025,4,27,117,0,0.0,0.0,,,,,,,,,,,,,,,,,,,,,,,0.0000,0.0000,0.0,0,,,,
2025-04-28,2025,4,28,118,23,115.0,8.0,76.90,77.18,2025-04-28T22:05:00-05:00,76.64,2025-04-28T23:35:00-05:00,70.13,70.55,69.61,79.65,81.00,78.00,1019.51,1019.60,1019.40,6.21,7.61,2.01,10.07,2025-04-28T23:20:00-05:00,185.4,S,S,0.0000,0.0000,0.0,0,,,2.640,5.00
2025-04-29,2025,4,29,119,287,1435.0,99.7,77.46,79.52,2025-04-29T13:35:00-05:00,75.56,2025-04-29T06:50:00-05:00,70.90,73.00,68.82,80.32,87.00,72.00,1019.48,1021.40,1018.30,6.78,10.29,0.00,13.87,2025-04-29T14:30:00-05:00,163.2,SSE,SSE,0.0000,0.0000,0.0,0,,,2.620,5.00
2025-04-30,2025,4,30,120,287,1435.0,99.7,77.24,78.62,2025-04-30T12:20:00-05:00,75.92,2025-04-30T03:05:00-05:00,71.07,73.02,68.49,81.41,88.00,72.00,1016.71,1018.50,1013.80,9.50,17.45,1.12,22.82,2025-04-30T19:55:00-05:00,171.9,S,S,0.0000,0.0000,0.0,0,,,2.630,5.00
2025-05-01,2025,5,1,121,287,1435.0,99.7,76.73,78.08,2025-05-01T15:25:00-05:00,70.70,2025-05-01T10:30:00-05:00,70.00,72.67,63.81,79.85,88.00,70.00,1015.65,1018.60,1014.00,8.26,15.21,0.00,22.59,2025-05-01T20:35:00-05:00,179.2,S,S,0.5795,0.5795,110.0,406,14.35,1.86,2.630,5.00
2025-05-02,2025,5,2,122,287,1435.0,99.7,77.08,78.62,2025-05-02T22:30:00-05:00,71.42,2025-05-02T23:25:00-05:00,70.04,72.50,64.06,79.07,91.00,64.00,1013.85,1015.80,1011.80,10.11,16.55,0.89,55.03,2025-05-02T23:55:00-05:00,183.7,S,S,0.1596,0.1596,90.0,2666,8.35,1.24,2.630,5.00
2025-05-03,2025,5,3,123,6,30.0,2.1,73.46,74.12,2025-05-03T00:00:00-05:00,72.86,2025-05-03T00:20:00-05:00,70.77,71.00,70.67,91.33,93.00,89.00,1012.08,1012.20,1012.00,9.95,11.18,1.57,38.70,2025-05-03T00:00:00-05:00,49.3,NE,NE,0.5303,0.5303,30.0,392,7.88,4.97,2.650,5.00
2025-05-04,2025,5,4,124,0,0.0,0.0,,,,,,,,,,,,,,,,,,,,,,,0.0000,0.0000,0.0,0,,,,
2025-05-05,2025,5,5,125,0,0.0,0.0,,,,,,,,,,,,,,,,,,,,,,,0.0000,0.0000,0.0,0,,,,
2025-05-06,2025,5,6,126,0,0.0,0.0,,,,,,,,,,,,,,,,,,,,,,,0.0000,0.0000,0.0,0,,,,
2025-05-07,2025,5,7,127,0,0.0,0.0,,,,,,,,,,,,,,,,,,,,,,,0.0000,0.0000,0.0,0,,,,
2025-05-08,2025,5,8,128,0,0.0,0.0,,,,,,,,,,,,,,,,,,,,,,,0.0000,0.0000,0.0,0,,,,
2025-05-09,2025,5,9,129,250,1250.0,86.8,73.28,77.36,2025-05-09T09:35:00-05:00,66.92,2025-05-09T16:15:00-05:00,70.61,73.43,65.28,91.46,98.00,80.00,1012.78,1014.50,1010.60,5.73,17.45,0.00,46.53,2025-05-09T15:00:00-05:00,35.5,NE,NE,1.8299,1.8299,465.0,0,,,2.810,5.00
2025-05-10,2025,5,10,130,198,990.0,68.8,71.96,74.84,2025-05-10T13:00:00-05:00,65.84,2025-05-10T03:05:00-05:00,68.33,69.98,65.55,88.56,100.00,78.00,1010.16,1012.10,1003.40,6.01,27.74,0.00,54.58,2025-05-10T03:05:00-05:00,231.8,SW,WSW,1.9060,1.9060,180.0,0,,,2.810,5.00
2025-05-11,2025,5,11,131,288,1440.0,100.0,73.48,76.28,2025-05-11T16:25:00-05:00,67.46,2025-05-11T03:55:00-05:00,69.46,71.84,67.00,87.58,100.00,77.00,1012.09,1013.60,1010.70,5.82,10.07,0.00,13.87,2025-05-11T14:05:00-05:00,212.1,SSW,SW,0.0000,0.0000,0.0,0,,,2.810,5.00
2025-05-12,2025,5,12,132,288,1440.0,100.0,72.53,75.38,2025-05-12T10:30:00-05:00,67.64,2025-05-12T00:55:00-05:00,66.31,70.58,60.48,81.25,99.00,63.00,1011.08,1012.90,1009.00,6.17,10.29,0.00,27.51,2025-05-12T00:45:00-05:00,239.1,WSW,WSW,0.1400,0.1400,30.0,0,,,2.810,5.00
2025-05-13,2025,5,13,133,287,1435.0,99.7,74.34,78.44,2025-05-13T11:30:00-05:00,70.34,2025-05-13T05:55:00-05:00,67.96,74.34,64.50,80.84,96.00,64.00,1010.72,1012.20,1009.50,5.44,8.72,0.00,15.88,2025-05-13T16:10:00-05:00,260.7,W,SW,0.0000,0.0000,0.0,0,,,2.660,5.00
2025-05-14,2025,5,14,134,287,1435.0,99.7,77.16,79.70,2025-05-14T14:40:00-05:00,75.38,2025-05-14T00:05:00-05:00,74.82,77.18,72.49,92.68,100.00,82.00,1010.94,1012.50,1009.90,7.15,10.51,1.12,15.66,2025-05-14T22:25:00-05:00,221.3,SW,SW,0.0000,0.0000,0.0,0,,,2.630,5.00
2025-05-15,2025,5,15,135,287,1435.0,99.7,78.86,81.86,2025-05-15T13:15:00-05:00,77.00,2025-05-15T02:20:00-05:00,78.01,79.52,76.26,97.30,100.00,89.00,1012.49,1014.90,1009.80,5.96,8.50,0.67,15.66,2025-05-15T00:30:00-05:00,219.0,SW,SW,0.0000,0.0000,0.0,0,,,2.630,5.00
2025-05-16,2025,5,16,136,287,1435.0,99.7,79.79,82.04,2025-05-16T15:10:00-05:00,77.90,2025-05-16T04:25:00-05:00,78.75,80.42,77.60,96.72,100.00,90.00,1013.68,1014.80,1012.60,5.60,8.05,0.22,14.76,2025-05-16T22:50:00-05:00,218.6,SW,SW,0.0000,0.0000,0.0,0,,,2.630,5.00
2025-05-17,2025,5,17,137,287,1435.0,99.7,80.61,82.58,2025-05-17T14:55:00-05:00,78.80,2025-05-17T06:10:00-05:00,78.62,80.07,74.97,93.81,100.00,85.00,1013.61,1015.30,1012.30,6.14,10.29,0.22,16.55,2025-05-17T02:00:00-05:00,232.7,SW,SW,0.0000,0.0000,0.0,0,,,2.640,5.00
2025-05-18,2025,5,18,138,287,1435.0,99.7,80.59,83.84,2025-05-18T13:50:00-05:00,78.44,2025-05-18T04:45:00-05:00,74.68,76.15,72.02,82.40,90.00,71.00,1012.94,1014.20,1011.70,5.02,10.51,0.00,15.21,2025-05-18T23:40:00-05:00,221.7,SW,SW,0.0000,0.0000,0.0,0,,,2.620,5.00
2025-05-19,2025,5,19,139,287,1435.0,99.7,80.81,82.58,2025-05-19T13:55:00-05:00,78.98,2025-05-19T03:05:00-05:00,73.84,75.63,70.68,79.49,87.00,72.00,1011.64,1013.20,1010.20,7.09,14.32,0.00,17.90,2025-05-19T23:50:00-05:00,194.5,SSW,SSW,0.0000,0.0000,0.0,0,,,2.640,5.00
2025-05-20,2025,5,20,140,287,1435.0,99.7,81.81,84.02,2025-05-20T12:40:00-05:00,80.24,2025-05-20T06:15:00-05:00,76.26,78.47,73.66,83.40,89.00,76.00,1010.20,1012.20,1008.30,8.70,14.32,1.34,19.46,2025-05-20T09:20:00-05:00,208.3,SSW,SW,0.0000,0.0000,0.0,0,,,2.640,5.00
2025-05-21,2025,5,21,141,287,1435.0,99.7,79.68,81.68,2025-05-21T08:50:00-05:00,76.28,2025-05-21T14:00:00-05:00,67.64,78.89,51.70,68.84,95.00,38.00,1012.35,1014.30,1008.60,6.98,18.34,0.00,25.28,2025-05-21T14:05:00-05:00,337.8,NNW,NNE,0.3213,0.3213,70.0,1473,16.16,0.00,2.630,5.00
2025-05-22,2025,5,22,142,287,1435.0,99.7,78.55,82.76,2025-05-22T14:50:00-05:00,73.58,2025-05-22T05:20:00-05:00,67.75,72.65,60.09,70.47,88.00,48.00,1014.79,1016.60,1012.60,6.11,13.20,0.22,16.78,2025-05-22T16:35:00-05:00,130.3,SE,NNE,0.0000,0.0000,0.0,0,,,2.630,5.00
2025-05-23,2025,5,23,143,287,1435.0,99.7,80.47,82.40,2025-05-23T17:35:00-05:00,77.36,2025-05-23T06:20:00-05:00,74.26,76.73,71.95,81.48,86.00,74.00,1015.42,1016.90,1013.60,4.44,8.72,0.00,11.63,2025-05-23T16:10:00-05:00,206.1,SSW,SSW,0.0000,0.0000,0.0,0,,,2.630,5.00
2025-05-24,2025,5,24,144,287,1435.0,99.7,82.21,85.10,2025-05-24T13:55:00-05:00,78.98,2025-05-24T12:10:00-05:00,76.02,77.96,66.33,81.78,89.00,61.00,1016.39,1017.90,1015.00,4.54,10.07,0.00,12.97,2025-05-24T16:10:00-05:00,222.1,SW,SW,0.0619,0.0619,70.0,1056,11.69,0.62,2.630,5.00
2025-05-25,2025,5,25,145,287,1435.0,99.7,83.26,87.26,2025-05-25T14:15:00-05:00,77.00,2025-05-25T05:55:00-05:00,75.63,78.13,70.16,78.12,93.00,66.00,1016.70,1018.70,1014.50,4.23,11.86,0.00,17.67,2025-05-25T05:05:00-05:00,218.0,SW,SW,0.0488,0.0488,25.0,421,7.27,1.86,2.630,5.00
2025-05-26,2025,5,26,146,287,1435.0,99.7,82.07,84.20,2025-05-26T13:45:00-05:00,74.48,2025-05-26T06:45:00-05:00,76.37,78.14,72.21,83.03,95.00,77.00,1014.64,1015.90,1013.50,6.67,14.09,0.00,28.63,2025-05-26T06:35:00-05:00,212.1,SSW,SSW,0.4353,0.4353,85.0,667,10.02,0.00,2.630,5.00
2025-05-27,2025,5,27,147,287,1435.0,99.7,82.76,86.72,2025-05-27T15:30:00-05:00,71.60,2025-05-27T22:00:00-05:00,76.75,78.49,69.78,82.26,96.00,68.00,1014.77,1017.30,1012.90,6.95,34.90,0.00,60.62,2025-05-27T21:55:00-05:00,211.2,SSW,SSW,0.5700,0.5700,35.0,3869,8.49,1.24,2.640,5.00
2025-05-28,2025,5,28,148,287,1435.0,99.7,79.85,85.64,2025-05-28T14:40:00-05:00,73.76,2025-05-28T23:55:00-05:00,74.09,78.79,66.25,82.87,94.00,68.00,1015.81,1017.40,1014.20,5.09,16.55,0.00,31.54,2025-05-28T19:35:00-05:00,190.8,S,SSW,0.8963,0.8963,225.0,4017,10.02,0.00,2.630,5.00
2025-05-29,2025,5,29,149,288,1440.0,100.0,76.37,79.88,2025-05-29T21:00:00-05:00,70.52,2025-05-29T09:35:00-05:00,72.95,75.66,68.71,89.28,96.00,80.00,1015.36,1017.80,1014.10,7.59,22.59,0.00,33.78,2025-05-29T14:05:00-05:00,180.9,S,S,0.6516,0.6516,370.0,1140,15.87,1.86,2.610,5.00
2025-05-30,2025,5,30,150,287,1435.0,99.7,82.70,87.26,2025-05-30T16:35:00-05:00,78.44,2025-05-30T04:10:00-05:00,75.45,78.69,71.15,79.08,90.00,64.00,1012.75,1014.80,1010.60,4.30,14.32,0.00,19.68,2025-05-30T23:50:00-05:00,318.0,NW,N,0.0000,0.0000,0.0,3,7.87,4.35,2.640,5.00
2025-05-31,2025,5,31,151,285,1425.0,99.0,76.55,81.32,2025-05-31T14:40:00-05:00,71.06,2025-05-31T07:10:00-05:00,62.78,71.04,51.22,63.55,81.00,38.00,1012.34,1014.10,1010.70,7.70,16.78,0.00,24.16,2025-05-31T00:45:00-05:00,7.8,N,N,0.0000,0.0000,0.0,0,,,2.640,5.00
2025-06-01,2025,6,1,152,287,1435.0,99.7,80.09,86.54,2025-06-01T10:40:00-05:00,74.66,2025-06-01T06:00:00-05:00,65.96,70.20,60.70,62.74,83.00,45.00,1012.42,1013.70,1011.30,3.64,7.16,0.00,10.96,2025-06-01T08:20:00-05:00,270.4,W,SW,0.0000,0.0000,0.0,1,3.11,3.11,2.640,5.00
2025-06-02,2025,6,2,153,287,1435.0,99.7,80.34,83.66,2025-06-02T12:50:00-05:00,77.00,2025-06-02T03:25:00-05:00,67.96,72.98,63.54,66.21,80.00,57.00,1014.27,1015.50,1013.00,3.98,9.17,0.00,13.42,2025-06-02T16:10:00-05:00,135.2,SE,S,0.0000,0.0000,0.0,0,,,2.630,5.00
2025-06-03,2025,6,3,154,287,1435.0,99.7,80.47,83.66,2025-06-03T10:55:00-05:00,77.36,2025-06-03T03:35:00-05:00,70.99,75.48,63.62,73.19,83.00,51.00,1014.43,1015.60,1013.60,6.55,10.96,0.00,17.22,2025-06-03T17:30:00-05:00,112.3,ESE,SE,0.0000,0.0000,0.0,0,,,2.640,5.00
2025-06-04,2025,6,4,155,287,1435.0,99.7,80.01,82.22,2025-06-04T12:05:00-05:00,77.18,2025-06-04T07:20:00-05:00,74.16,76.20,72.36,82.48,92.00,73.00,1013.98,1015.00,1012.70,5.92,11.86,0.00,17.67,2025-06-04T02:10:00-05:00,106.1,ESE,SE,0.0368,0.0368,10.0,0,,,2.640,5.00
2025-06-05,2025,6,5,156,287,1435.0,99.7,82.76,87.44,2025-06-05T10:10:00-05:00,78.44,2025-06-05T01:50:00-05:00,75.36,77.96,73.69,78.63,89.00,67.00,1014.84,1016.30,1013.30,3.18,6.04,0.00,10.74,2025-06-05T18:30:00-05:00,235.1,SW,SW,0.0000,0.0000,5.0,0,,,2.640,5.00
2025-06-06,2025,6,6,157,287,1435.0,99.7,84.20,86.54,2025-06-06T09:20:00-05:00,79.52,2025-06-06T04:45:00-05:00,77.28,79.73,74.47,80.01,92.00,68.00,1015.21,1017.00,1013.50,5.21,9.62,0.00,15.66,2025-06-06T21:30:00-05:00,241.4,WSW,WSW,0.0148,0.0148,35.0,0,,,2.640,5.00
2025-06-07,2025,6,7,158,287,1435.0,99.7,84.49,87.44,2025-06-07T12:50:00-05:00,78.08,2025-06-07T07:00:00-05:00,79.30,80.78,75.41,84.63,96.00,75.00,1013.87,1015.10,1012.20,6.46,11.63,0.00,19.46,2025-06-07T20:45:00-05:00,245.9,WSW,WSW,0.4230,0.4230,95.0,0,,,2.630,5.00
2025-06-08,2025,6,8,159,287,1435.0,99.7,84.50,87.44,2025-06-08T10:25:00-05:00,82.76,2025-06-08T05:50:00-05:00,79.13,80.79,77.26,84.08,90.00,72.00,1012.31,1014.00,1010.10,7.67,12.30,0.00,21.25,2025-06-08T20:05:00-05:00,244.2,WSW,WSW,0.0000,0.0000,0.0,9,9.46,3.73,2.620,5.00
2025-06-09,2025,6,9,160,287,1435.0,99.7,82.99,85.10,2025-06-09T15:30:00-05:00,71.78,2025-06-09T22:55:00-05:00,78.07,79.73,69.07,85.25,98.00,73.00,1012.09,1014.90,1010.20,7.44,11.86,0.00,25.95,2025-06-09T22:40:00-05:00,241.4,WSW,WSW,0.5306,0.5306,95.0,2319,12.48,3.11,2.630,5.00
2025-06-10,2025,6,10,161,288,1440.0,100.0,80.23,85.28,2025-06-10T13:10:00-05:00,72.14,2025-06-10T00:30:00-05:00,74.72,79.73,69.60,83.60,97.00,66.00,1014.63,1016.90,1012.50,4.62,15.66,0.00,24.61,2025-06-10T19:10:00-05:00,244.9,WSW,SW,0.2431,0.2431,170.0,1336,11.37,1.24,2.630,5.00
2025-06-11,2025,6,11,162,287,1435.0,99.7,80.22,84.92,2025-06-11T12:30:00-05:00,72.68,2025-06-11T19:45:00-05:00,74.31,78.49,69.46,82.39,95.00,72.00,1016.52,1017.80,1014.90,4.06,17.22,0.00,31.99,2025-06-11T19:35:00-05:00,97.8,E,NE,0.5442,0.5442,45.0,1011,16.07,2.49,2.630,5.00
2025-06-12,2025,6,12,163,287,1435.0,99.7,83.22,84.92,2025-06-12T13:00:00-05:00,78.98,2025-06-12T00:05:00-05:00,77.58,79.55,74.08,83.25,91.00,75.00,1015.42,1017.20,1014.00,7.87,11.41,0.00,15.88,2025-06-12T08:45:00-05:00,176.3,S,S,0.0000,0.0000,0.0,79,6.53,0.62,2.630,5.00
2025-06-13,2025,6,13,164,287,1435.0,99.7,83.45,87.26,2025-06-13T11:05:00-05:00,78.98,2025-06-13T15:35:00-05:00,77.80,79.60,72.81,83.25,92.00,70.00,1015.12,1016.30,1013.90,5.20,12.53,0.00,28.41,2025-06-13T15:35:00-05:00,200.6,SSW,S,0.2012,0.2012,35.0,120,12.68,1.86,2.640,5.00
2025-06-14,2025,6,14,165,158,790.0,54.9,83.93,88.16,2025-06-14T12:15:00-05:00,81.32,2025-06-14T04:25:00-05:00,78.71,80.76,76.02,84.55,91.00,72.00,1016.48,1017.90,1015.30,3.42,10.29,0.00,12.75,2025-06-14T04:20:00-05:00,223.4,SW,WSW,0.1211,0.1211,45.0,160,6.35,1.24,2.640,5.00
2025-06-15,2025,6,15,166,0,0.0,0.0,,,,,,,,,,,,,,,,,,,,,,,0.0000,0.0000,0.0,0,,,,
2025-06-16,2025,6,16,167,0,0.0,0.0,,,,,,,,,,,,,,,,,,,,,,,0.0000,0.0000,0.0,0,,,,
2025-06-17,2025,6,17,168,133,665.0,46.2,83.84,84.74,2025-06-17T18:55:00-05:00,82.22,2025-06-17T13:45:00-05:00,78.14,79.73,75.23,83.08,87.00,78.00,1015.27,1016.20,1014.50,5.31,9.62,0.00,12.75,2025-06-17T15:25:00-05:00,193.9,SSW,SSW,0.0083,0.0083,5.0,0,,,2.810,5.00
2025-06-18,2025,6,18,169,288,1440.0,100.0,85.04,87.80,2025-06-18T15:10:00-05:00,82.76,2025-06-18T04:25:00-05:00,77.15,79.38,74.17,77.50,86.00,66.00,1016.38,1017.90,1014.40,6.26,14.99,0.00,18.57,2025-06-18T04:20:00-05:00,199.9,SSW,SSW,0.0007,0.0007,10.0,0,,,2.810,5.00
2025-06-19,2025,6,19,170,288,1440.0,100.0,84.27,91.04,2025-06-19T11:20:00-05:00,77.90,2025-06-19T17:20:00-05:00,76.70,79.90,72.28,78.39,91.00,64.00,1017.63,1018.90,1016.30,4.07,25.28,0.00,34.67,2025-06-19T16:55:00-05:00,287.2,WNW,WSW,0.1396,0.1396,40.0,0,,,2.810,5.00
2025-06-20,2025,6,20,171,288,1440.0,100.0,85.20,91.58,2025-06-20T12:05:00-05:00,80.06,2025-06-20T06:00:00-05:00,77.44,79.28,74.96,78.02,92.00,61.00,1017.33,1018.90,1015.70,2.73,6.26,0.00,10.29,2025-06-20T11:45:00-05:00,278.1,W,WSW,0.0000,0.0000,0.0,0,,,2.810,5.00
2025-06-21,2025,6,21,172,287,1435.0,99.7,85.36,90.68,2025-06-21T07:55:00-05:00,80.96,2025-06-21T10:25:00-05:00,77.59,81.09,72.69,77.78,92.00,65.00,1017.60,1019.00,1016.40,3.56,12.08,0.00,19.24,2025-06-21T10:25:00-05:00,214.9,SW,N,0.3291,0.3291,50.0,25,13.47,3.11,2.660,5.00
2025-06-22,2025,6,22,173,287,1435.0,99.7,84.39,87.26,2025-06-22T12:25:00-05:00,81.32,2025-06-22T02:20:00-05:00,76.98,80.44,72.48,78.87,92.00,62.00,1018.74,1020.40,1017.10,4.19,8.05,0.00,12.53,2025-06-22T10:15:00-05:00,111.7,ESE,S,0.0000,0.0000,0.0,208,17.28,1.86,2.640,5.00
2025-06-23,2025,6,23,174,287,1435.0,99.7,84.59,89.06,2025-06-23T14:05:00-05:00,76.28,2025-06-23T08:40:00-05:00,76.79,80.53,70.53,77.88,93.00,62.00,1019.19,1021.10,1017.70,4.65,10.51,0.00,39.59,2025-06-23T09:10:00-05:00,86.5,E,NE,0.5924,0.5924,40.0,1368,12.86,1.24,2.630,5.00
2025-06-24,2025,6,24,175,287,1435.0,99.7,84.41,87.62,2025-06-24T13:10:00-05:00,80.60,2025-06-24T01:40:00-05:00,77.07,80.20,72.29,79.22,94.00,63.00,1019.73,1021.30,1018.30,5.27,8.95,0.00,14.54,2025-06-24T08:50:00-05:00,105.2,ESE,NE,0.0184,0.0184,10.0,196,11.56,2.49,2.640,5.00
2025-06-25,2025,6,25,176,285,1425.0,99.0,85.71,92.30,2025-06-25T15:20:00-05:00,81.32,2025-06-25T05:40:00-05:00,75.89,80.17,69.29,73.51,93.00,48.00,1018.12,1019.90,1015.30,5.38,11.63,0.00,18.34,2025-06-25T09:30:00-05:00,16.8,NNE,NNE,0.0000,0.0000,0.0,841,18.80,1.86,2.630,5.00
2025-06-26,2025,6,26,177,287,1435.0,99.7,83.45,89.06,2025-06-26T16:25:00-05:00,78.98,2025-06-26T06:45:00-05:00,73.93,78.49,66.33,73.77,90.00,49.00,1016.18,1017.80,1014.80,4.42,14.54,0.00,23.26,2025-06-26T07:00:00-05:00,108.5,ESE,NE,0.0000,0.0000,0.0,1,2.49,2.49,2.640,5.00
2025-06-27,2025,6,27,178,287,1435.0,99.7,83.32,86.36,2025-06-27T12:25:00-05:00,77.36,2025-06-27T09:15:00-05:00,72.77,78.08,67.65,70.93,94.00,56.00,1016.85,1018.60,1015.40,3.97,13.20,0.00,19.91,2025-06-27T07:45:00-05:00,192.9,SSW,SSW,0.2954,0.2954,90.0,1414,16.77,0.00,2.630,5.00
2025-06-28,2025,6,28,179,262,1310.0,91.0,84.05,89.60,2025-06-28T10:15:00-05:00,77.54,2025-06-28T03:20:00-05:00,75.77,79.02,72.05,76.67,95.00,60.00,1017.70,1018.80,1016.30,4.09,23.04,0.00,29.08,2025-06-28T02:30:00-05:00,212.2,SSW,WSW,0.1484,0.1484,100.0,1067,16.48,1.24,0.000,5.00
2025-06-29,2025,6,29,180,287,1435.0,99.7,81.99,86.54,2025-06-29T14:20:00-05:00,75.20,2025-06-29T17:20:00-05:00,76.94,80.61,72.92,84.99,100.00,72.00,1016.98,1018.70,1015.40,4.47,11.63,0.00,41.38,2025-06-29T12:05:00-05:00,234.6,SW,WSW,1.9302,1.9302,360.0,1862,7.16,0.00,2.630,5.00
2025-06-30,2025,6,30,181,287,1435.0,99.7,79.11,84.02,2025-06-30T00:05:00-05:00,76.10,2025-06-30T09:25:00-05:00,76.18,79.15,71.97,90.87,100.00,78.00,1016.44,1017.80,1015.10,4.40,15.88,0.00,24.38,2025-06-30T00:20:00-05:00,290.2,WNW,WSW,1.0420,1.0420,430.0,5329,9.31,1.24,2.600,5.00
2025-07-01,2025,7,1,182,287,1435.0,99.7,81.84,89.42,2025-07-01T12:55:00-05:00,77.90,2025-07-01T15:30:00-05:00,78.26,81.41,73.02,89.25,100.00,70.00,1015.12,1016.40,1013.70,4.37,13.42,0.00,20.13,2025-07-01T15:15:00-05:00,314.2,NW,NNW,0.3622,0.3622,60.0,4334,9.63,1.24,2.620,5.00
2025-07-02,2025,7,2,183,285,1425.0,99.0,82.35,88.34,2025-07-02T11:40:00-05:00,77.72,2025-07-02T04:00:00-05:00,76.22,81.46,71.26,82.35,95.00,60.00,1013.97,1016.00,1011.90,4.58,10.29,0.00,18.57,2025-07-02T11:00:00-05:00,319.0,NW,N,0.0110,0.0110,10.0,34,11.48,2.49,2.620,5.00
2025-07-03,2025,7,3,184,287,1435.0,99.7,85.86,95.00,2025-07-03T15:50:00-05:00,80.96,2025-07-03T05:35:00-05:00,75.18,80.96,68.55,71.95,96.00,48.00,1013.75,1015.00,1012.50,4.44,9.40,0.00,15.43,2025-07-03T20:55:00-05:00,14.7,NNE,N,0.0000,0.0000,0.0,0,,,2.640,5.00
2025-07-04,2025,7,4,185,286,1430.0,99.3,84.40,89.24,2025-07-04T16:10:00-05:00,80.06,2025-07-04T06:45:00-05:00,74.28,78.43,68.63,72.24,84.00,54.00,1014.40,1015.80,1013.20,5.08,10.51,0.00,14.99,2025-07-04T07:40:00-05:00,10.7,N,NNE,0.0000,0.0000,0.0,0,,,2.640,5.00
2025-07-05,2025,7,5,186,286,1430.0,99.3,84.06,86.90,2025-07-05T11:35:00-05:00,81.68,2025-07-05T04:45:00-05:00,76.65,80.01,73.05,78.63,90.00,66.00,1014.04,1015.20,1012.90,5.93,11.18,0.00,16.78,2025-07-05T17:35:00-05:00,34.4,NE,N,0.0000,0.0000,0.0,2708,14.00,2.49,2.640,5.00
2025-07-06,2025,7,6,187,287,1435.0,99.7,84.93,91.04,2025-07-06T12:30:00-05:00,80.78,2025-07-06T05:25:00-05:00,74.90,78.47,69.50,72.66,90.00,51.00,1014.28,1015.60,1013.10,4.21,9.40,0.00,12.75,2025-07-06T07:30:00-05:00,345.6,NNW,N,0.0000,0.0000,0.0,11,9.72,4.97,2.630,5.00
2025-07-07,2025,7,7,188,287,1435.0,99.7,85.29,89.60,2025-07-07T10:15:00-05:00,81.50,2025-07-07T04:50:00-05:00,76.93,79.86,74.30,76.34,87.00,66.00,1016.53,1018.00,1014.80,4.34,10.07,0.00,14.32,2025-07-07T14:45:00-05:00,275.8,W,N,0.0000,0.0000,0.0,15,7.66,4.35,2.640,5.00
2025-07-08,2025,7,8,189,286,1430.0,99.3,85.59,90.50,2025-07-08T11:25:00-05:00,79.34,2025-07-08T01:20:00-05:00,76.26,79.02,73.03,74.10,91.00,60.00,1018.38,1020.20,1016.90,4.08,7.83,0.00,22.59,2025-07-08T00:45:00-05:00,272.7,W,WSW,0.3457,0.3457,50.0,8,6.99,1.86,2.640,5.00
2025-07-09,2025,7,9,190,287,1435.0,99.7,85.67,90.68,2025-07-09T11:35:00-05:00,76.64,2025-07-09T05:20:00-05:00,75.09,77.99,71.52,71.13,93.00,57.00,1017.29,1019.50,1015.30,3.93,10.96,0.00,20.13,2025-07-09T04:50:00-05:00,285.8,WNW,WSW,0.0826,0.0826,30.0,39,13.77,1.24,2.640,5.00
2025-07-10,2025,7,10,191,286,1430.0,99.3,84.97,90.14,2025-07-10T11:00:00-05:00,81.86,2025-07-10T05:40:00-05:00,76.84,79.54,73.95,76.87,85.00,63.00,1016.00,1017.90,1014.40,4.28,7.83,0.00,13.42,2025-07-10T18:25:00-05:00,301.6,WNW,NNW,0.0046,0.0046,10.0,443,16.98,3.11,2.640,5.00
2025-07-11,2025,7,11,192,287,1435.0,99.7,84.33,90.32,2025-07-11T11:45:00-05:00,78.08,2025-07-11T22:10:00-05:00,75.44,79.25,71.36,75.23,95.00,57.00,1016.67,1018.70,1014.80,3.77,13.87,0.00,19.91,2025-07-11T21:25:00-05:00,302.3,WNW,NNW,0.0371,0.0371,20.0,292,13.49,0.00,2.630,5.00
2025-07-12,2025,7,12,193,287,1435.0,99.7,85.25,89.96,2025-07-12T10:40:00-05:00,81.14,2025-07-12T01:55:00-05:00,77.04,80.25,73.03,76.90,89.00,60.00,1017.38,1019.50,1015.90,2.93,6.71,0.00,10.51,2025-07-12T18:20:00-05:00,244.8,WSW,SW,0.0000,0.0000,0.0,1364,14.87,1.86,2.640,5.00
2025-07-13,2025,7,13,194,287,1435.0,99.7,86.90,91.94,2025-07-13T11:10:00-05:00,83.30,2025-07-13T05:55:00-05:00,77.04,79.81,74.79,72.89,87.00,58.00,1017.24,1018.80,1016.20,3.34,7.83,0.00,11.86,2025-07-13T22:50:00-05:00,265.1,W,WSW,0.0000,0.0000,0.0,136,17.26,3.11,2.640,5.00
2025-07-14,2025,7,14,195,282,1410.0,97.9,86.13,91.58,2025-07-14T12:15:00-05:00,81.50,2025-07-14T04:45:00-05:00,75.94,79.69,71.16,72.38,88.00,56.00,1016.83,1018.90,1015.40,3.38,7.16,0.00,11.86,2025-07-14T18:45:00-05:00,333.8,NNW,N,0.0000,0.0000,0.0,0,,,2.640,5.00
2025-07-15,2025,7,15,196,287,1435.0,99.7,87.50,94.82,2025-07-15T14:25:00-05:00,82.04,2025-07-15T05:25:00-05:00,77.22,82.32,73.37,72.26,85.00,51.00,1015.07,1017.10,1012.80,4.76,9.40,0.00,14.09,2025-07-15T06:45:00-05:00,342.9,NNW,N,0.0000,0.0000,0.0,0,,,2.640,5.00
2025-07-16,2025,7,16,197,287,1435.0,99.7,83.70,89.96,2025-07-16T12:45:00-05:00,75.56,2025-07-16T16:10:00-05:00,77.57,80.77,74.22,82.38,100.00,60.00,1012.48,1014.30,1010.50,6.42,31.54,0.00,53.69,2025-07-16T15:50:00-05:00,1.8,N,N,1.5715,1.5715,225.0,12658,4.85,0.00,2.640,5.00
2025-07-17,2025,7,17,198,287,1435.0,99.7,83.79,85.82,2025-07-17T14:20:00-05:00,80.42,2025-07-17T01:35:00-05:00,77.82,80.23,75.30,82.48,96.00,72.00,1012.98,1014.80,1010.90,11.41,20.80,0.22,33.33,2025-07-17T21:55:00-05:00,182.9,S,S,0.1024,0.1024,205.0,21,7.72,3.11,2.620,5.00
2025-07-18,2025,7,18,199,288,1440.0,100.0,84.31,86.72,2025-07-18T16:00:00-05:00,81.68,2025-07-18T08:55:00-05:00,78.09,80.08,76.24,81.72,91.00,75.00,1017.12,1019.20,1014.10,6.91,16.55,0.22,22.37,2025-07-18T01:00:00-05:00,213.0,SSW,SW,0.0740,0.0740,40.0,162,13.76,3.11,2.620,5.00
2025-07-19,2025,7,19,200,287,1435.0,99.7,85.51,87.98,2025-07-19T14:20:00-05:00,83.66,2025-07-19T05:45:00-05:00,78.21,79.55,76.40,79.01,87.00,70.00,1019.25,1020.60,1018.10,3.81,5.82,0.00,9.84,2025-07-19T16:05:00-05:00,225.5,SW,SW,0.0000,0.0000,0.0,15,5.47,3.11,2.640,5.00
2025-07-20,2025,7,20,201,287,1435.0,99.7,87.11,91.76,2025-07-20T10:55:00-05:00,83.84,2025-07-20T06:30:00-05:00,77.32,80.07,71.09,73.24,85.00,54.00,1018.15,1019.90,1016.80,3.94,6.04,0.00,10.74,2025-07-20T09:00:00-05:00,253.7,WSW,WSW,0.0000,0.0000,0.0,0,,,2.640,5.00
2025-07-21,2025,7,21,202,287,1435.0,99.7,87.75,94.10,2025-07-21T12:05:00-05:00,84.38,2025-07-21T06:30:00-05:00,77.40,80.54,72.54,72.00,85.00,52.00,1016.34,1018.20,1014.40,4.28,7.16,0.00,12.30,2025-07-21T08:45:00-05:00,278.0,W,WSW,0.0000,0.0000,0.0,0,,,2.640,5.00
2025-07-22,2025,7,22,203,287,1435.0,99.7,88.77,94.28,2025-07-22T14:50:00-05:00,84.74,2025-07-22T06:10:00-05:00,78.99,82.19,71.80,73.61,91.00,50.00,1015.16,1016.70,1013.70,3.60,8.28,0.00,14.09,2025-07-22T07:10:00-05:00,327.3,NNW,NNW,0.0000,0.0000,0.0,0,,,2.640,5.00
2025-07-23,2025,7,23,204,287,1435.0,99.7,86.46,93.38,2025-07-23T13:30:00-05:00,81.50,2025-07-23T19:20:00-05:00,77.79,83.97,70.76,76.00,89.00,54.00,1015.09,1016.80,1013.60,5.32,13.20,0.00,20.58,2025-07-23T15:10:00-05:00,14.1,NNE,N,0.0334,0.0334,55.0,10000,11.71,2.49,2.640,5.00
2025-07-24,2025,7,24,205,287,1435.0,99.7,82.32,84.74,2025-07-24T15:10:00-05:00,79.88,2025-07-24T06:30:00-05:00,77.38,79.31,75.47,85.21,95.00,76.00,1015.66,1017.50,1014.20,6.50,15.21,0.00,21.47,2025-07-24T18:10:00-05:00,140.0,SE,S,0.3152,0.3152,125.0,896,13.98,2.49,2.630,5.00
2025-07-25,2025,7,25,206,287,1435.0,99.7,83.25,85.10,2025-07-25T19:05:00-05:00,77.72,2025-07-25T07:55:00-05:00,76.89,79.38,72.84,81.40,97.00,70.00,1016.34,1018.90,1014.10,9.82,18.12,0.00,24.83,2025-07-25T19:25:00-05:00,184.0,S,S,0.5099,0.5099,265.0,416,10.64,1.24,2.620,5.00
2025-07-26,2025,7,26,207,287,1435.0,99.7,84.99,87.08,2025-07-26T09:10:00-05:00,80.06,2025-07-26T06:00:00-05:00,77.54,80.08,71.77,78.52,88.00,71.00,1018.44,1019.80,1016.80,6.22,12.08,0.00,19.01,2025-07-26T05:25:00-05:00,187.5,S,S,0.2709,0.2709,40.0,1044,8.96,2.49,2.640,5.00
2025-07-27,2025,7,27,208,287,1435.0,99.7,86.43,89.60,2025-07-27T15:25:00-05:00,82.94,2025-07-27T06:20:00-05:00,77.05,80.08,72.19,74.02,85.00,57.00,1019.71,1021.50,1018.50,3.15,6.71,0.00,11.18,2025-07-27T09:15:00-05:00,237.9,WSW,SSW,0.0000,0.0000,0.0,2,4.04,3.73,2.640,5.00
2025-07-28,2025,7,28,209,287,1435.0,99.7,88.48,95.36,2025-07-28T14:25:00-05:00,82.94,2025-07-28T06:20:00-05:00,78.22,82.47,73.02,72.32,87.00,49.00,1018.63,1020.80,1016.50,4.85,9.84,0.00,15.43,2025-07-28T09:15:00-05:00,338.9,NNW,NNW,0.0000,0.0000,0.0,0,,,2.640,5.00
2025-07-29,2025,7,29,210,287,1435.0,99.7,88.21,98.42,2025-07-29T14:20:00-05:00,84.38,2025-07-29T05:40:00-05:00,76.85,80.44,71.66,69.65,83.00,47.00,1015.53,1017.20,1013.50,5.13,10.96,0.00,21.70,2025-07-29T16:40:00-05:00,353.8,N,N,0.0709,0.0709,30.0,1152,8.64,2.49,2.630,5.00
2025-07-30,2025,7,30,211,285,1425.0,99.0,85.25,88.52,2025-07-30T11:00:00-05:00,81.32,2025-07-30T13:00:00-05:00,78.81,81.32,74.47,81.26,89.00,66.00,1014.34,1015.50,1012.50,3.74,13.20,0.00,17.22,2025-07-30T04:45:00-05:00,240.0,WSW,SSW,0.1181,0.1181,140.0,4935,9.82,1.24,2.620,5.00
2025-07-31,2025,7,31,212,287,1435.0,99.7,86.06,91.58,2025-07-31T11:15:00-05:00,81.14,2025-07-31T04:40:00-05:00,76.88,79.91,70.18,74.67,91.00,59.00,1015.48,1016.50,1014.40,3.85,6.26,0.00,12.75,2025-07-31T09:55:00-05:00,281.4,WNW,WSW,0.0000,0.0000,0.0,37,15.32,4.35,2.640,5.00
2025-08-01,2025,8,1,213,287,1435.0,99.7,87.46,90.50,2025-08-01T11:10:00-05:00,85.82,2025-08-01T05:25:00-05:00,76.81,79.25,74.32,70.89,79.00,62.00,1016.57,1018.00,1015.20,4.48,7.16,0.00,13.87,2025-08-01T03:25:00-05:00,248.3,WSW,WSW,0.0000,0.0000,0.0,2,7.77,4.97,2.640,5.00
2025-08-02,2025,8,2,214,287,1435.0,99.7,84.14,86.54,2025-08-02T00:20:00-05:00,79.34,2025-08-02T10:55:00-05:00,76.54,79.54,73.11,78.14,89.00,67.00,1015.50,1018.50,1012.90,3.93,15.21,0.00,18.34,2025-08-02T10:45:00-05:00,355.0,N,NNE,0.0000,0.0000,0.0,2308,12.83,2.49,2.640,5.00
2025-08-03,2025,8,3,215,287,1435.0,99.7,82.42,89.96,2025-08-03T14:00:00-05:00,76.82,2025-08-03T17:10:00-05:00,76.98,78.81,72.43,84.04,95.00,64.00,1013.08,1015.60,1010.60,5.26,13.20,0.00,23.71,2025-08-03T16:05:00-05:00,14.3,NNE,N,1.3237,1.3237,220.0,1631,7.87,1.24,2.640,5.00
2025-08-04,2025,8,4,216,287,1435.0,99.7,80.39,82.04,2025-08-04T14:40:00-05:00,78.08,2025-08-04T07:45:00-05:00,76.06,77.28,74.43,86.76,95.00,79.00,1013.82,1016.70,1011.30,4.45,8.28,0.00,13.20,2025-08-04T14:25:00-05:00,50.7,NE,NE,0.2710,0.2710,195.0,981,12.29,0.62,2.620,5.00
2025-08-05,2025,8,5,217,287,1435.0,99.7,79.68,83.30,2025-08-05T12:40:00-05:00,76.46,2025-08-05T07:00:00-05:00,76.34,78.14,72.14,89.70,98.00,77.00,1018.76,1021.20,1015.50,4.17,11.18,0.00,15.43,2025-08-05T02:05:00-05:00,53.5,NE,NE,0.7391,0.7391,390.0,2476,12.85,1.24,2.610,5.00
2025-08-06,2025,8,6,218,287,1435.0,99.7,82.13,86.54,2025-08-06T14:25:00-05:00,73.40,2025-08-06T07:55:00-05:00,75.35,78.97,70.74,80.39,95.00,66.00,1019.99,1023.10,1018.10,4.25,12.08,0.00,40.26,2025-08-06T07:35:00-05:00,60.9,ENE,NE,0.3387,0.3387,35.0,70,7.15,0.62,2.640,5.00
2025-08-07,2025,8,7,219,287,1435.0,99.7,83.38,89.42,2025-08-07T13:40:00-05:00,81.14,2025-08-07T05:35:00-05:00,75.79,77.95,71.69,78.27,88.00,58.00,1017.70,1019.30,1015.30,4.54,9.84,0.00,13.87,2025-08-07T06:15:00-05:00,30.2,NNE,NNE,0.0000,0.0000,0.0,469,14.61,3.73,2.640,5.00
2025-08-08,2025,8,8,220,287,1435.0,99.7,82.53,86.72,2025-08-08T14:10:00-05:00,79.16,2025-08-08T06:30:00-05:00,74.12,77.43,71.02,76.06,86.00,62.00,1014.51,1016.50,1012.30,5.24,10.29,0.00,16.11,2025-08-08T21:30:00-05:00,75.0,ENE,ENE,0.0000,0.0000,0.0,358,14.17,1.24,2.640,5.00
2025-08-09,2025,8,9,221,229,1145.0,79.5,79.89,82.76,2025-08-09T13:40:00-05:00,77.72,2025-08-09T19:10:00-05:00,73.93,76.33,71.32,82.20,95.00,72.00,1014.67,1016.80,1013.10,6.07,11.41,0.00,28.41,2025-08-09T19:25:00-05:00,54.0,NE,NE,0.0147,0.0147,10.0,0,,,2.640,5.00
2025-08-10,2025,8,10,222,287,1435.0,99.7,80.88,83.66,2025-08-10T18:00:00-05:00,78.80,2025-08-10T05:45:00-05:00,75.51,76.54,74.03,83.97,92.00,74.00,1015.14,1017.60,1013.00,6.30,10.29,0.00,16.55,2025-08-10T10:25:00-05:00,56.4,ENE,ENE,0.0183,0.0183,40.0,520,17.86,0.62,2.630,5.00
2025-08-11,2025,8,11,223,287,1435.0,99.7,80.84,86.18,2025-08-11T13:25:00-05:00,74.66,2025-08-11T17:15:00-05:00,77.06,79.60,72.39,88.51,97.00,75.00,1014.94,1016.90,1012.60,5.50,11.18,0.00,23.94,2025-08-11T20:35:00-05:00,50.1,NE,NE,0.3804,0.3804,125.0,1919,13.20,2.49,2.640,5.00
2025-08-12,2025,8,12,224,287,1435.0,99.7,80.18,82.94,2025-08-12T01:45:00-05:00,75.92,2025-08-12T11:15:00-05:00,76.40,79.21,74.18,88.47,99.00,77.00,1014.16,1018.50,1011.70,4.43,15.21,0.00,44.29,2025-08-12T11:35:00-05:00,136.3,SE,S,1.0970,1.0970,285.0,18,5.21,4.35,2.630,5.00
2025-08-13,2025,8,13,225,288,1440.0,100.0,82.57,87.80,2025-08-13T12:20:00-05:00,75.56,2025-08-13T05:15:00-05:00,77.00,79.90,74.20,83.69,97.00,66.00,1013.61,1017.40,1011.50,4.80,16.11,0.00,45.19,2025-08-13T03:55:00-05:00,228.0,SW,SW,1.7954,1.7954,165.0,143,4.59,0.62,2.630,5.00
2025-08-14,2025,8,14,226,213,1065.0,74.0,85.00,90.32,2025-08-14T11:05:00-05:00,80.24,2025-08-14T06:20:00-05:00,77.03,79.72,73.38,77.41,86.00,63.00,1014.50,1016.60,1012.30,5.22,8.95,0.00,17.00,2025-08-14T03:15:00-05:00,267.7,W,WSW,0.0000,0.0000,0.0,1,4.97,4.97,2.640,5.00
2025-08-15,2025,8,15,227,287,1435.0,99.7,85.51,92.84,2025-08-15T11:00:00-05:00,81.50,2025-08-15T22:50:00-05:00,78.24,80.47,75.47,79.18,88.00,62.00,1017.20,1018.80,1015.40,3.28,7.61,0.00,12.30,2025-08-15T16:25:00-05:00,282.8,WNW,NNW,0.0000,0.0000,0.0,682,15.82,2.49,2.640,5.00
2025-08-16,2025,8,16,228,287,1435.0,99.7,83.91,91.94,2025-08-16T15:25:00-05:00,80.96,2025-08-16T05:30:00-05:00,76.84,79.55,71.46,79.74,89.00,61.00,1016.37,1019.20,1013.30,4.94,11.41,0.00,21.47,2025-08-16T15:40:00-05:00,2.7,N,N,0.0111,0.0111,35.0,2842,10.19,0.62,2.640,5.00
2025-08-17,2025,8,17,229,287,1435.0,99.7,86.36,93.02,2025-08-17T17:15:00-05:00,81.68,2025-08-17T06:25:00-05:00,77.12,80.72,75.63,74.44,84.00,59.00,1012.64,1014.50,1010.00,5.37,10.07,0.00,14.99,2025-08-17T10:25:00-05:00,11.6,NNE,NNE,0.0000,0.0000,0.0,114,15.61,4.35,2.640,5.00
2025-08-18,2025,8,18,230,287,1435.0,99.7,86.59,90.50,2025-08-18T12:45:00-05:00,83.84,2025-08-18T23:25:00-05:00,77.14,80.44,74.45,73.80,88.00,63.00,1012.00,1013.30,1010.50,4.27,8.50,0.00,13.20,2025-08-18T23:10:00-05:00,36.1,NE,NE,0.0000,0.0000,0.0,1,4.35,4.35,2.650,5.00
2025-08-19,2025,8,19,231,287,1435.0,99.7,84.22,89.60,2025-08-19T14:10:00-05:00,80.24,2025-08-19T06:30:00-05:00,76.42,78.84,70.41,77.75,86.00,63.00,1012.56,1014.00,1010.90,5.47,11.86,0.00,16.78,2025-08-19T15:30:00-05:00,43.9,NE,NE,0.0000,0.0000,0.0,539,10.35,2.49,2.650,5.00
2025-08-20,2025,8,20,232,287,1435.0,99.7,84.13,86.36,2025-08-20T12:15:00-05:00,81.68,2025-08-20T06:30:00-05:00,75.82,78.66,69.73,76.49,89.00,64.00,1011.14,1013.90,1008.70,3.55,8.72,0.00,12.97,2025-08-20T06:15:00-05:00,145.9,SE,SSW,0.0000,0.0000,0.0,553,12.58,3.11,2.640,5.00
2025-08-21,2025,8,21,233,287,1435.0,99.7,84.68,90.68,2025-08-21T11:05:00-05:00,80.96,2025-08-21T19:55:00-05:00,75.94,78.86,72.12,75.41,85.00,64.00,1009.91,1011.10,1008.00,3.51,13.42,0.00,21.25,2025-08-21T17:25:00-05:00,356.3,N,N,0.0000,0.0000,0.0,2538,16.61,3.73,2.650,5.00
2025-08-22,2025,8,22,234,287,1435.0,99.7,83.53,92.66,2025-08-22T13:15:00-05:00,80.78,2025-08-22T02:05:00-05:00,76.18,80.67,73.11,78.88,88.00,57.00,1011.47,1012.60,1010.00,4.31,12.30,0.00,19.68,2025-08-22T17:05:00-05:00,29.5,NNE,NE,0.0000,0.0000,0.0,449,15.60,1.24,2.640,5.00
2025-08-23,2025,8,23,235,287,1435.0,99.7,83.42,89.78,2025-08-23T14:35:00-05:00,79.34,2025-08-23T04:35:00-05:00,75.04,78.49,69.49,76.35,92.00,64.00,1011.72,1014.30,1009.50,4.60,13.42,0.00,19.91,2025-08-23T22:30:00-05:00,353.6,N,WSW,0.0000,0.0000,10.0,3657,8.73,3.73,2.630,5.00
2025-08-24,2025,8,24,236,287,1435.0,99.7,84.63,87.80,2025-08-24T10:30:00-05:00,81.14,2025-08-24T17:10:00-05:00,75.60,78.64,70.59,74.50,84.00,61.00,1011.33,1012.50,1010.10,3.76,13.42,0.00,25.95,2025-08-24T17:05:00-05:00,243.4,WSW,SSW,0.0207,0.0207,20.0,75,8.86,1.24,2.640,5.00
2025-08-25,2025,8,25,237,287,1435.0,99.7,84.56,88.34,2025-08-25T13:30:00-05:00,80.24,2025-08-25T05:45:00-05:00,74.92,78.66,65.53,73.34,89.00,50.00,1013.58,1015.20,1012.00,4.82,13.20,0.00,19.24,2025-08-25T01:25:00-05:00,40.4,NE,NE,0.0000,0.0000,0.0,0,,,2.640,5.00
2025-08-26,2025,8,26,238,287,1435.0,99.7,82.58,87.26,2025-08-26T18:00:00-05:00,78.26,2025-08-26T06:20:00-05:00,66.73,72.29,62.05,59.12,72.00,44.00,1016.28,1017.70,1014.50,6.33,12.53,0.00,18.79,2025-08-26T03:20:00-05:00,44.5,NE,NE,0.0000,0.0000,0.0,0,,,2.640,5.00
2025-08-27,2025,8,27,239,287,1435.0,99.7,80.80,84.92,2025-08-27T16:40:00-05:00,77.36,2025-08-27T09:15:00-05:00,66.71,71.80,62.39,62.48,70.00,48.00,1017.63,1019.20,1016.60,5.52,10.07,0.00,17.22,2025-08-27T00:45:00-05:00,50.9,NE,NE,0.0000,0.0000,0.0,0,,,2.640,5.00
2025-08-28,2025,8,28,240,287,1435.0,99.7,82.66,86.90,2025-08-28T13:55:00-05:00,78.62,2025-08-28T06:20:00-05:00,69.70,74.89,62.19,65.20,80.00,52.00,1015.94,1017.50,1013.90,3.48,8.72,0.00,11.86,2025-08-28T22:20:00-05:00,88.3,E,SSW,0.0000,0.0000,0.0,1,4.35,4.35,2.650,5.00
2025-08-29,2025,8,29,241,287,1435.0,99.7,78.32,82.40,2025-08-29T22:10:00-05:00,73.76,2025-08-29T11:20:00-05:00,73.32,77.76,68.85,84.94,95.00,69.00,1015.14,1017.90,1013.40,5.57,12.75,0.00,19.91,2025-08-29T09:35:00-05:00,57.2,ENE,NE,0.3007,0.3007,145.0,4,6.99,3.11,2.640,5.00
2025-08-30,2025,8,30,242,288,1440.0,100.0,79.74,83.84,2025-08-30T15:25:00-05:00,75.20,2025-08-30T07:00:00-05:00,74.52,76.88,71.10,84.65,100.00,66.00,1013.17,1016.50,1010.80,5.41,11.63,0.00,26.40,2025-08-30T06:40:00-05:00,37.4,NE,NE,0.9622,0.9622,140.0,6,4.56,1.86,2.620,5.00
2025-08-31,2025,8,31,243,287,1435.0,99.7,79.08,84.20,2025-08-31T15:20:00-05:00,73.94,2025-08-31T08:00:00-05:00,71.76,73.72,68.08,79.06,96.00,62.00,1013.92,1016.70,1012.30,5.71,10.74,0.00,15.66,2025-08-31T06:55:00-05:00,52.2,NE,NE,0.0000,0.0000,0.0,0,,,2.640,5.00
2025-09-01,2025,9,1,244,287,1435.0,99.7,80.63,83.30,2025-09-01T16:20:00-05:00,77.54,2025-09-01T05:55:00-05:00,69.71,72.85,63.72,69.83,85.00,53.00,1013.88,1015.10,1012.80,5.83,9.40,0.00,15.88,2025-09-01T08:20:00-05:00,90.1,E,ENE,0.0000,0.0000,0.0,0,,,2.640,5.00
2025-09-02,2025,9,2,245,286,1430.0,99.3,79.28,82.94,2025-09-02T13:45:00-05:00,76.28,2025-09-02T05:55:00-05:00,67.52,69.36,63.89,67.53,76.00,53.00,1013.02,1014.60,1011.70,4.86,8.72,0.00,14.76,2025-09-02T09:55:00-05:00,85.6,E,ENE,0.0000,0.0000,0.0,0,,,2.640,5.00
2025-09-03,2025,9,3,246,287,1435.0,99.7,81.02,84.74,2025-09-03T13:00:00-05:00,76.64,2025-09-03T04:20:00-05:00,69.62,73.05,61.35,68.54,82.00,46.00,1011.02,1012.40,1009.20,4.79,9.40,0.00,12.97,2025-09-03T04:10:00-05:00,120.8,ESE,S,0.0000,0.0000,0.0,1,3.73,3.73,2.650,5.00
2025-09-04,2025,9,4,247,286,1430.0,99.3,82.54,85.10,2025-09-04T15:10:00-05:00,79.70,2025-09-04T06:30:00-05:00,73.27,76.55,70.24,73.76,86.00,63.00,1010.47,1012.10,1009.00,4.22,8.50,0.00,12.30,2025-09-04T08:40:00-05:00,196.4,SSW,SSW,0.0000,0.0000,0.0,0,,,2.650,5.00
2025-09-05,2025,9,5,248,287,1435.0,99.7,82.68,84.38,2025-09-05T08:45:00-05:00,78.98,2025-09-05T05:55:00-05:00,73.68,76.13,71.49,74.41,85.00,66.00,1012.74,1014.30,1010.80,2.99,6.04,0.00,9.17,2025-09-05T15:30:00-05:00,178.4,S,S,0.0000,0.0000,0.0,0,,,2.650,5.00
2025-09-06,2025,9,6,249,262,1310.0,91.0,84.01,93.02,2025-09-06T13:00:00-05:00,80.24,2025-09-06T06:35:00-05:00,74.04,77.40,70.43,72.65,87.00,53.00,1013.65,1015.20,1012.20,3.64,13.42,0.00,23.94,2025-09-06T14:05:00-05:00,13.2,NNE,N,0.0000,0.0000,0.0,18,6.97,3.73,2.640,5.00
2025-09-07,2025,9,7,250,179,895.0,62.2,80.68,84.74,2025-09-07T17:35:00-05:00,75.56,2025-09-07T09:10:00-05:00,70.42,73.70,62.95,71.57,90.00,57.00,1014.73,1016.50,1013.20,12.39,19.68,1.79,27.07,2025-09-07T09:20:00-05:00,15.1,NNE,NNE,0.0000,0.0000,0.0,0,,,2.670,5.00
2025-09-08,2025,9,8,251,287,1435.0,99.7,79.12,86.90,2025-09-08T17:25:00-05:00,73.58,2025-09-08T08:20:00-05:00,64.08,74.44,57.58,60.45,86.00,44.00,1013.96,1015.30,1012.30,8.82,18.34,0.00,27.96,2025-09-08T01:55:00-05:00,36.6,NE,NE,0.0000,0.0000,5.0,0,,,2.640,5.00
2025-09-09,2025,9,9,252,288,1440.0,100.0,79.36,84.74,2025-09-09T15:10:00-05:00,75.38,2025-09-09T07:15:00-05:00,71.79,74.07,68.80,78.12,90.00,62.00,1014.41,1015.70,1012.90,5.43,12.30,0.00,18.79,2025-09-09T08:45:00-05:00,66.2,ENE,ENE,0.0000,0.0000,5.0,5,3.73,3.11,2.640,5.00
2025-09-10,2025,9,10,253,287,1435.0,99.7,80.19,84.38,2025-09-10T16:10:00-05:00,77.00,2025-09-10T06:45:00-05:00,70.21,72.98,67.82,71.86,80.00,58.00,1016.02,1017.70,1014.40,5.07,8.95,0.00,13.65,2025-09-10T12:35:00-05:00,68.6,ENE,ENE,0.0000,0.0000,0.0,0,,,2.630,5.00
2025-09-11,2025,9,11,254,287,1435.0,99.7,81.74,87.26,2025-09-11T17:00:00-05:00,77.72,2025-09-11T03:30:00-05:00,68.82,73.78,62.54,65.80,82.00,44.00,1016.68,1018.60,1014.90,5.43,10.29,0.00,14.32,2025-09-11T12:10:00-05:00,25.6,NNE,NE,0.0000,0.0000,0.0,0,,,2.650,5.00
2025-09-12,2025,9,12,255,287,1435.0,99.7,82.78,89.24,2025-09-12T15:10:00-05:00,78.80,2025-09-12T06:10:00-05:00,70.31,74.36,62.70,66.71,81.00,43.00,1015.84,1017.50,1014.40,5.07,8.72,0.00,13.65,2025-09-12T08:15:00-05:00,15.4,NNE,NNE,0.0000,0.0000,0.0,0,,,2.640,5.00
2025-09-13,2025,9,13,256,287,1435.0,99.7,81.83,84.02,2025-09-13T13:40:00-05:00,78.98,2025-09-13T06:10:00-05:00,71.01,75.14,67.29,70.05,85.00,60.00,1014.44,1015.90,1012.90,4.46,8.50,0.00,12.08,2025-09-13T11:40:00-05:00,137.0,SE,N,0.0000,0.0000,0.0,0,,,2.650,5.00
2025-09-14,2025,9,14,257,287,1435.0,99.7,81.50,87.08,2025-09-14T14:35:00-05:00,77.72,2025-09-14T06:30:00-05:00,68.94,73.72,58.72,66.51,82.00,40.00,1013.60,1014.80,1012.30,4.20,10.29,0.00,16.11,2025-09-14T09:45:00-05:00,17.5,NNE,NNE,0.0000,0.0000,0.0,0,,,2.650,5.00
2025-09-15,2025,9,15,258,287,1435.0,99.7,81.75,85.82,2025-09-15T12:50:00-05:00,78.62,2025-09-15T06:20:00-05:00,69.67,73.51,64.63,67.13,80.00,51.00,1015.55,1016.80,1013.90,4.43,8.95,0.00,13.65,2025-09-15T09:35:00-05:00,19.6,NNE,N,0.0000,0.0000,0.0,0,,,2.650,5.00
2025-09-16,2025,9,16,259,287,1435.0,99.7,81.74,85.10,2025-09-16T14:05:00-05:00,79.16,2025-09-16T07:25:00-05:00,66.91,73.73,59.45,61.38,83.00,43.00,1016.82,1018.50,1015.60,5.18,10.51,0.00,14.76,2025-09-16T18:30:00-05:00,118.1,ESE,NE,0.0000,0.0000,0.0,0,,,2.650,5.00
2025-09-17,2025,9,17,260,288,1440.0,100.0,81.21,85.10,2025-09-17T12:55:00-05:00,77.72,2025-09-17T06:50:00-05:00,68.54,71.88,62.12,65.85,77.00,47.00,1015.41,1017.20,1013.30,5.45,9.62,0.00,12.97,2025-09-17T06:50:00-05:00,117.0,ESE,S,0.0000,0.0000,0.0,0,,,2.650,5.00
2025-09-18,2025,9,18,261,287,1435.0,99.7,81.01,84.74,2025-09-18T13:15:00-05:00,77.36,2025-09-18T05:05:00-05:00,71.62,75.24,63.46,73.68,91.00,51.00,1014.80,1016.40,1013.50,4.69,8.95,0.00,13.65,2025-09-18T11:15:00-05:00,50.2,NE,SSW,0.0000,0.0000,0.0,0,,,2.650,5.00
2025-09-19,2025,9,19,262,287,1435.0,99.7,81.81,87.98,2025-09-19T12:00:00-05:00,77.18,2025-09-19T07:00:00-05:00,73.53,76.55,67.65,76.69,94.00,56.00,1015.08,1016.80,1013.40,3.99,10.07,0.00,13.42,2025-09-19T08:55:00-05:00,317.5,NW,N,0.0000,0.0000,0.0,0,,,2.650,5.00
2025-09-20,2025,9,20,263,287,1435.0,99.7,83.04,90.50,2025-09-20T11:50:00-05:00,78.08,2025-09-20T04:00:00-05:00,72.80,78.24,67.77,72.12,93.00,50.00,1015.32,1016.70,1014.00,3.39,9.40,0.00,14.32,2025-09-20T03:55:00-05:00,335.2,NNW,N,0.0000,0.0000,0.0,55,16.69,8.70,2.650,5.00
2025-09-21,2025,9,21,264,287,1435.0,99.7,82.59,86.72,2025-09-21T13:35:00-05:00,79.16,2025-09-21T05:40:00-05:00,74.35,78.13,68.96,76.66,91.00,59.00,1015.01,1016.10,1013.60,6.08,11.41,0.00,14.09,2025-09-21T17:10:00-05:00,136.5,SE,S,0.0000,0.0000,0.0,0,,,2.650,5.00
2025-09-22,2025,9,22,265,287,1435.0,99.7,82.54,84.74,2025-09-22T13:00:00-05:00,79.34,2025-09-22T05:40:00-05:00,74.42,76.72,70.67,76.69,88.00,69.00,1013.93,1015.40,1012.50,5.56,8.72,0.00,14.76,2025-09-22T10:45:00-05:00,154.0,SSE,S,0.0000,0.0000,0.0,0,,,2.650,5.00
2025-09-23,2025,9,23,266,287,1435.0,99.7,83.03,84.74,2025-09-23T12:20:00-05:00,81.86,2025-09-23T03:35:00-05:00,75.23,77.60,72.40,77.48,84.00,67.00,1014.68,1016.10,1013.40,5.26,9.17,0.00,12.97,2025-09-23T22:15:00-05:00,190.4,S,SSW,0.0000,0.0000,0.0,0,,,2.650,5.00
2025-09-24,2025,9,24,267,287,1435.0,99.7,83.12,86.00,2025-09-24T12:05:00-05:00,77.72,2025-09-24T20:20:00-05:00,76.96,78.79,74.07,81.88,96.00,72.00,1015.33,1016.80,1014.00,5.12,10.07,0.00,22.37,2025-09-24T23:40:00-05:00,221.6,SW,SW,0.3043,0.3043,50.0,722,8.54,1.86,2.640,5.00
2025-09-25,2025,9,25,268,288,1440.0,100.0,81.45,86.36,2025-09-25T13:15:00-05:00,75.02,2025-09-25T08:35:00-05:00,76.40,80.17,72.87,84.99,100.00,69.00,1013.50,1018.50,1011.30,4.25,11.41,0.00,33.11,2025-09-25T08:00:00-05:00,251.2,WSW,WSW,1.7541,1.7541,205.0,3085,6.57,1.24,2.630,5.00
2025-09-26,2025,9,26,269,287,1435.0,99.7,79.26,84.56,2025-09-26T15:10:00-05:00,75.92,2025-09-26T05:55:00-05:00,71.81,75.84,67.74,78.44,94.00,61.00,1010.29,1012.80,1008.60,4.41,10.96,0.00,15.21,2025-09-26T05:45:00-05:00,8.9,N,N,0.0000,0.0000,0.0,40,5.92,2.49,2.630,5.00
2025-09-27,2025,9,27,270,287,1435.0,99.7,80.15,85.28,2025-09-27T13:25:00-05:00,75.56,2025-09-27T06:55:00-05:00,69.27,73.18,63.29,70.37,88.00,50.00,1010.67,1012.30,1008.80,5.23,12.08,0.00,19.24,2025-09-27T02:05:00-05:00,8.3,N,N,0.0000,0.0000,0.0,0,,,2.650,5.00
2025-09-28,2025,9,28,271,287,1435.0,99.7,81.02,89.24,2025-09-28T14:45:00-05:00,76.28,2025-09-28T04:50:00-05:00,69.66,73.68,63.29,68.83,81.00,53.00,1012.49,1014.50,1010.90,6.26,11.63,0.00,19.24,2025-09-28T05:45:00-05:00,20.8,NNE,N,0.0000,0.0000,0.0,0,,,2.640,5.00
2025-09-29,2025,9,29,272,287,1435.0,99.7,80.71,84.92,2025-09-29T14:30:00-05:00,76.82,2025-09-29T08:00:00-05:00,72.03,75.84,68.29,75.09,83.00,63.00,1013.27,1014.90,1012.00,4.84,10.51,0.00,14.76,2025-09-29T08:20:00-05:00,47.0,NE,NE,0.0000,0.0000,0.0,0,,,2.650,5.00
2025-09-30,2025,9,30,273,287,1435.0,99.7,80.44,84.92,2025-09-30T16:55:00-05:00,75.02,2025-09-30T06:55:00-05:00,69.46,74.42,67.06,69.69,82.00,56.00,1012.38,1014.20,1010.50,7.62,12.75,0.00,17.67,2025-09-30T11:15:00-05:00,36.2,NE,NNE,0.0000,0.0000,0.0,0,,,2.650,5.00
2025-10-01,2025,10,1,274,287,1435.0,99.7,78.83,83.48,2025-10-01T14:10:00-05:00,75.56,2025-10-01T07:10:00-05:00,69.81,72.07,67.51,74.08,85.00,61.00,1013.55,1016.00,1011.70,4.02,8.05,0.00,14.09,2025-10-01T08:05:00-05:00,66.8,ENE,ENE,0.0000,0.0000,0.0,0,,,2.640,5.00
2025-10-02,2025,10,2,275,287,1435.0,99.7,78.34,81.14,2025-10-02T16:25:00-05:00,74.30,2025-10-02T07:15:00-05:00,67.15,72.12,58.76,68.98,88.00,50.00,1016.99,1018.70,1014.70,6.34,16.11,0.00,21.92,2025-10-02T17:25:00-05:00,74.7,ENE,ENE,0.1003,0.1003,25.0,1,3.73,3.73,2.650,5.00
2025-10-03,2025,10,3,276,287,1435.0,99.7,76.50,80.96,2025-10-03T15:10:00-05:00,71.60,2025-10-03T08:00:00-05:00,65.12,69.87,60.11,68.23,79.00,56.00,1017.12,1019.10,1015.50,7.79,11.86,0.22,19.68,2025-10-03T21:05:00-05:00,62.3,ENE,ENE,0.0000,0.0000,0.0,0,,,2.630,5.00
2025-10-04,2025,10,4,277,287,1435.0,99.7,76.39,80.24,2025-10-04T15:20:00-05:00,72.68,2025-10-04T07:25:00-05:00,66.17,70.38,63.13,70.74,76.00,64.00,1014.06,1016.00,1012.20,8.01,11.18,0.00,23.26,2025-10-04T00:30:00-05:00,63.7,ENE,ENE,0.0111,0.0111,10.0,0,,,2.640,5.00
2025-10-05,2025,10,5,278,287,1435.0,99.7,75.60,79.52,2025-10-05T23:10:00-05:00,70.70,2025-10-05T06:10:00-05:00,73.72,78.28,68.51,94.07,100.00,76.00,1014.07,1017.70,1012.00,9.71,33.78,0.67,57.71,2025-10-05T12:00:00-05:00,107.5,ESE,SE,2.3516,2.3516,580.0,102,7.35,0.62,2.610,5.00
2025-10-06,2025,10,6,279,287,1435.0,99.7,79.30,80.78,2025-10-06T11:30:00-05:00,77.18,2025-10-06T15:05:00-05:00,78.17,80.42,74.59,96.38,100.00,88.00,1016.14,1018.40,1014.10,6.87,11.86,0.22,19.24,2025-10-06T00:05:00-05:00,132.5,SE,SE,0.1616,0.1616,110.0,105,7.11,1.24,2.630,5.00
2025-10-07,2025,10,7,280,287,1435.0,99.7,78.45,80.60,2025-10-07T16:55:00-05:00,75.92,2025-10-07T08:50:00-05:00,76.40,78.14,74.38,93.48,98.00,89.00,1016.29,1018.00,1014.30,4.56,8.95,0.00,15.43,2025-10-07T13:15:00-05:00,87.0,E,NE,0.2088,0.2088,95.0,0,,,2.640,5.00
2025-10-08,2025,10,8,281,287,1435.0,99.7,79.94,85.28,2025-10-08T16:10:00-05:00,75.56,2025-10-08T07:15:00-05:00,74.76,77.61,73.38,84.62,94.00,70.00,1015.08,1016.40,1013.60,7.11,17.22,0.22,25.50,2025-10-08T23:45:00-05:00,22.2,NNE,NNE,0.0000,0.0000,0.0,0,,,2.640,5.00
2025-10-09,2025,10,9,282,287,1435.0,99.7,79.10,84.92,2025-10-09T17:05:00-05:00,74.48,2025-10-09T07:20:00-05:00,72.16,74.94,69.33,79.56,87.00,68.00,1015.35,1017.00,1014.30,11.26,19.01,0.45,29.97,2025-10-09T06:25:00-05:00,28.1,NNE,NNE,0.0000,0.0000,0.0,28,6.72,1.86,2.640,5.00
2025-10-10,2025,10,10,283,287,1435.0,99.7,74.79,80.42,2025-10-10T17:30:00-05:00,69.44,2025-10-10T07:35:00-05:00,64.65,70.73,61.41,71.18,82.00,57.00,1015.19,1017.20,1013.00,11.49,19.01,1.12,26.62,2025-10-10T18:10:00-05:00,41.0,NE,NE,0.0000,0.0000,0.0,0,,,2.640,5.00
2025-10-11,2025,10,11,284,287,1435.0,99.7,73.69,79.34,2025-10-11T16:30:00-05:00,69.80,2025-10-11T05:45:00-05:00,64.02,66.32,61.87,72.10,80.00,60.00,1011.72,1014.00,1009.80,10.56,17.90,1.12,24.38,2025-10-11T13:45:00-05:00,27.8,NNE,N,0.0000,0.0000,0.0,0,,,2.640,5.00
2025-10-12,2025,10,12,285,287,1435.0,99.7,73.30,77.90,2025-10-12T17:10:00-05:00,69.62,2025-10-12T03:10:00-05:00,61.59,64.65,57.87,67.23,80.00,52.00,1009.87,1011.10,1008.70,5.35,11.86,0.00,17.00,2025-10-12T02:20:00-05:00,32.7,NNE,NE,0.0000,0.0000,0.0,0,,,2.650,5.00
2025-10-13,2025,10,13,286,287,1435.0,99.7,75.02,81.50,2025-10-13T14:50:00-05:00,68.90,2025-10-13T07:00:00-05:00,63.06,67.57,57.51,66.81,82.00,52.00,1012.44,1014.20,1010.20,3.65,8.50,0.00,11.63,2025-10-13T11:35:00-05:00,7.5,N,NNE,0.0000,0.0000,0.0,0,,,2.650,5.00
2025-10-14,2025,10,14,287,287,1435.0,99.7,75.14,81.14,2025-10-14T16:50:00-05:00,69.26,2025-10-14T07:05:00-05:00,64.68,70.20,60.25,70.60,85.00,50.00,1014.18,1015.50,1013.10,5.87,11.86,0.00,17.22,2025-10-14T09:30:00-05:00,27.2,NNE,NNE,0.0000,0.0000,0.0,0,,,2.640,5.00
2025-10-15,2025,10,15,288,287,1435.0,99.7,75.73,80.24,2025-10-15T13:20:00-05:00,71.24,2025-10-15T03:45:00-05:00,67.56,71.33,62.55,75.95,89.00,66.00,1013.51,1014.80,1012.60,5.66,10.96,0.00,16.78,2025-10-15T05:50:00-05:00,51.8,NE,NE,0.0000,0.0000,0.0,0,,,2.650,5.00
2025-10-16,2025,10,16,289,287,1435.0,99.7,76.10,80.96,2025-10-16T15:10:00-05:00,72.14,2025-10-16T04:15:00-05:00,68.35,70.68,62.85,77.28,91.00,66.00,1012.06,1013.40,1010.70,3.68,7.61,0.00,12.08,2025-10-16T03:10:00-05:00,352.7,N,N,0.0000,0.0000,0.0,0,,,2.640,5.00
2025-10-17,2025,10,17,290,287,1435.0,99.7,78.04,80.78,2025-10-17T13:35:00-05:00,74.30,2025-10-17T02:15:00-05:00,70.21,72.02,67.94,77.07,87.00,67.00,1012.34,1014.30,1011.00,5.26,13.20,0.00,17.45,2025-10-17T23:45:00-05:00,153.4,SSE,SE,0.0000,0.0000,0.0,0,,,2.650,5.00
2025-10-18,2025,10,18,291,287,1435.0,99.7,78.98,80.42,2025-10-18T13:40:00-05:00,77.36,2025-10-18T21:30:00-05:00,71.39,74.43,68.95,77.72,89.00,71.00,1012.19,1014.30,1010.50,11.07,22.15,2.24,29.97,2025-10-18T23:20:00-05:00,170.8,S,S,0.0311,0.0311,225.0,0,,,2.650,5.00
2025-10-19,2025,10,19,292,285,1425.0,99.0,78.69,86.36,2025-10-19T14:10:00-05:00,70.52,2025-10-19T23:55:00-05:00,69.91,76.63,55.40,75.72,97.00,54.00,1012.59,1016.70,1009.00,10.59,48.99,0.22,77.17,2025-10-19T22:55:00-05:00,302.0,WNW,N,1.4270,1.4270,375.0,269,13.34,1.86,2.620,5.00
2025-10-20,2025,10,20,293,287,1435.0,99.7,69.83,73.58,2025-10-20T22:45:00-05:00,64.22,2025-10-20T07:05:00-05:00,56.01,64.39,49.30,61.64,73.00,52.00,1017.04,1019.50,1015.50,8.35,20.80,0.00,28.19,2025-10-20T01:25:00-05:00,81.3,E,SE,0.0000,0.0000,0.0,0,,,2.640,5.00
2025-10-21,2025,10,21,294,288,1440.0,100.0,74.75,78.62,2025-10-21T12:05:00-05:00,68.72,2025-10-21T07:00:00-05:00,68.54,73.25,64.00,81.23,93.00,70.00,1015.32,1016.80,1014.00,4.33,9.84,0.00,12.97,2025-10-21T00:15:00-05:00,233.0,SW,WSW,0.0000,0.0000,0.0,0,,,2.640,5.00
2025-10-22,2025,10,22,295,287,1435.0,99.7,72.62,75.38,2025-10-22T00:05:00-05:00,70.16,2025-10-22T09:45:00-05:00,58.28,73.85,46.66,62.69,96.00,39.00,1017.13,1019.50,1014.70,10.75,20.13,0.00,29.08,2025-10-22T05:05:00-05:00,28.7,NNE,NNE,0.0000,0.0000,0.0,0,,,2.640,5.00
2025-10-23,2025,10,23,296,286,1430.0,99.3,70.76,74.66,2025-10-23T16:05:00-05:00,67.28,2025-10-23T08:00:00-05:00,53.35,65.38,48.50,54.67,88.00,42.00,1019.04,1020.90,1017.60,5.64,11.63,0.00,18.12,2025-10-23T06:00:00-05:00,61.9,ENE,NE,0.0000,0.0000,0.0,0,,,2.640,5.00
2025-10-24,2025,10,24,297,287,1435.0,99.7,72.93,77.72,2025-10-24T12:40:00-05:00,68.00,2025-10-24T02:40:00-05:00,59.47,65.62,52.36,63.66,90.00,45.00,1019.07,1020.80,1017.90,6.50,9.40,0.00,16.78,2025-10-24T10:00:00-05:00,79.0,E,ENE,0.0000,0.0000,0.0,0,,,2.640,5.00
2025-10-25,2025,10,25,298,287,1435.0,99.7,73.90,77.00,2025-10-25T10:55:00-05:00,69.08,2025-10-25T06:40:00-05:00,68.18,71.91,62.09,82.41,90.00,76.00,1017.25,1018.90,1014.90,9.25,18.79,0.45,28.86,2025-10-25T22:10:00-05:00,119.3,ESE,SE,0.0609,0.0609,220.0,0,,,2.640,5.00
2025-10-26,2025,10,26,299,287,1435.0,99.7,74.84,76.82,2025-10-26T01:00:00-05:00,70.16,2025-10-26T13:50:00-05:00,71.52,73.81,69.09,89.56,98.00,78.00,1013.01,1015.60,1010.70,10.48,25.72,0.00,54.58,2025-10-26T22:15:00-05:00,151.2,SSE,SSE,1.9040,1.9040,555.0,645,11.58,1.24,2.600,5.00
2025-10-27,2025,10,27,300,287,1435.0,99.7,72.25,76.46,2025-10-27T00:05:00-05:00,65.48,2025-10-27T23:35:00-05:00,67.97,73.46,60.18,86.64,96.00,74.00,1009.76,1011.00,1008.70,7.62,15.43,0.00,21.92,2025-10-27T22:20:00-05:00,27.1,NNE,NE,0.0295,0.0295,15.0,0,,,2.610,5.00
2025-10-28,2025,10,28,301,285,1425.0,99.0,64.25,66.92,2025-10-28T16:55:00-05:00,62.06,2025-10-28T07:35:00-05:00,58.27,60.87,55.99,81.00,87.00,75.00,1011.93,1013.40,1010.10,8.36,13.20,0.45,21.03,2025-10-28T06:35:00-05:00,40.3,NE,NE,0.0000,0.0000,0.0,0,,,2.640,5.00
2025-10-29,2025,10,29,302,287,1435.0,99.7,63.94,73.22,2025-10-29T06:10:00-05:00,57.38,2025-10-29T23:55:00-05:00,53.57,68.43,45.57,69.66,89.00,53.00,1009.87,1012.90,1005.60,9.44,21.70,0.00,29.97,2025-10-29T05:50:00-05:00,325.9,NW,NNW,0.0714,0.0714,240.0,0,,,2.630,5.00
2025-10-30,2025,10,30,303,285,1425.0,99.0,57.93,61.16,2025-10-30T14:25:00-05:00,55.40,2025-10-30T05:30:00-05:00,49.32,51.17,47.42,73.05,80.00,67.00,1013.82,1016.50,1011.30,9.00,14.76,0.22,23.04,2025-10-30T16:05:00-05:00,352.7,N,N,0.0000,0.0000,0.0,0,,,2.630,5.00
2025-10-31,2025,10,31,304,287,1435.0,99.7,58.63,64.40,2025-10-31T16:45:00-05:00,53.96,2025-10-31T04:30:00-05:00,49.48,53.20,46.22,71.89,81.00,58.00,1017.11,1018.50,1015.80,4.74,10.29,0.00,15.88,2025-10-31T04:10:00-05:00,16.2,NNE,NNE,0.0000,0.0000,0.0,0,,,2.640,5.00
2025-11-01,2025,11,1,305,287,1435.0,99.7,62.33,66.92,2025-11-01T15:30:00-05:00,59.18,2025-11-01T02:45:00-05:00,53.05,58.77,49.09,71.93,86.00,57.00,1017.64,1019.80,1016.20,5.05,10.29,0.00,16.55,2025-11-01T09:55:00-05:00,45.4,NE,NE,0.0000,0.0000,0.0,0,,,2.640,5.00
2025-11-02,2025,11,2,306,288,1440.0,96.0,62.47,66.74,2025-11-02T14:40:00-06:00,58.28,2025-11-02T23:55:00-06:00,53.34,58.73,47.77,72.42,86.00,59.00,1018.96,1021.40,1016.40,8.57,20.58,0.00,29.53,2025-11-02T22:00:00-06:00,26.2,NNE,NNE,0.0000,0.0000,0.0,0,,,2.620,5.00
2025-11-03,2025,11,3,307,287,1435.0,99.7,59.24,64.22,2025-11-03T15:45:00-06:00,52.88,2025-11-03T05:45:00-06:00,47.33,51.87,44.57,64.97,77.00,53.00,1023.03,1024.90,1020.80,12.01,21.03,2.01,30.65,2025-11-03T00:15:00-06:00,30.3,NNE,NE,0.0000,0.0000,0.0,0,,,2.640,5.00
2025-11-04,2025,11,4,308,287,1435.0,99.7,62.78,71.78,2025-11-04T15:00:00-06:00,57.74,2025-11-04T06:05:00-06:00,52.14,58.66,46.91,68.33,78.00,57.00,1023.94,1025.80,1022.20,5.74,12.75,0.00,18.57,2025-11-04T09:20:00-06:00,47.8,NE,NE,0.0000,0.0000,0.0,0,,,2.640,5.00
2025-11-05,2025,11,5,309,287,1435.0,99.7,65.22,72.68,2025-11-05T15:05:00-06:00,60.44,2025-11-05T06:00:00-06:00,59.47,63.66,54.52,82.16,93.00,65.00,1020.43,1023.30,1018.00,4.59,10.74,0.00,16.55,2025-11-05T08:45:00-06:00,45.9,NE,NE,0.0000,0.0000,0.0,0,,,2.640,5.00
2025-11-06,2025,11,6,310,285,1425.0,99.0,67.64,73.76,2025-11-06T14:35:00-06:00,62.06,2025-11-06T05:15:00-06:00,62.98,67.94,58.46,85.36,95.00,69.00,1016.15,1019.10,1010.50,5.05,8.72,0.00,14.54,2025-11-06T14:20:00-06:00,58.9,ENE,NNE,0.0000,0.0000,0.0,0,,,2.640,5.00
2025-11-07,2025,11,7,311,286,1430.0,99.3,70.97,73.58,2025-11-07T13:35:00-06:00,67.64,2025-11-07T05:25:00-06:00,69.13,70.98,66.16,93.94,97.00,88.00,1007.69,1010.60,1004.80,4.09,9.17,0.00,11.41,2025-11-07T19:15:00-06:00,193.2,SSW,S,0.0000,0.0000,15.0,0,,,2.630,5.00
2025-11-08,2025,11,8,312,287,1435.0,99.7,72.24,74.66,2025-11-08T13:20:00-06:00,68.18,2025-11-08T06:35:00-06:00,68.96,70.70,66.69,89.66,97.00,79.00,1008.54,1012.00,1005.10,3.15,6.26,0.00,10.96,2025-11-08T23:10:00-06:00,232.7,SW,SW,0.0000,0.0000,0.0,0,,,2.640,5.00
2025-11-09,2025,11,9,313,287,1435.0,99.7,68.40,75.02,2025-11-09T09:45:00-06:00,51.44,2025-11-09T23:50:00-06:00,58.92,70.85,39.26,73.60,96.00,43.00,1014.36,1021.90,1008.50,8.79,21.47,0.00,34.67,2025-11-09T21:15:00-06:00,349.2,N,N,0.0000,0.0000,0.0,1,4.97,4.97,2.650,5.00
2025-11-10,2025,11,10,314,287,1435.0,99.7,46.95,51.98,2025-11-10T14:40:00-06:00,41.18,2025-11-10T23:30:00-06:00,30.17,39.09,25.21,52.62,67.00,36.00,1025.29,1028.50,1021.90,13.93,24.38,1.34,36.24,2025-11-10T23:15:00-06:00,355.6,N,N,0.0000,0.0000,0.0,0,,,2.610,5.00
2025-11-11,2025,11,11,315,287,1435.0,99.7,47.51,59.90,2025-11-11T23:55:00-06:00,40.82,2025-11-11T06:15:00-06:00,29.52,47.10,14.13,50.54,63.00,24.00,1027.00,1029.80,1024.20,8.39,24.38,0.00,34.23,2025-11-11T00:45:00-06:00,28.6,NNE,NE,0.0000,0.0000,0.0,0,,,2.630,5.00
2025-11-12,2025,11,12,316,285,1425.0,99.0,62.04,67.82,2025-11-12T14:45:00-06:00,53.06,2025-11-12T05:40:00-06:00,53.40,60.02,43.86,73.78,87.00,54.00,1023.62,1025.80,1022.10,4.80,8.05,0.00,13.87,2025-11-12T00:25:00-06:00,232.8,SW,WSW,0.0000,0.0000,0.0,0,,,2.640,5.00
2025-11-13,2025,11,13,317,284,1420.0,98.6,65.43,72.14,2025-11-13T11:15:00-06:00,59.54,2025-11-13T05:40:00-06:00,60.77,64.34,57.09,85.18,95.00,68.00,1020.61,1023.70,1017.70,2.84,6.04,0.00,10.07,2025-11-13T15:00:00-06:00,306.0,NW,WSW,0.0000,0.0000,0.0,0,,,2.640,5.00
2025-11-14,2025,11,14,318,285,1425.0,99.0,65.55,71.42,2025-11-14T13:20:00-06:00,60.62,2025-11-14T06:00:00-06:00,61.56,64.96,58.20,87.37,96.00,68.00,1018.80,1022.80,1015.70,3.32,7.16,0.00,10.51,2025-11-14T08:20:00-06:00,25.8,NNE,SSW,0.0000,0.0000,0.0,0,,,2.640,5.00
2025-11-15,2025,11,15,319,286,1430.0,99.3,66.21,70.16,2025-11-15T13:50:00-06:00,60.44,2025-11-15T07:25:00-06:00,62.86,65.25,60.44,89.30,100.00,74.00,1015.20,1018.80,1012.10,4.12,8.05,0.00,12.30,2025-11-15T22:55:00-06:00,223.0,SW,SW,0.0000,0.0000,0.0,0,,,2.640,5.00
2025-11-16,2025,11,16,320,286,1430.0,99.3,69.94,73.76,2025-11-16T09:30:00-06:00,65.12,2025-11-16T06:20:00-06:00,65.52,67.15,62.94,86.03,94.00,73.00,1011.70,1015.90,1009.60,3.71,8.50,0.00,13.87,2025-11-16T00:40:00-06:00,248.8,WSW,WSW,0.0000,0.0000,0.0,0,,,2.640,5.00
2025-11-17,2025,11,17,321,257,1285.0,89.2,68.22,70.88,2025-11-17T11:20:00-06:00,64.94,2025-11-17T05:30:00-06:00,64.71,67.15,62.56,88.72,95.00,78.00,1013.57,1017.20,1009.80,4.07,7.38,0.00,11.63,2025-11-17T12:30:00-06:00,119.0,ESE,SE,0.0000,0.0000,0.0,0,,,2.640,5.00
2025-11-18,2025,11,18,322,238,1190.0,82.6,70.33,72.50,2025-11-18T12:40:00-06:00,67.28,2025-11-18T05:05:00-06:00,68.29,69.51,65.84,93.32,98.00,86.00,1015.48,1019.70,1013.30,4.00,6.71,0.00,9.17,2025-11-18T11:00:00-06:00,155.8,SSE,SSE,0.0000,0.0000,0.0,0,,,2.650,5.00
2025-11-19,2025,11,19,323,287,1435.0,99.7,69.34,71.78,2025-11-19T15:50:00-06:00,65.66,2025-11-19T08:30:00-06:00,68.16,69.96,65.66,96.09,100.00,88.00,1015.61,1019.00,1014.00,3.20,8.28,0.00,12.53,2025-11-19T09:45:00-06:00,86.1,E,SSW,0.0000,0.0000,0.0,0,,,2.640,5.00
2025-11-20,2025,11,20,324,231,1155.0,80.2,68.93,72.50,2025-11-20T13:20:00-06:00,63.86,2025-11-20T06:45:00-06:00,67.49,69.20,63.57,95.27,100.00,86.00,1013.32,1017.60,1010.80,3.63,7.83,0.00,10.07,2025-11-20T14:30:00-06:00,111.6,ESE,ESE,0.0000,0.0000,0.0,0,,,2.640,5.00
2025-11-21,2025,11,21,325,287,1435.0,99.7,72.48,73.40,2025-11-21T16:10:00-06:00,70.88,2025-11-21T00:05:00-06:00,70.80,72.14,69.07,94.49,97.00,90.00,1009.83,1014.00,1008.00,7.44,12.97,0.22,14.99,2025-11-21T16:15:00-06:00,183.5,S,S,0.0000,0.0000,0.0,0,,,2.640,5.00
2025-11-22,2025,11,22,326,287,1435.0,99.7,72.76,74.66,2025-11-22T11:15:00-06:00,71.24,2025-11-22T05:20:00-06:00,70.91,71.60,69.73,93.94,97.00,89.00,1010.47,1014.80,1008.70,4.26,6.71,0.00,11.63,2025-11-22T15:00:00-06:00,243.0,WSW,WSW,0.0000,0.0000,0.0,0,,,2.640,5.00
2025-11-23,2025,11,23,327,287,1435.0,99.7,68.65,75.74,2025-11-23T14:30:00-06:00,61.16,2025-11-23T20:20:00-06:00,63.26,71.60,58.51,83.39,97.00,66.00,1016.06,1020.50,1009.00,7.12,12.97,0.00,19.68,2025-11-23T20:20:00-06:00,20.3,NNE,NNE,0.0000,0.0000,0.0,0,,,2.640,5.00
2025-11-24,2025,11,24,328,287,1435.0,99.7,68.38,73.04,2025-11-24T23:55:00-06:00,62.24,2025-11-24T06:30:00-06:00,64.63,71.03,58.88,87.95,96.00,77.00,1013.07,1018.50,1007.60,6.14,10.96,0.00,15.21,2025-11-24T01:30:00-06:00,114.6,ESE,SE,0.0000,0.0000,0.0,0,,,2.640,5.00
2025-11-25,2025,11,25,329,287,1435.0,99.7,73.51,74.48,2025-11-25T17:35:00-06:00,72.50,2025-11-25T23:40:00-06:00,71.35,72.55,69.96,92.96,96.00,89.00,1008.07,1010.50,1006.10,9.23,15.21,0.00,19.91,2025-11-25T02:45:00-06:00,195.6,SSW,SSW,0.0000,0.0000,0.0,123,13.39,3.73,2.650,5.00
2025-11-26,2025,11,26,330,287,1435.0,99.7,65.50,72.14,2025-11-26T00:05:00-06:00,55.40,2025-11-26T23:50:00-06:00,57.08,70.32,39.50,74.80,94.00,55.00,1019.12,1023.50,1008.90,11.51,25.95,0.00,33.11,2025-11-26T23:10:00-06:00,8.4,N,N,0.0000,0.0000,0.0,0,,,2.640,5.00
2025-11-27,2025,11,27,331,287,1435.0,99.7,53.65,61.16,2025-11-27T15:10:00-06:00,47.30,2025-11-27T06:45:00-06:00,38.15,41.33,32.36,56.27,70.00,41.00,1025.50,1027.00,1022.90,15.79,25.95,1.12,37.36,2025-11-27T04:25:00-06:00,8.5,N,N,0.0000,0.0000,0.0,0,,,2.630,5.00
2025-11-28,2025,11,28,332,287,1435.0,99.7,50.09,54.68,2025-11-28T15:30:00-06:00,43.88,2025-11-28T06:10:00-06:00,36.02,39.04,31.78,58.67,74.00,49.00,1027.49,1029.40,1026.20,14.42,23.04,1.57,32.88,2025-11-28T08:15:00-06:00,23.7,NNE,NE,0.0000,0.0000,0.0,0,,,2.630,5.00
2025-11-29,2025,11,29,333,287,1435.0,99.7,56.61,63.14,2025-11-29T14:50:00-06:00,50.00,2025-11-29T01:50:00-06:00,47.40,54.54,33.56,71.45,82.00,52.00,1023.53,1026.30,1020.30,7.55,11.18,0.00,17.90,2025-11-29T05:00:00-06:00,80.7,E,ENE,0.0000,0.0000,0.0,0,,,2.640,5.00
2025-11-30,2025,11,30,334,287,1435.0,99.7,60.10,65.84,2025-11-30T13:45:00-06:00,55.58,2025-11-30T23:45:00-06:00,54.41,59.32,50.55,81.62,91.00,73.00,1018.47,1021.40,1015.20,9.62,22.15,0.45,31.99,2025-11-30T20:05:00-06:00,37.7,NE,NE,0.0000,0.0000,0.0,0,,,2.640,5.00
2025-12-01,2025,12,1,335,287,1435.0,99.7,56.27,59.00,2025-12-01T23:35:00-06:00,53.24,2025-12-01T04:10:00-06:00,54.00,56.98,50.98,92.08,97.00,87.00,1011.70,1015.60,1006.40,12.44,33.11,1.34,51.45,2025-12-01T17:40:00-06:00,36.3,NE,NE,1.0765,1.0765,375.0,7,2.75,2.49,2.590,5.00
2025-12-02,2025,12,2,336,288,1440.0,100.0,51.67,59.18,2025-12-02T00:10:00-06:00,41.00,2025-12-02T23:55:00-06:00,48.32,57.57,36.84,88.31,96.00,80.00,1012.21,1018.70,1004.90,10.46,20.80,0.45,26.84,2025-12-02T17:20:00-06:00,5.4,N,N,0.0000,0.0000,0.0,0,,,2.580,5.00
2025-12-03,2025,12,3,337,287,1435.0,99.7,44.69,52.16,2025-12-03T19:10:00-06:00,38.84,2025-12-03T02:35:00-06:00,39.66,45.51,35.59,82.67,90.00,73.00,1019.72,1021.70,1016.70,6.87,13.65,0.00,22.37,2025-12-03T05:50:00-06:00,25.7,NNE,NE,0.0000,0.0000,0.0,0,,,2.620,5.00
2025-12-04,2025,12,4,338,287,1435.0,99.7,56.21,66.20,2025-12-04T22:30:00-06:00,49.28,2025-12-04T12:15:00-06:00,53.96,64.85,45.51,92.20,98.00,78.00,1012.43,1020.10,1007.60,11.14,33.78,0.00,51.67,2025-12-04T14:35:00-06:00,83.3,E,NE,2.0374,2.0374,705.0,28,4.19,1.24,2.590,5.00
2025-12-05,2025,12,5,339,288,1440.0,100.0,50.43,57.38,2025-12-05T00:00:00-06:00,48.74,2025-12-05T03:35:00-06:00,48.89,56.54,47.59,94.47,98.00,92.00,1011.11,1014.10,1008.10,10.32,22.15,0.00,29.53,2025-12-05T03:30:00-06:00,10.1,N,N,1.1152,1.1152,470.0,167,6.69,1.86,2.550,5.00
2025-12-06,2025,12,6,340,287,1435.0,99.7,51.44,54.32,2025-12-06T23:50:00-06:00,49.64,2025-12-06T03:45:00-06:00,49.90,52.92,48.27,94.46,96.00,93.00,1010.83,1014.00,1008.10,7.28,10.74,0.00,15.43,2025-12-06T00:10:00-06:00,40.9,NE,NE,0.5694,0.5694,495.0,0,,,2.530,5.00
2025-12-07,2025,12,7,341,287,1435.0,99.7,54.73,55.40,2025-12-07T20:10:00-06:00,53.96,2025-12-07T09:00:00-06:00,54.01,55.12,52.92,97.41,99.00,95.00,1007.59,1008.60,1006.10,7.87,12.97,0.00,47.42,2025-12-07T09:50:00-06:00,38.1,NE,NE,0.8271,0.8271,390.0,0,,,2.500,5.00
2025-12-08,2025,12,8,342,286,1430.0,99.3,51.54,54.68,2025-12-08T00:05:00-06:00,47.12,2025-12-08T23:20:00-06:00,48.64,54.40,42.40,89.92,99.00,81.00,1017.38,1023.20,1008.00,16.46,26.40,1.34,34.23,2025-12-08T07:50:00-06:00,12.5,NNE,N,0.0588,0.0588,50.0,0,,,2.480,5.00
2025-12-09,2025,12,9,343,286,1430.0,99.3,47.36,53.06,2025-12-09T14:45:00-06:00,42.44,2025-12-09T07:25:00-06:00,43.63,47.41,40.71,87.03,96.00,72.00,1020.58,1023.70,1015.90,6.31,15.21,0.00,23.71,2025-12-09T00:10:00-06:00,32.0,NNE,NE,0.0000,0.0000,0.0,0,,,2.630,5.00
2025-12-10,2025,12,10,344,287,1435.0,99.7,56.88,64.22,2025-12-10T14:25:00-06:00,49.46,2025-12-10T00:20:00-06:00,53.71,60.55,47.41,89.30,96.00,77.00,1014.31,1018.70,1009.30,4.71,11.63,0.00,17.45,2025-12-10T22:35:00-06:00,332.1,NNW,WSW,0.0000,0.0000,0.0,0,,,2.640,5.00
2025-12-11,2025,12,11,345,287,1435.0,99.7,54.13,60.62,2025-12-11T23:50:00-06:00,50.18,2025-12-11T06:20:00-06:00,43.48,52.48,36.21,67.83,85.00,45.00,1019.98,1022.50,1016.80,7.53,17.45,0.00,25.05,2025-12-11T05:30:00-06:00,26.5,NNE,NE,0.0000,0.0000,0.0,0,,,2.640,5.00
2025-12-12,2025,12,12,346,287,1435.0,99.7,60.86,64.22,2025-12-12T11:45:00-06:00,53.96,2025-12-12T05:45:00-06:00,57.71,61.44,51.75,89.51,94.00,74.00,1013.77,1019.60,1009.30,4.44,7.83,0.00,10.51,2025-12-12T08:00:00-06:00,119.5,ESE,SSE,0.0000,0.0000,0.0,0,,,2.640,5.00
2025-12-13,2025,12,13,347,287,1435.0,99.7,63.99,67.82,2025-12-13T14:20:00-06:00,59.54,2025-12-13T07:30:00-06:00,61.99,64.92,58.11,93.25,96.00,87.00,1011.24,1016.80,1009.20,3.79,7.61,0.00,9.84,2025-12-13T12:30:00-06:00,136.8,SE,SSE,0.0000,0.0000,0.0,0,,,2.640,5.00
2025-12-14,2025,12,14,348,287,1435.0,99.7,52.29,64.22,2025-12-14T02:20:00-06:00,37.94,2025-12-14T23:50:00-06:00,45.26,63.05,24.38,78.03,96.00,53.00,1019.77,1027.70,1009.60,16.57,29.97,0.00,42.73,2025-12-14T10:35:00-06:00,0.3,N,N,0.1056,0.1056,150.0,0,,,2.630,5.00
2025-12-15,2025,12,15,349,287,1435.0,99.7,40.39,47.66,2025-12-15T18:40:00-06:00,32.18,2025-12-15T06:45:00-06:00,27.93,39.69,20.58,61.38,80.00,40.00,1027.51,1029.60,1025.70,11.56,24.16,0.45,43.17,2025-12-15T01:50:00-06:00,33.0,NNE,NNE,0.0000,0.0000,0.0,0,,,2.620,5.00
2025-12-16,2025,12,16,350,287,1435.0,99.7,51.14,58.46,2025-12-16T15:55:00-06:00,42.98,2025-12-16T06:10:00-06:00,43.45,54.60,32.05,75.22,89.00,56.00,1023.21,1025.80,1017.80,6.92,13.65,0.00,18.34,2025-12-16T06:20:00-06:00,47.8,NE,NE,0.0000,0.0000,0.0,0,,,2.630,5.00
2025-12-17,2025,12,17,351,287,1435.0,99.7,57.94,64.94,2025-12-17T13:50:00-06:00,51.44,2025-12-17T02:45:00-06:00,53.73,60.83,47.70,86.03,92.00,72.00,1014.71,1019.50,1007.90,6.58,10.51,0.00,15.21,2025-12-17T02:50:00-06:00,60.7,ENE,NE,0.0123,0.0123,10.0,0,,,2.640,5.00
2025-12-18,2025,12,18,352,287,1435.0,99.7,63.49,66.02,2025-12-18T04:30:00-06:00,58.10,2025-12-18T08:20:00-06:00,61.18,63.65,56.38,92.21,96.00,87.00,1004.93,1008.10,1003.20,5.23,9.84,0.00,23.26,2025-12-18T12:00:00-06:00,151.4,SSE,SE,0.4693,0.4693,145.0,91,7.47,2.49,2.620,5.00
2025-12-19,2025,12,19,353,287,1435.0,99.7,56.85,65.12,2025-12-19T00:20:00-06:00,52.70,2025-12-19T23:00:00-06:00,44.46,62.74,37.21,63.66,93.00,50.00,1019.70,1022.70,1004.40,7.59,23.26,0.00,31.76,2025-12-19T02:45:00-06:00,18.4,NNE,NE,0.0052,0.0052,10.0,0,,,2.640,5.00
2025-12-20,2025,12,20,354,287,1435.0,99.7,59.03,66.02,2025-12-20T14:20:00-06:00,51.26,2025-12-20T04:20:00-06:00,52.73,60.73,39.60,79.91,93.00,63.00,1017.13,1022.30,1010.30,4.72,8.95,0.00,12.53,2025-12-20T07:15:00-06:00,105.6,ESE,SE,0.0000,0.0000,0.0,0,,,2.640,5.00
2025-12-21,2025,12,21,355,287,1435.0,99.7,64.04,67.28,2025-12-21T14:15:00-06:00,58.64,2025-12-21T05:00:00-06:00,61.97,64.24,57.21,93.03,96.00,88.00,1012.85,1015.40,1010.60,3.84,6.71,0.00,9.62,2025-12-21T04:15:00-06:00,144.6,SE,S,0.0069,0.0069,5.0,0,,,2.640,5.00
2025-12-22,2025,12,22,356,287,1435.0,99.7,64.28,67.82,2025-12-22T10:35:00-06:00,61.52,2025-12-22T21:15:00-06:00,59.74,62.58,57.40,85.51,95.00,72.00,1019.51,1025.70,1014.20,5.33,9.62,0.00,16.11,2025-12-22T12:45:00-06:00,108.0,ESE,SE,0.0419,0.0419,20.0,0,,,2.630,5.00
2025-12-23,2025,12,23,357,287,1435.0,99.7,63.61,68.90,2025-12-23T11:30:00-06:00,59.00,2025-12-23T06:30:00-06:00,60.38,64.20,55.76,89.29,95.00,82.00,1017.44,1023.10,1014.90,4.46,7.83,0.00,10.51,2025-12-23T06:25:00-06:00,99.7,E,SE,0.0000,0.0000,0.0,0,,,2.630,5.00
2025-12-24,2025,12,24,358,287,1435.0,99.7,60.38,64.22,2025-12-24T13:25:00-06:00,58.28,2025-12-24T23:55:00-06:00,59.25,61.31,57.43,96.07,99.00,89.00,1016.07,1018.10,1014.10,4.15,7.61,0.00,14.32,2025-12-24T19:55:00-06:00,28.3,NNE,NE,0.0000,0.0000,0.0,0,,,2.640,5.00
2025-12-25,2025,12,25,359,287,1435.0,99.7,60.31,64.58,2025-12-25T13:35:00-06:00,57.56,2025-12-25T05:55:00-06:00,59.26,62.27,56.71,96.35,99.00,87.00,1014.18,1017.10,1011.60,3.11,7.61,0.00,18.57,2025-12-25T23:20:00-06:00,225.8,SW,SSW,0.0000,0.0000,0.0,0,,,2.640,5.00
2025-12-26,2025,12,26,360,287,1435.0,99.7,65.45,69.80,2025-12-26T10:35:00-06:00,62.06,2025-12-26T04:00:00-06:00,64.64,67.68,61.20,97.23,100.00,92.00,1011.88,1017.60,1008.20,5.76,12.08,0.00,45.63,2025-12-26T09:00:00-06:00,222.4,SW,SW,0.0000,0.0000,0.0,0,,,2.640,5.00
2025-12-27,2025,12,27,361,287,1435.0,99.7,66.09,70.52,2025-12-27T13:50:00-06:00,64.76,2025-12-27T19:00:00-06:00,65.56,68.53,63.89,98.18,100.00,93.00,1008.98,1014.80,1007.40,2.57,8.72,0.00,12.53,2025-12-27T00:15:00-06:00,232.4,SW,SW,0.0000,0.0000,0.0,0,,,2.640,5.00
2025-12-28,2025,12,28,362,287,1435.0,99.7,66.69,69.62,2025-12-28T15:15:00-06:00,65.12,2025-12-28T00:15:00-06:00,65.86,67.77,64.25,97.18,99.00,93.00,1010.13,1014.60,1007.00,4.26,8.50,0.00,18.57,2025-12-28T04:35:00-06:00,186.9,S,S,0.0000,0.0000,0.0,0,,,2.640,5.00
2025-12-29,2025,12,29,363,287,1435.0,99.7,55.71,68.18,2025-12-29T00:05:00-06:00,41.54,2025-12-29T23:50:00-06:00,43.03,67.12,27.01,65.06,98.00,38.00,1018.19,1025.20,1006.00,12.56,26.17,0.00,37.13,2025-12-29T08:25:00-06:00,355.1,N,N,0.0628,0.0628,225.0,0,,,2.630,5.00
2025-12-30,2025,12,30,364,287,1435.0,99.7,41.61,50.18,2025-12-30T15:20:00-06:00,33.44,2025-12-30T06:25:00-06:00,27.31,31.15,24.17,57.46,72.00,40.00,1025.12,1027.00,1023.40,13.19,23.49,1.34,36.46,2025-12-30T05:45:00-06:00,1.5,N,N,0.0000,0.0000,0.0,0,,,2.640,5.00
2025-12-31,2025,12,31,365,287,1435.0,99.7,46.53,54.68,2025-12-31T23:35:00-06:00,36.86,2025-12-31T05:10:00-06:00,33.57,45.66,26.67,60.84,73.00,44.00,1023.84,1026.20,1021.40,6.55,16.33,0.00,24.83,2025-12-31T00:10:00-06:00,334.7,NNW,N,0.0000,0.0000,0.0,0,,,2.640,5.00
2026-01-01,2026,1,1,1,287,1435.0,99.7,57.56,61.52,2026-01-01T12:00:00-06:00,51.08,2026-01-01T06:15:00-06:00,49.08,54.60,43.78,73.45,81.00,59.00,1020.14,1022.10,1017.80,4.11,7.83,0.00,14.32,2026-01-01T15:20:00-06:00,260.1,W,WSW,0.0000,0.0000,0.0,0,,,2.640,5.00
2026-01-02,2026,1,2,2,287,1435.0,99.7,62.92,67.82,2026-01-02T21:45:00-06:00,55.76,2026-01-02T05:30:00-06:00,59.01,64.60,53.17,87.11,92.00,75.00,1012.68,1017.80,1007.70,6.01,11.86,0.00,19.01,2026-01-02T20:05:00-06:00,222.4,SW,SW,0.0000,0.0000,0.0,0,,,2.640,5.00
2026-01-03,2026,1,3,3,287,1435.0,99.7,65.42,69.08,2026-01-03T11:15:00-06:00,59.00,2026-01-03T23:05:00-06:00,62.50,65.27,54.17,90.29,96.00,84.00,1006.37,1013.90,1003.60,8.10,17.45,0.00,44.74,2026-01-03T08:50:00-06:00,268.1,W,SW,0.4237,0.4237,125.0,122,13.89,2.49,2.630,5.00
2026-01-04,2026,1,4,4,287,1435.0,99.7,57.34,59.72,2026-01-04T15:15:00-06:00,54.86,2026-01-04T07:10:00-06:00,52.76,54.70,50.79,84.72,90.00,78.00,1016.28,1019.90,1012.10,8.44,17.90,0.00,27.07,2026-01-04T05:00:00-06:00,29.5,NNE,NNE,0.0000,0.0000,0.0,0,,,2.640,5.00
2026-01-05,2026,1,5,5,287,1435.0,99.7,60.76,64.40,2026-01-05T11:30:00-06:00,56.30,2026-01-05T05:15:00-06:00,57.49,61.03,53.10,89.05,94.00,80.00,1012.88,1018.90,1008.30,5.29,7.61,0.00,12.53,2026-01-05T07:30:00-06:00,93.8,E,NE,0.0000,0.0000,0.0,0,,,2.640,5.00
2026-01-06,2026,1,6,6,286,1430.0,99.3,65.39,68.36,2026-01-06T11:55:00-06:00,60.80,2026-01-06T06:50:00-06:00,61.91,64.34,58.46,88.59,93.00,82.00,1010.06,1016.20,1006.90,3.85,8.50,0.00,14.09,2026-01-06T23:40:00-06:00,224.3,SW,SW,0.0000,0.0000,0.0,0,,,2.650,5.00
2026-01-07,2026,1,7,7,287,1435.0,99.7,65.45,69.08,2026-01-07T12:05:00-06:00,62.96,2026-01-07T06:20:00-06:00,63.07,64.60,61.21,92.06,95.00,84.00,1008.18,1013.50,1006.90,3.51,7.83,0.00,15.21,2026-01-07T00:05:00-06:00,226.9,SW,SSW,0.0000,0.0000,0.0,0,,,2.640,5.00
2026-01-08,2026,1,8,8,287,1435.0,99.7,66.68,68.18,2026-01-08T12:30:00-06:00,65.12,2026-01-08T07:30:00-06:00,64.33,65.31,63.40,92.17,95.00,88.00,1008.20,1011.00,1006.60,5.35,9.40,0.00,11.86,2026-01-08T10:00:00-06:00,157.6,SSE,S,0.0000,0.0000,0.0,0,,,2.640,5.00
2026-01-09,2026,1,9,9,287,1435.0,99.7,67.81,69.44,2026-01-09T15:10:00-06:00,66.38,2026-01-09T03:10:00-06:00,65.36,66.92,64.29,91.90,94.00,88.00,1008.65,1012.20,1007.60,7.75,12.30,0.89,16.11,2026-01-09T05:55:00-06:00,159.0,SSE,SSE,0.0000,0.0000,0.0,0,,,2.640,5.00
2026-01-10,2026,1,10,10,287,1435.0,99.7,67.91,69.98,2026-01-10T12:05:00-06:00,61.52,2026-01-10T23:55:00-06:00,64.60,67.46,52.79,89.24,94.00,73.00,1011.33,1022.20,1006.80,7.52,16.78,0.00,27.96,2026-01-10T23:55:00-06:00,249.7,WSW,SSW,0.1977,0.1977,55.0,1,4.97,4.97,2.630,5.00
2026-01-11,2026,1,11,11,287,1435.0,99.7,53.88,60.98,2026-01-11T00:05:00-06:00,48.02,2026-01-11T23:20:00-06:00,39.62,53.00,31.89,59.29,79.00,40.00,1026.07,1028.70,1021.70,16.61,25.95,1.57,35.79,2026-01-11T06:20:00-06:00,7.4,N,N,0.0000,0.0000,0.0,0,,,2.620,5.00
2026-01-12,2026,1,12,12,287,1435.0,99.7,46.38,51.62,2026-01-12T16:05:00-06:00,41.00,2026-01-12T07:15:00-06:00,32.00,39.25,27.75,57.43,72.00,42.00,1027.64,1029.70,1026.10,10.95,19.91,0.67,29.97,2026-01-12T01:30:00-06:00,33.0,NNE,NE,0.0000,0.0000,0.0,0,,,2.630,5.00
2026-01-13,2026,1,13,13,287,1435.0,99.7,50.59,57.56,2026-01-13T22:45:00-06:00,43.88,2026-01-13T07:50:00-06:00,37.15,41.04,29.75,60.87,80.00,39.00,1023.11,1026.10,1018.70,5.01,10.51,0.00,15.66,2026-01-13T08:30:00-06:00,12.1,NNE,NNE,0.0000,0.0000,0.0,0,,,2.640,5.00
2026-01-14,2026,1,14,14,287,1435.0,99.7,55.45,60.80,2026-01-14T14:40:00-06:00,50.54,2026-01-14T05:15:00-06:00,45.77,51.98,31.49,70.27,80.00,39.00,1016.22,1018.70,1013.30,5.44,16.33,0.00,25.50,2026-01-14T20:10:00-06:00,338.8,NNW,N,0.0379,0.0379,105.0,0,,,2.630,5.00
2026-01-15,2026,1,15,15,287,1435.0,99.7,46.63,50.90,2026-01-15T16:20:00-06:00,41.54,2026-01-15T08:10:00-06:00,30.51,44.60,23.28,54.75,80.00,35.00,1019.47,1021.80,1015.50,9.19,18.57,0.00,30.65,2026-01-15T05:45:00-06:00,358.3,N,N,0.0000,0.0000,0.0,0,,,2.640,5.00
2026-01-16,2026,1,16,16,287,1435.0,99.7,57.19,62.60,2026-01-16T22:40:00-06:00,45.32,2026-01-16T00:30:00-06:00,45.99,53.88,24.05,66.50,77.00,42.00,1019.48,1021.30,1017.90,6.17,13.20,0.00,17.22,2026-01-16T13:50:00-06:00,212.5,SSW,SW,0.0000,0.0000,0.0,0,,,2.650,5.00
2026-01-17,2026,1,17,17,287,1435.0,99.7,55.03,62.42,2026-01-17T00:05:00-06:00,44.78,2026-01-17T23:55:00-06:00,45.94,55.30,35.85,71.84,89.00,54.00,1019.60,1022.20,1014.90,12.73,23.04,0.67,32.88,2026-01-17T20:25:00-06:00,11.3,NNE,N,0.1387,0.1387,90.0,0,,,2.620,5.00
2026-01-18,2026,1,18,18,288,1440.0,100.0,43.47,49.28,2026-01-18T15:45:00-06:00,36.86,2026-01-18T05:25:00-06:00,26.16,37.82,17.47,51.94,81.00,35.00,1023.42,1025.30,1021.50,9.19,22.59,0.00,32.66,2026-01-18T03:50:00-06:00,356.3,N,N,0.0864,0.0864,280.0,0,,,2.620,5.00
2026-01-19,2026,1,19,19,287,1435.0,99.7,46.60,53.42,2026-01-19T16:00:00-06:00,40.10,2026-01-19T04:40:00-06:00,32.87,43.08,25.05,59.14,77.00,45.00,1026.15,1028.20,1024.40,7.39,12.08,0.00,19.24,2026-01-19T03:10:00-06:00,8.6,N,N,0.0000,0.0000,0.0,0,,,2.640,5.00
2026-01-20,2026,1,20,20,287,1435.0,99.7,50.34,55.22,2026-01-20T15:35:00-06:00,46.58,2026-01-20T02:20:00-06:00,39.48,44.95,34.08,66.60,80.00,45.00,1028.84,1031.00,1026.90,5.26,10.74,0.00,17.90,2026-01-20T10:35:00-06:00,41.5,NE,NE,0.0000,0.0000,0.0,0,,,2.640,5.00
2026-01-21,2026,1,21,21,287,1435.0,99.7,57.90,61.52,2026-01-21T21:30:00-06:00,51.08,2026-01-21T00:05:00-06:00,52.02,58.38,40.41,80.91,90.00,65.00,1021.72,1027.40,1014.30,6.58,11.18,0.00,13.87,2026-01-21T21:25:00-06:00,145.5,SE,SSE,0.0000,0.0000,0.0,0,,,2.640,5.00
2026-01-22,2026,1,22,22,287,1435.0,99.7,62.36,72.50,2026-01-22T13:45:00-06:00,56.84,2026-01-22T23:20:00-06:00,58.76,64.33,54.77,88.16,94.00,72.00,1014.33,1020.20,1010.90,4.25,12.97,0.00,17.45,2026-01-22T22:35:00-06:00,73.1,ENE,S,0.0294,0.0294,75.0,0,,,2.640,5.00
2026-01-23,2026,1,23,23,287,1435.0,99.7,56.56,60.26,2026-01-23T15:30:00-06:00,54.32,2026-01-23T22:10:00-06:00,53.69,55.31,49.77,90.22,96.00,82.00,1015.05,1019.40,1010.90,11.05,19.91,0.89,27.96,2026-01-23T21:45:00-06:00,30.7,NNE,NNE,0.0000,0.0000,0.0,0,,,2.640,5.00
2026-01-24,2026,1,24,24,287,1435.0,99.7,59.21,66.38,2026-01-24T23:50:00-06:00,53.96,2026-01-24T05:30:00-06:00,55.70,64.60,49.80,88.18,94.00,82.00,1014.63,1019.80,1006.80,9.47,15.43,0.67,23.49,2026-01-24T02:15:00-06:00,87.3,E,NE,0.0000,0.0000,0.0,1,1.24,1.24,2.640,5.00
2026-01-25,2026,1,25,25,287,1435.0,99.7,57.74,69.08,2026-01-25T11:20:00-06:00,37.22,2026-01-25T23:45:00-06:00,55.74,67.28,33.99,92.97,96.00,87.00,1008.27,1019.30,1002.80,12.00,20.36,0.00,38.92,2026-01-25T16:40:00-06:00,239.5,WSW,S,1.1718,1.1718,395.0,320,14.36,0.00,2.600,5.00
2026-01-26,2026,1,26,26,287,1435.0,99.7,35.17,42.62,2026-01-26T15:05:00-06:00,28.94,2026-01-26T06:30:00-06:00,25.47,33.57,20.64,69.00,90.00,46.00,1026.94,1032.20,1019.20,16.72,26.62,1.79,39.82,2026-01-26T16:35:00-06:00,1.6,N,N,0.0000,0.0000,0.0,0,,,2.570,5.00
2026-01-27,2026,1,27,27,287,1435.0,99.7,36.25,44.60,2026-01-27T16:00:00-06:00,26.96,2026-01-27T06:15:00-06:00,25.47,35.96,20.89,65.75,82.00,45.00,1030.88,1033.50,1028.30,8.35,21.47,0.00,30.20,2026-01-27T05:00:00-06:00,11.2,N,N,0.0000,0.0000,0.0,0,,,2.640,5.00
2026-01-28,2026,1,28,28,287,1435.0,99.7,45.10,51.44,2026-01-28T14:40:00-06:00,39.38,2026-01-28T08:10:00-06:00,32.77,42.19,26.33,62.48,82.00,46.00,1027.44,1029.70,1024.90,5.02,14.09,0.00,20.80,2026-01-28T07:30:00-06:00,1.1,N,N,0.0000,0.0000,0.0,0,,,2.640,5.00
2026-01-29,2026,1,29,29,287,1435.0,99.7,48.68,54.86,2026-01-29T13:50:00-06:00,42.80,2026-01-29T06:30:00-06:00,40.89,46.73,33.63,74.63,86.00,51.00,1023.41,1025.50,1019.50,4.90,10.07,0.00,15.66,2026-01-29T11:05:00-06:00,40.2,NE,NE,0.0000,0.0000,0.0,0,,,2.640,5.00
2026-01-30,2026,1,30,30,287,1435.0,99.7,52.50,59.54,2026-01-30T15:25:00-06:00,44.24,2026-01-30T23:55:00-06:00,46.27,51.26,36.82,79.68,92.00,65.00,1019.09,1021.50,1015.60,5.22,16.55,0.00,27.29,2026-01-30T23:35:00-06:00,4.7,N,NNE,0.0000,0.0000,0.0,0,,,2.640,5.00
2026-01-31,2026,1,31,31,263,1315.0,91.3,33.48,43.88,2026-01-31T00:05:00-06:00,25.88,2026-01-31T23:50:00-06:00,21.47,36.47,13.86,61.79,79.00,44.00,1025.02,1028.90,1021.40,17.15,26.17,1.79,37.80,2026-01-31T11:25:00-06:00,354.5,N,N,0.0000,0.0000,0.0,0,,,2.630,5.00
2026-02-01,2026,2,1,32,154,770.0,53.5,32.30,44.60,2026-02-01T16:30:00-06:00,23.00,2026-02-01T06:40:00-06:00,20.17,28.93,14.34,61.45,72.00,42.00,1028.52,1029.60,1027.20,9.55,17.67,0.00,30.65,2026-02-01T01:00:00-06:00,354.3,N,N,0.0000,0.0000,0.0,0,,,2.620,5.00
2026-02-02,2026,2,2,33,287,1435.0,99.7,46.66,54.14,2026-02-02T23:50:00-06:00,37.76,2026-02-02T06:40:00-06:00,35.02,44.25,26.70,64.06,76.00,45.00,1027.86,1030.30,1026.40,5.63,9.84,0.00,15.66,2026-02-02T17:20:00-06:00,265.9,W,SW,0.0000,0.0000,0.0,0,,,2.630,5.00
2026-02-03,2026,2,3,34,287,1435.0,99.7,57.47,60.98,2026-02-03T15:20:00-06:00,53.96,2026-02-03T00:05:00-06:00,52.64,56.80,43.25,84.11,95.00,67.00,1021.61,1026.50,1014.80,4.62,8.50,0.00,14.54,2026-02-03T01:00:00-06:00,222.7,SW,SW,0.0000,0.0000,0.0,0,,,2.650,5.00
2026-02-04,2026,2,4,35,286,1430.0,99.3,54.60,60.08,2026-02-04T02:40:00-06:00,42.62,2026-02-04T23:35:00-06:00,50.65,57.57,36.56,86.87,98.00,63.00,1017.10,1023.20,1012.30,7.28,24.83,0.00,36.01,2026-02-04T08:00:00-06:00,357.4,N,N,1.3365,1.3365,370.0,0,,,2.620,5.00
2026-02-05,2026,2,5,36,287,1435.0,99.7,44.72,51.44,2026-02-05T16:15:00-06:00,35.42,2026-02-05T07:15:00-06:00,34.30,40.29,27.99,67.78,86.00,45.00,1022.87,1024.90,1021.20,9.43,22.15,0.00,34.00,2026-02-05T01:00:00-06:00,349.9,N,NNW,0.0000,0.0000,0.0,0,,,2.640,5.00
2026-02-06,2026,2,6,37,287,1435.0,99.7,55.56,61.52,2026-02-06T16:15:00-06:00,45.86,2026-02-06T01:25:00-06:00,48.58,54.92,38.04,77.40,88.00,69.00,1019.11,1022.20,1016.40,4.42,7.83,0.00,16.55,2026-02-06T11:45:00-06:00,254.5,WSW,WSW,0.0000,0.0000,0.0,0,,,2.650,5.00
2026-02-07,2026,2,7,38,287,1435.0,99.7,54.45,59.54,2026-02-07T17:50:00-06:00,51.08,2026-02-07T09:20:00-06:00,44.74,50.49,37.68,70.18,88.00,45.00,1022.90,1025.00,1017.10,8.80,18.79,0.00,26.84,2026-02-07T05:35:00-06:00,28.3,NNE,NE,0.0000,0.0000,0.0,0,,,2.650,5.00
2026-02-08,2026,2,8,39,286,1430.0,99.3,54.72,61.34,2026-02-08T13:25:00-06:00,47.12,2026-02-08T06:40:00-06:00,48.29,55.84,39.95,79.09,93.00,67.00,1023.55,1026.50,1017.30,4.79,13.87,0.00,17.45,2026-02-08T22:10:00-06:00,86.3,E,NE,0.0000,0.0000,0.0,0,,,2.640,5.00
2026-02-09,2026,2,9,40,287,1435.0,99.7,59.57,64.94,2026-02-09T12:30:00-06:00,53.06,2026-02-09T06:45:00-06:00,57.33,59.72,52.51,92.49,99.00,79.00,1017.42,1024.30,1014.70,3.39,8.50,0.00,10.29,2026-02-09T15:40:00-06:00,198.6,SSW,SSW,0.0000,0.0000,0.0,0,,,2.650,5.00
2026-02-10,2026,2,10,41,287,1435.0,99.7,61.24,68.54,2026-02-10T11:30:00-06:00,56.48,2026-02-10T06:55:00-06:00,60.06,62.27,56.48,96.04,100.00,75.00,1015.63,1023.80,1013.40,2.85,8.05,0.00,9.40,2026-02-10T21:20:00-06:00,170.1,S,SSE,0.0000,0.0000,0.0,0,,,2.650,5.00
2026-02-11,2026,2,11,42,287,1435.0,99.7,63.84,69.08,2026-02-11T10:00:00-06:00,60.44,2026-02-11T06:00:00-06:00,61.99,63.49,59.58,93.86,99.00,80.00,1015.82,1022.60,1013.00,3.20,6.93,0.00,10.74,2026-02-11T14:50:00-06:00,240.8,WSW,SW,0.0000,0.0000,0.0,0,,,2.640,5.00
2026-02-12,2026,2,12,43,287,1435.0,99.7,60.62,65.12,2026-02-12T13:50:00-06:00,57.38,2026-02-12T10:05:00-06:00,57.95,61.68,53.88,91.25,99.00,69.00,1016.35,1022.30,1013.00,5.83,14.76,0.00,23.04,2026-02-12T03:35:00-06:00,33.2,NNE,NNE,0.0000,0.0000,0.0,0,,,2.640,5.00
2026-02-13,2026,2,13,44,287,1435.0,99.7,60.25,64.76,2026-02-13T16:05:00-06:00,55.58,2026-02-13T04:00:00-06:00,55.69,58.20,49.49,85.57,99.00,65.00,1018.44,1023.00,1013.30,3.68,7.83,0.00,12.08,2026-02-13T07:30:00-06:00,58.1,ENE,S,0.0000,0.0000,0.0,0,,,2.640,5.00
2026-02-14,2026,2,14,45,287,1435.0,99.7,62.76,66.56,2026-02-14T22:30:00-06:00,57.92,2026-02-14T06:40:00-06:00,58.30,64.29,51.89,85.68,96.00,67.00,1015.95,1022.10,1007.00,6.57,14.32,0.00,23.26,2026-02-14T22:55:00-06:00,124.8,SE,SE,0.4400,0.4400,135.0,0,,,2.650,5.00
2026-02-15,2026,2,15,46,288,1440.0,100.0,64.44,68.00,2026-02-15T17:25:00-06:00,59.18,2026-02-15T23:45:00-06:00,59.57,64.85,54.02,84.53,96.00,69.00,1010.27,1015.30,1004.10,8.44,13.87,0.22,29.08,2026-02-15T07:30:00-06:00,260.5,W,WSW,0.3654,0.3654,205.0,2,4.97,4.97,2.620,5.00
2026-02-16,2026,2,16,47,287,1435.0,99.7,57.68,59.18,2026-02-16T00:05:00-06:00,55.58,2026-02-16T21:20:00-06:00,52.20,54.35,50.68,81.95,87.00,78.00,1018.95,1020.90,1015.10,6.41,19.24,0.00,26.40,2026-02-16T05:30:00-06:00,17.4,NNE,N,0.0000,0.0000,0.0,0,,,2.620,5.00
2026-02-17,2026,2,17,48,287,1435.0,99.7,60.84,65.48,2026-02-17T13:30:00-06:00,55.22,2026-02-17T01:00:00-06:00,57.51,61.86,51.91,88.90,95.00,78.00,1017.08,1021.10,1011.50,7.05,12.75,0.00,18.79,2026-02-17T08:15:00-06:00,121.7,ESE,SE,0.0000,0.0000,0.0,0,,,2.610,5.00
2026-02-18,2026,2,18,49,287,1435.0,99.7,65.87,68.36,2026-02-18T13:50:00-06:00,63.50,2026-02-18T00:05:00-06:00,64.12,66.22,61.74,94.13,97.00,89.00,1009.70,1013.50,1006.20,6.81,13.42,0.00,16.55,2026-02-18T02:15:00-06:00,187.8,S,SSW,0.0000,0.0000,0.0,0,,,2.650,5.00
2026-02-19,2026,2,19,50,287,1435.0,99.7,67.31,69.26,2026-02-19T16:40:00-06:00,65.12,2026-02-19T06:40:00-06:00,66.35,68.31,64.25,96.75,99.00,94.00,1005.69,1008.00,1004.30,6.16,12.97,0.00,17.22,2026-02-19T16:40:00-06:00,202.9,SSW,SSW,0.0000,0.0000,0.0,0,,,2.640,5.00
2026-02-20,2026,2,20,51,287,1435.0,99.7,68.83,70.88,2026-02-20T14:00:00-06:00,66.92,2026-02-20T07:20:00-06:00,67.88,69.38,66.10,96.77,98.00,93.00,1006.25,1010.20,1005.10,4.38,9.62,0.00,14.54,2026-02-20T18:20:00-06:00,214.6,SW,SSW,0.1649,0.1649,35.0,0,,,2.650,5.00
2026-02-21,2026,2,21,52,287,1435.0,99.7,69.31,72.32,2026-02-21T12:40:00-06:00,67.28,2026-02-21T04:50:00-06:00,67.88,69.54,61.74,95.30,100.00,77.00,1009.66,1019.20,1006.60,4.66,16.78,0.00,23.71,2026-02-21T23:35:00-06:00,250.0,WSW,SW,0.0298,0.0298,35.0,0,,,2.640,5.00
2026-02-22,2026,2,22,53,288,1440.0,100.0,55.14,69.26,2026-02-22T00:00:00-06:00,46.40,2026-02-22T23:45:00-06:00,35.89,61.57,23.05,50.02,77.00,25.00,1024.67,1027.80,1019.40,16.79,25.28,1.57,42.95,2026-02-22T09:35:00-06:00,358.5,N,N,0.0030,0.0030,30.0,0,,,2.630,5.00
2026-02-23,2026,2,23,54,287,1435.0,99.7,46.43,53.60,2026-02-23T16:05:00-06:00,39.02,2026-02-23T06:50:00-06:00,25.25,30.96,19.31,44.21,61.00,29.00,1027.31,1029.00,1025.30,12.97,22.15,1.12,34.45,2026-02-23T02:50:00-06:00,357.2,N,N,0.0000,0.0000,0.0,0,,,2.630,5.00
2026-02-24,2026,2,24,55,287,1435.0,99.7,48.46,58.64,2026-02-24T23:40:00-06:00,39.38,2026-02-24T06:15:00-06:00,37.27,51.10,24.77,65.28,76.00,50.00,1024.28,1027.30,1019.90,7.74,15.43,0.00,20.80,2026-02-24T02:05:00-06:00,249.5,WSW,SW,0.0000,0.0000,0.0,0,,,2.640,5.00
2026-02-25,2026,2,25,56,287,1435.0,99.7,63.60,67.28,2026-02-25T11:00:00-06:00,58.82,2026-02-25T00:05:00-06:00,56.94,60.80,50.00,79.04,88.00,68.00,1016.46,1019.80,1011.70,6.71,14.99,0.00,23.26,2026-02-25T02:40:00-06:00,222.2,SW,SW,0.0000,0.0000,0.0,0,,,2.650,5.00
2026-02-26,2026,2,26,57,287,1435.0,99.7,65.51,68.00,2026-02-26T13:15:00-06:00,63.14,2026-02-26T03:40:00-06:00,61.28,62.99,58.41,86.39,94.00,76.00,1011.54,1016.60,1006.90,5.09,9.40,0.00,13.65,2026-02-26T08:30:00-06:00,219.4,SW,SW,0.0000,0.0000,0.0,0,,,2.650,5.00
2026-02-27,2026,2,27,58,287,1435.0,99.7,63.67,65.84,2026-02-27T11:30:00-06:00,60.98,2026-02-27T23:50:00-06:00,61.57,64.37,57.58,92.88,95.00,88.00,1008.85,1013.70,1006.00,3.84,7.83,0.00,12.08,2026-02-27T15:20:00-06:00,155.8,SSE,SE,0.0628,0.0628,105.0,59,10.46,2.49,2.640,5.00
2026-02-28,2026,2,28,59,286,1430.0,99.3,60.82,65.12,2026-02-28T12:45:00-06:00,56.30,2026-02-28T08:55:00-06:00,57.52,59.65,55.46,89.12,97.00,77.00,1014.19,1019.50,1010.00,5.26,10.07,0.00,14.09,2026-02-28T05:45:00-06:00,62.7,ENE,NNE,0.0000,0.0000,0.0,0,,,2.650,5.00
2026-03-01,2026,3,1,60,275,1375.0,95.5,62.38,65.48,2026-03-01T15:55:00-06:00,59.00,2026-03-01T05:45:00-06:00,57.97,59.44,55.18,85.77,94.00,72.00,1018.27,1023.00,1012.00,4.85,8.72,0.00,12.53,2026-03-01T09:15:00-06:00,113.4,ESE,NE,0.0000,0.0000,0.0,0,,,2.650,5.00
2026-03-02,2026,3,2,61,287,1435.0,99.7,64.30,69.62,2026-03-02T12:00:00-06:00,60.26,2026-03-02T06:25:00-06:00,61.18,64.37,57.21,89.75,95.00,77.00,1016.87,1022.90,1013.40,6.06,9.17,0.00,14.32,2026-03-02T10:10:00-06:00,96.7,E,NE,0.0000,0.0000,0.0,0,,,2.640,5.00
2026-03-03,2026,3,3,62,284,1420.0,98.6,66.68,69.26,2026-03-03T13:25:00-06:00,63.86,2026-03-03T05:50:00-06:00,63.82,64.89,61.05,90.63,96.00,84.00,1017.21,1021.60,1012.80,7.07,11.63,0.22,17.90,2026-03-03T11:45:00-06:00,125.3,SE,ESE,0.0000,0.0000,0.0,0,,,2.650,5.00
2026-03-04,2026,3,4,63,287,1435.0,99.7,66.76,69.26,2026-03-04T14:20:00-06:00,62.96,2026-03-04T06:25:00-06:00,64.06,65.38,61.50,91.15,96.00,82.00,1016.86,1023.50,1013.90,5.98,11.18,0.00,16.33,2026-03-04T11:30:00-06:00,120.8,ESE,SE,0.0000,0.0000,0.0,0,,,2.650,5.00
2026-03-05,2026,3,5,64,283,1415.0,98.3,67.15,71.42,2026-03-05T15:35:00-06:00,64.22,2026-03-05T07:45:00-06:00,64.74,66.99,61.76,92.05,96.00,85.00,1014.63,1019.30,1012.30,6.13,9.40,0.00,14.76,2026-03-05T07:35:00-06:00,125.4,SE,SE,0.0000,0.0000,0.0,0,,,2.630,5.00
2026-03-06,2026,3,6,65,287,1435.0,99.7,68.68,70.52,2026-03-06T11:35:00-06:00,66.74,2026-03-06T03:10:00-06:00,67.01,68.07,65.56,94.46,97.00,89.00,1014.28,1018.20,1012.00,8.31,13.65,0.89,21.47,2026-03-06T04:15:00-06:00,137.6,SE,SE,0.0012,0.0012,10.0,0,,,2.650,5.00
2026-03-07,2026,3,7,66,287,1435.0,99.7,69.81,72.32,2026-03-07T13:15:00-06:00,68.00,2026-03-07T07:10:00-06:00,68.03,68.79,67.12,94.13,98.00,88.00,1014.23,1019.20,1011.70,6.38,10.07,0.22,13.42,2026-03-07T00:30:00-06:00,146.6,SSE,SSE,0.0000,0.0000,0.0,48,11.50,3.73,2.650,5.00
2026-03-08,2026,3,8,67,275,1375.0,99.6,68.24,71.24,2026-03-08T16:35:00-05:00,66.02,2026-03-08T04:30:00-05:00,65.66,68.79,63.49,91.57,96.00,80.00,1015.00,1019.50,1011.20,4.17,16.33,0.00,25.28,2026-03-08T04:05:00-05:00,140.2,SE,S,1.2194,1.2194,350.0,741,8.81,2.49,2.640,5.00
2026-03-09,2026,3,9,68,287,1435.0,99.7,70.55,72.50,2026-03-09T14:00:00-05:00,68.18,2026-03-09T02:05:00-05:00,68.37,70.52,65.95,92.91,97.00,85.00,1016.04,1021.60,1012.90,5.52,10.96,0.00,12.75,2026-03-09T20:20:00-05:00,176.3,S,S,0.0000,0.0000,0.0,0,,,2.650,5.00
2026-03-10,2026,3,10,69,287,1435.0,99.7,71.66,73.04,2026-03-10T14:10:00-05:00,70.70,2026-03-10T07:05:00-05:00,70.68,71.34,70.04,96.77,99.00,94.00,1014.70,1017.80,1013.20,8.05,12.08,2.46,16.11,2026-03-10T23:50:00-05:00,179.5,S,S,0.0000,0.0000,0.0,0,,,2.650,5.00
2026-03-11,2026,3,11,70,287,1435.0,99.7,72.44,74.30,2026-03-11T13:20:00-05:00,70.88,2026-03-11T07:15:00-05:00,71.06,72.19,70.14,95.49,98.00,90.00,1013.24,1018.90,1009.30,9.69,18.12,2.46,24.16,2026-03-11T23:35:00-05:00,176.8,S,S,0.0000,0.0000,0.0,0,,,2.650,5.00
2026-03-12,2026,3,12,71,287,1435.0,99.7,60.86,73.40,2026-03-12T00:05:00-05:00,53.60,2026-03-12T11:20:00-05:00,51.78,72.50,38.46,73.82,97.00,46.00,1018.94,1022.60,1009.00,14.15,26.40,0.67,40.49,2026-03-12T08:00:00-05:00,9.5,N,N,0.6375,0.6375,280.0,0,,,2.620,5.00
2026-03-13,2026,3,13,72,286,1430.0,99.3,59.84,63.68,2026-03-13T18:00:00-05:00,55.58,2026-03-13T06:50:00-05:00,48.28,54.52,37.03,66.06,78.00,45.00,1021.28,1022.70,1020.10,4.41,11.18,0.00,17.00,2026-03-13T00:05:00-05:00,107.3,ESE,ENE,0.0000,0.0000,0.0,0,,,2.650,5.00
2026-03-14,2026,3,14,73,287,1435.0,99.7,65.82,69.98,2026-03-14T08:50:00-05:00,61.16,2026-03-14T00:55:00-05:00,58.61,64.81,53.89,77.66,90.00,67.00,1019.36,1021.30,1015.10,5.53,9.84,0.00,14.32,2026-03-14T09:55:00-05:00,143.4,SE,SSE,0.0000,0.0000,0.0,0,,,2.650,5.00
2026-03-15,2026,3,15,74,287,1435.0,99.7,70.05,71.96,2026-03-15T17:25:00-05:00,68.18,2026-03-15T00:05:00-05:00,67.70,70.34,64.81,92.29,97.00,89.00,1010.15,1015.10,1005.30,12.29,21.25,1.79,26.17,2026-03-15T17:25:00-05:00,183.6,S,S,0.0074,0.0074,15.0,18,16.54,4.35,2.650,5.00
2026-03-16,2026,3,16,75,286,1430.0,99.3,55.81,71.78,2026-03-16T03:10:00-05:00,44.60,2026-03-16T23:35:00-05:00,46.99,70.58,29.59,73.62,97.00,44.00,1014.44,1023.70,1003.50,13.83,25.05,0.67,47.42,2026-03-16T07:00:00-05:00,347.3,NNW,N,0.4364,0.4364,365.0,2381,8.63,0.62,2.640,5.00
2026-03-17,2026,3,17,76,286,1430.0,99.3,47.03,53.78,2026-03-17T16:00:00-05:00,39.02,2026-03-17T07:10:00-05:00,27.56,32.23,22.70,47.95,66.00,30.00,1024.76,1026.80,1023.10,9.44,18.34,0.00,28.19,2026-03-17T07:30:00-05:00,4.8,N,N,0.0000,0.0000,0.0,0,,,2.640,5.00
2026-03-18,2026,3,18,77,287,1435.0,99.7,52.59,56.66,2026-03-18T21:35:00-05:00,48.20,2026-03-18T02:55:00-05:00,32.48,40.46,26.61,46.45,66.00,35.00,1025.16,1026.90,1024.00,4.70,9.84,0.00,15.66,2026-03-18T10:05:00-05:00,54.6,NE,NE,0.0000,0.0000,0.0,0,,,2.650,5.00
2026-03-19,2026,3,19,78,286,1430.0,99.3,59.14,63.68,2026-03-19T15:30:00-05:00,53.96,2026-03-19T01:50:00-05:00,47.68,55.10,40.36,66.29,78.00,49.00,1024.35,1026.20,1022.80,4.14,8.72,0.00,11.63,2026-03-19T13:55:00-05:00,253.0,WSW,N,0.0000,0.0000,0.0,0,,,2.650,5.00
2026-03-20,2026,3,20,79,286,1430.0,99.3,64.42,69.62,2026-03-20T11:35:00-05:00,58.82,2026-03-20T05:20:00-05:00,57.18,60.48,51.63,77.52,92.00,69.00,1022.55,1024.70,1020.70,4.05,8.50,0.00,13.20,2026-03-20T23:55:00-05:00,237.0,WSW,SW,0.0000,0.0000,0.0,0,,,2.650,5.00
2026-03-21,2026,3,21,80,287,1435.0,99.7,67.28,71.24,2026-03-21T11:25:00-05:00,64.04,2026-03-21T06:40:00-05:00,60.99,64.28,57.70,80.42,89.00,71.00,1019.83,1022.00,1016.80,5.42,8.95,0.00,14.32,2026-03-21T23:45:00-05:00,236.0,SW,WSW,0.0000,0.0000,0.0,0,,,2.650,5.00
2026-03-22,2026,3,22,81,287,1435.0,99.7,68.48,71.06,2026-03-22T15:00:00-05:00,65.66,2026-03-22T06:05:00-05:00,64.43,66.20,63.27,87.02,92.00,80.00,1017.22,1019.80,1014.60,6.20,9.62,0.00,16.33,2026-03-22T00:15:00-05:00,235.6,SW,WSW,0.0000,0.0000,0.0,0,,,2.650,5.00
2026-03-23,2026,3,23,82,287,1435.0,99.7,69.75,73.58,2026-03-23T11:10:00-05:00,66.20,2026-03-23T06:05:00-05:00,64.29,66.38,62.27,83.00,90.00,69.00,1018.55,1021.60,1016.20,4.90,10.07,0.00,17.00,2026-03-23T15:05:00-05:00,244.8,WSW,WSW,0.0000,0.0000,0.0,0,,,2.640,5.00
2026-03-24,2026,3,24,83,287,1435.0,99.7,66.83,70.70,2026-03-24T13:30:00-05:00,62.78,2026-03-24T09:00:00-05:00,57.82,66.88,50.34,73.07,91.00,61.00,1020.57,1022.40,1016.20,7.94,18.34,0.00,25.28,2026-03-24T06:30:00-05:00,52.1,NE,NE,0.0000,0.0000,0.0,0,,,2.650,5.00
2026-03-25,2026,3,25,84,287,1435.0,99.7,67.38,68.90,2026-03-25T12:40:00-05:00,65.48,2026-03-25T03:00:00-05:00,63.87,65.36,62.51,88.57,94.00,83.00,1019.53,1022.60,1016.50,6.88,11.63,0.00,16.78,2026-03-25T06:30:00-05:00,140.2,SE,SE,0.0000,0.0000,0.0,0,,,2.650,5.00
2026-03-26,2026,3,26,85,285,1425.0,99.0,69.66,72.86,2026-03-26T12:30:00-05:00,67.46,2026-03-26T00:05:00-05:00,64.89,67.09,62.70,84.99,90.00,72.00,1019.86,1023.10,1017.60,6.98,14.54,0.00,18.57,2026-03-26T17:35:00-05:00,188.0,S,S,0.0000,0.0000,0.0,0,,,2.650,5.00
2026-03-27,2026,3,27,86,287,1435.0,99.7,71.89,74.84,2026-03-27T15:20:00-05:00,68.36,2026-03-27T06:55:00-05:00,68.15,70.04,66.43,88.15,95.00,78.00,1018.61,1021.80,1015.40,4.38,8.05,0.00,13.42,2026-03-27T18:20:00-05:00,228.0,SW,SW,0.0000,0.0000,0.0,0,,,2.640,5.00
2026-03-28,2026,3,28,87,286,1430.0,99.3,67.70,73.04,2026-03-28T17:25:00-05:00,60.98,2026-03-28T09:20:00-05:00,54.37,70.04,47.35,63.83,92.00,41.00,1024.00,1026.50,1018.60,15.09,27.74,0.00,38.25,2026-03-28T09:20:00-05:00,14.7,NNE,NNE,0.0000,0.0000,0.0,0,,,2.650,5.00
2026-03-29,2026,3,29,88,287,1435.0,99.7,66.26,68.54,2026-03-29T01:55:00-05:00,64.94,2026-03-29T13:55:00-05:00,59.00,63.85,52.21,77.52,85.00,63.00,1025.61,1027.50,1023.80,9.40,17.90,0.22,27.96,2026-03-29T03:10:00-05:00,114.1,ESE,E,0.0000,0.0000,0.0,0,,,2.640,5.00
2026-03-30,2026,3,30,89,286,1430.0,99.3,68.84,71.78,2026-03-30T12:20:00-05:00,63.86,2026-03-30T03:45:00-05:00,64.97,67.52,57.72,87.57,93.00,76.00,1022.21,1025.10,1019.00,7.35,10.96,0.00,16.33,2026-03-30T14:45:00-05:00,128.4,SE,SE,0.0000,0.0000,0.0,0,,,2.640,5.00
2026-03-31,2026,3,31,90,285,1425.0,99.0,70.92,73.76,2026-03-31T13:50:00-05:00,69.08,2026-03-31T02:20:00-05:00,68.63,70.09,67.15,92.52,96.00,83.00,1019.05,1022.90,1016.90,7.12,10.74,0.67,15.66,2026-03-31T16:05:00-05:00,139.7,SE,SE,0.0000,0.0000,0.0,0,,,2.650,5.00
2026-04-01,2026,4,1,91,286,1430.0,99.3,71.53,73.58,2026-04-01T15:10:00-05:00,70.52,2026-04-01T00:25:00-05:00,69.67,70.29,68.89,93.92,97.00,87.00,1017.67,1021.20,1015.40,7.30,12.75,1.12,18.57,2026-04-01T13:45:00-05:00,149.9,SSE,SSE,0.0000,0.0000,0.0,39,15.09,3.11,2.650,5.00
2026-04-02,2026,4,2,92,287,1435.0,99.7,72.02,73.94,2026-04-02T11:50:00-05:00,70.16,2026-04-02T04:05:00-05:00,69.22,70.32,67.94,90.97,95.00,85.00,1018.09,1021.40,1014.90,7.94,12.30,0.89,17.45,2026-04-02T22:30:00-05:00,148.7,SSE,SSE,0.0000,0.0000,0.0,0,,,2.650,5.00
2026-04-03,2026,4,3,93,287,1435.0,99.7,72.32,73.94,2026-04-03T15:40:00-05:00,70.16,2026-04-03T06:50:00-05:00,69.60,71.65,66.32,91.29,96.00,79.00,1019.15,1023.20,1016.50,7.25,10.07,0.67,15.88,2026-04-03T13:05:00-05:00,135.0,SE,SE,0.0000,0.0000,0.0,0,,,2.650,5.00
2026-04-04,2026,4,4,94,287,1435.0,99.7,73.19,75.02,2026-04-04T13:35:00-05:00,70.88,2026-04-04T04:00:00-05:00,70.95,72.10,69.24,92.76,97.00,87.00,1018.23,1021.30,1016.40,8.66,12.75,0.89,16.78,2026-04-04T04:25:00-05:00,152.7,SSE,SE,0.0000,0.0000,0.0,1,3.73,3.73,2.650,5.00
2026-04-05,2026,4,5,95,287,1435.0,99.7,69.22,73.58,2026-04-05T00:05:00-05:00,64.04,2026-04-05T23:55:00-05:00,66.12,71.88,53.27,90.10,96.00,68.00,1018.01,1021.60,1015.40,9.17,23.04,0.00,30.87,2026-04-05T22:25:00-05:00,14.8,NNE,N,2.0454,2.0454,335.0,747,7.11,1.24,2.640,5.00
2026-04-06,2026,4,6,96,287,1435.0,99.7,61.76,64.40,2026-04-06T01:30:00-05:00,59.36,2026-04-06T10:15:00-05:00,51.53,55.93,48.00,69.16,74.00,64.00,1021.34,1022.80,1020.30,15.81,23.26,1.57,32.88,2026-04-06T04:35:00-05:00,31.7,NNE,NE,0.0170,0.0170,180.0,0,,,2.590,5.00
2026-04-07,2026,4,7,97,287,1435.0,99.7,65.45,74.12,2026-04-07T14:35:00-05:00,59.54,2026-04-07T03:15:00-05:00,52.01,61.75,38.93,63.46,84.00,28.00,1020.45,1021.50,1019.20,8.11,14.32,0.00,22.37,2026-04-07T05:50:00-05:00,60.4,ENE,NE,0.0000,0.0000,0.0,0,,,2.630,5.00
2026-04-08,2026,4,8,98,287,1435.0,99.7,68.67,73.76,2026-04-08T13:35:00-05:00,63.50,2026-04-08T08:10:00-05:00,57.44,62.21,49.90,67.62,80.00,53.00,1022.07,1023.80,1020.50,7.20,12.08,0.00,20.80,2026-04-08T23:50:00-05:00,97.6,E,ENE,0.0000,0.0000,0.0,0,,,2.650,5.00
2026-04-09,2026,4,9,99,287,1435.0,99.7,67.87,71.06,2026-04-09T12:45:00-05:00,63.86,2026-04-09T08:30:00-05:00,57.61,60.90,52.28,69.74,80.00,63.00,1024.09,1025.50,1023.00,8.08,12.53,0.22,19.46,2026-04-09T00:25:00-05:00,115.6,ESE,ESE,0.0000,0.0000,0.0,0,,,2.650,5.00
2026-04-10,2026,4,10,100,287,1435.0,99.7,68.11,71.42,2026-04-10T11:30:00-05:00,65.30,2026-04-10T05:50:00-05:00,61.67,63.36,59.69,80.09,87.00,68.00,1024.31,1026.60,1022.20,6.06,12.75,0.00,16.55,2026-04-10T10:40:00-05:00,122.6,ESE,ENE,0.0000,0.0000,0.0,0,,,2.650,5.00
2026-04-11,2026,4,11,101,287,1435.0,99.7,69.46,74.48,2026-04-11T11:50:00-05:00,64.94,2026-04-11T06:20:00-05:00,63.24,66.29,58.52,80.95,92.00,62.00,1023.95,1026.30,1021.80,6.91,10.51,0.00,15.43,2026-04-11T08:40:00-05:00,127.0,SE,NE,0.0000,0.0000,0.0,0,,,2.650,5.00
2026-04-12,2026,4,12,102,287,1435.0,99.7,70.88,73.76,2026-04-12T14:20:00-05:00,67.10,2026-04-12T05:35:00-05:00,65.52,67.37,61.53,83.34,93.00,71.00,1023.49,1025.40,1021.30,6.31,12.97,0.00,18.34,2026-04-12T23:30:00-05:00,144.9,SE,SE,0.0000,0.0000,0.0,0,,,2.650,5.00
2026-04-13,2026,4,13,103,287,1435.0,99.7,72.27,74.66,2026-04-13T14:20:00-05:00,71.06,2026-04-13T05:25:00-05:00,65.38,67.54,62.31,79.04,87.00,70.00,1023.88,1025.70,1022.10,8.41,13.65,1.34,16.78,2026-04-13T03:00:00-05:00,171.9,S,S,0.0000,0.0000,0.0,0,,,2.660,5.00
2026-04-14,2026,4,14,104,287,1435.0,99.7,72.01,74.30,2026-04-14T16:05:00-05:00,70.16,2026-04-14T05:55:00-05:00,63.70,68.36,59.21,75.38,89.00,67.00,1022.24,1024.20,1019.70,8.01,13.65,0.89,17.22,2026-04-14T06:00:00-05:00,171.7,S,SSE,0.0000,0.0000,0.0,0,,,2.660,5.00
2026-04-15,2026,4,15,105,287,1435.0,99.7,72.85,74.84,2026-04-15T13:35:00-05:00,71.24,2026-04-15T02:55:00-05:00,66.19,68.18,62.88,79.83,89.00,68.00,1020.38,1022.30,1018.20,8.03,12.53,1.79,16.55,2026-04-15T15:45:00-05:00,178.1,S,S,0.0000,0.0000,0.0,0,,,2.650,5.00
2026-04-16,2026,4,16,106,287,1435.0,99.7,73.76,75.56,2026-04-16T14:40:00-05:00,71.42,2026-04-16T06:20:00-05:00,67.74,69.33,65.13,81.67,91.00,73.00,1019.69,1021.90,1017.70,5.03,9.40,0.00,14.32,2026-04-16T15:15:00-05:00,199.2,SSW,S,0.0000,0.0000,0.0,0,,,2.650,5.00
2026-04-17,2026,4,17,107,287,1435.0,99.7,73.60,75.02,2026-04-17T14:45:00-05:00,70.70,2026-04-17T05:15:00-05:00,64.98,68.27,62.54,74.54,84.00,67.00,1019.19,1021.20,1017.50,4.59,8.50,0.00,14.09,2026-04-17T22:05:00-05:00,205.6,SSW,SSW,0.0000,0.0000,0.0,0,,,2.660,5.00
2026-04-18,2026,4,18,108,287,1435.0,99.7,75.28,78.62,2026-04-18T12:40:00-05:00,72.86,2026-04-18T03:15:00-05:00,66.28,70.21,63.06,73.92,84.00,60.00,1017.76,1019.70,1015.60,6.07,7.83,0.22,12.97,2026-04-18T02:25:00-05:00,226.7,SW,SW,0.0000,0.0000,0.0,0,,,2.660,5.00
2026-04-19,2026,4,19,109,287,1435.0,99.7,64.17,75.92,2026-04-19T01:30:00-05:00,55.58,2026-04-19T09:45:00-05:00,53.61,71.59,41.00,70.06,91.00,41.00,1020.98,1024.00,1017.20,12.66,27.74,0.00,38.92,2026-04-19T06:30:00-05:00,346.1,NNW,N,0.5323,0.5323,615.0,0,,,2.630,5.00
2026-04-20,2026,4,20,110,287,1435.0,99.7,65.17,70.34,2026-04-20T13:40:00-05:00,60.62,2026-04-20T08:30:00-05:00,46.07,55.70,33.98,50.71,72.00,27.00,1023.13,1024.80,1021.70,7.41,15.88,0.00,25.95,2026-04-20T02:00:00-05:00,68.8,ENE,NE,0.0000,0.0000,0.0,0,,,2.650,5.00
2026-04-21,2026,4,21,111,287,1435.0,99.7,69.17,74.30,2026-04-21T14:00:00-05:00,63.50,2026-04-21T04:45:00-05:00,56.39,60.78,51.53,64.25,80.00,50.00,1023.46,1025.40,1021.30,5.20,8.95,0.00,13.20,2026-04-21T13:50:00-05:00,108.5,ESE,SSE,0.0000,0.0000,0.0,0,,,2.660,5.00
2026-04-22,2026,4,22,112,287,1435.0,99.7,70.93,74.66,2026-04-22T12:25:00-05:00,68.00,2026-04-22T07:10:00-05:00,62.54,67.22,56.98,74.92,85.00,64.00,1019.89,1022.10,1017.70,6.31,10.07,0.00,14.09,2026-04-22T17:05:00-05:00,130.8,SE,ENE,0.0766,0.0766,40.0,2,5.59,5.59,2.650,5.00
2026-04-23,2026,4,23,113,285,1425.0,99.0,71.76,73.58,2026-04-23T14:05:00-05:00,69.98,2026-04-23T03:45:00-05:00,63.98,69.51,60.65,76.76,92.00,66.00,1015.68,1018.00,1011.90,7.10,12.53,0.22,15.21,2026-04-23T02:50:00-05:00,150.2,SSE,SE,0.0000,0.0000,0.0,0,,,2.650,5.00
2026-04-24,2026,4,24,114,287,1435.0,99.7,72.92,74.66,2026-04-24T12:15:00-05:00,71.60,2026-04-24T03:30:00-05:00,69.09,71.34,67.73,87.92,95.00,80.00,1010.63,1013.40,1007.90,8.82,12.75,1.79,16.55,2026-04-24T18:50:00-05:00,172.0,S,S,0.0000,0.0000,0.0,0,,,2.660,5.00
2026-04-25,2026,4,25,115,287,1435.0,99.7,71.99,75.38,2026-04-25T14:50:00-05:00,64.04,2026-04-25T08:20:00-05:00,69.01,71.60,63.68,90.62,99.00,74.00,1008.47,1011.00,1005.50,5.59,13.65,0.00,22.82,2026-04-25T07:55:00-05:00,215.0,SW,WSW,0.9917,0.9917,165.0,609,12.33,3.11,2.640,5.00
2026-04-26,2026,4,26,116,287,1435.0,99.7,72.80,75.92,2026-04-26T09:25:00-05:00,69.26,2026-04-26T11:55:00-05:00,69.40,71.93,65.45,89.25,97.00,78.00,1011.12,1014.10,1007.70,3.63,18.34,0.00,28.19,2026-04-26T11:25:00-05:00,204.7,SSW,WSW,0.0461,0.0461,50.0,176,14.82,0.00,2.650,5.00
2026-04-27,2026,4,27,117,287,1435.0,99.7,74.41,77.18,2026-04-27T14:35:00-05:00,72.50,2026-04-27T05:10:00-05:00,69.64,72.18,66.76,85.31,94.00,72.00,1014.99,1016.70,1012.60,7.84,19.24,0.45,25.28,2026-04-27T21:25:00-05:00,166.5,SSE,SSE,0.0000,0.0000,0.0,0,,,2.660,5.00
2026-04-28,2026,4,28,118,287,1435.0,99.7,74.80,76.46,2026-04-28T12:40:00-05:00,73.22,2026-04-28T06:10:00-05:00,72.52,74.03,71.42,92.67,96.00,86.00,1015.63,1018.60,1013.10,9.84,18.34,1.34,25.28,2026-04-28T22:40:00-05:00,173.2,S,S,0.0000,0.0000,0.0,0,,,2.650,5.00
2026-04-29,2026,4,29,119,287,1435.0,99.7,75.15,77.72,2026-04-29T20:30:00-05:00,70.52,2026-04-29T21:35:00-05:00,72.79,74.74,66.82,92.49,98.00,79.00,1013.10,1015.40,1010.20,7.44,21.47,0.00,31.32,2026-04-29T21:15:00-05:00,189.4,S,S,0.0342,0.0342,65.0,22,2.91,2.49,2.650,5.00
2026-04-30,2026,4,30,120,288,1440.0,100.0,74.13,76.64,2026-04-30T04:20:00-05:00,70.52,2026-04-30T08:20:00-05:00,69.29,73.64,66.46,84.95,92.00,75.00,1011.66,1013.50,1008.70,6.21,14.32,0.00,21.47,2026-04-30T08:10:00-05:00,29.5,NNE,NE,0.0345,0.0345,95.0,0,,,2.650,5.00
2026-05-01,2026,5,1,121,287,1435.0,99.7,67.23,73.94,2026-05-01T00:40:00-05:00,58.82,2026-05-01T22:10:00-05:00,63.96,70.16,57.28,89.37,99.00,83.00,1011.21,1012.90,1008.30,11.35,19.68,0.00,31.54,2026-05-01T17:25:00-05:00,41.9,NE,NE,1.3323,1.3323,440.0,63,11.72,1.86,2.620,5.00
2026-05-02,2026,5,2,122,288,1440.0,100.0,64.07,71.78,2026-05-02T16:05:00-05:00,56.12,2026-05-02T04:40:00-05:00,54.38,60.58,46.74,73.05,97.00,42.00,1013.47,1017.60,1009.30,14.54,23.04,0.89,35.79,2026-05-02T04:40:00-05:00,23.8,NNE,NNE,0.6457,0.6457,475.0,1120,13.17,1.24,2.590,5.00
2026-05-03,2026,5,3,123,287,1435.0,99.7,67.42,73.94,2026-05-03T16:00:00-05:00,60.62,2026-05-03T06:05:00-05:00,51.21,56.34,41.87,57.75,80.00,34.00,1018.66,1020.90,1016.90,6.37,11.63,0.00,16.78,2026-05-03T08:30:00-05:00,15.2,NNE,NNE,0.0000,0.0000,0.0,0,,,2.660,5.00
2026-05-04,2026,5,4,124,287,1435.0,99.7,69.55,73.94,2026-05-04T10:55:00-05:00,64.22,2026-05-04T06:20:00-05:00,57.34,62.12,52.19,65.75,83.00,50.00,1016.36,1018.20,1014.20,3.30,7.61,0.00,11.63,2026-05-04T23:55:00-05:00,209.2,SSW,SSW,0.0000,0.0000,0.0,0,,,2.660,5.00
2026-05-05,2026,5,5,125,287,1435.0,99.7,72.43,74.12,2026-05-05T13:45:00-05:00,69.98,2026-05-05T00:25:00-05:00,64.84,69.63,58.27,77.22,88.00,66.00,1013.79,1014.90,1012.90,8.71,12.30,1.12,15.43,2026-05-05T11:05:00-05:00,186.6,S,S,0.0000,0.0000,0.0,0,,,2.650,5.00
2026-05-06,2026,5,6,126,287,1435.0,99.7,74.60,75.56,2026-05-06T14:40:00-05:00,73.40,2026-05-06T01:45:00-05:00,72.57,74.77,69.13,93.43,98.00,86.00,1011.92,1013.70,1010.20,11.16,19.01,1.79,24.38,2026-05-06T21:25:00-05:00,190.3,S,S,0.0000,0.0000,0.0,1,4.35,4.35,2.660,5.00
2026-05-07,2026,5,7,127,286,1430.0,99.3,74.56,76.82,2026-05-07T09:15:00-05:00,70.52,2026-05-07T23:50:00-05:00,72.51,75.19,66.79,93.44,98.00,85.00,1012.04,1014.30,1009.40,8.38,16.33,0.00,21.70,2026-05-07T03:00:00-05:00,284.9,WNW,NNE,0.1475,0.1475,90.0,6457,14.48,3.11,2.650,5.00
2026-05-08,2026,5,8,128,287,1435.0,99.7,69.69,73.58,2026-05-08T23:20:00-05:00,66.56,2026-05-08T08:10:00-05:00,66.00,69.81,63.67,88.13,93.00,83.00,1013.53,1015.20,1010.80,8.82,21.25,0.00,27.29,2026-05-08T22:40:00-05:00,64.3,ENE,NE,0.2195,0.2195,235.0,19,5.27,0.00,2.640,5.00
2026-05-09,2026,5,9,129,287,1435.0,99.7,70.93,75.02,2026-05-09T07:55:00-05:00,66.20,2026-05-09T11:45:00-05:00,67.91,72.86,64.03,90.23,96.00,82.00,1011.97,1014.50,1008.80,5.87,23.94,0.00,32.66,2026-05-09T10:05:00-05:00,178.1,S,SSW,1.1090,1.1090,815.0,186,10.47,0.62,2.610,5.00
2026-05-10,2026,5,10,130,287,1435.0,99.7,72.02,75.38,2026-05-10T12:45:00-05:00,69.08,2026-05-10T01:15:00-05:00,69.40,72.46,66.73,91.53,95.00,81.00,1014.55,1016.40,1011.90,6.01,9.84,0.00,14.99,2026-05-10T10:10:00-05:00,111.0,ESE,S,0.0000,0.0000,0.0,0,,,2.600,5.00
2026-05-11,2026,5,11,131,287,1435.0,99.7,73.91,77.36,2026-05-11T11:30:00-05:00,70.52,2026-05-11T08:45:00-05:00,71.10,73.67,67.64,91.17,99.00,73.00,1014.36,1016.40,1012.30,4.11,10.07,0.00,15.43,2026-05-11T09:10:00-05:00,150.9,SSE,S,0.0938,0.0938,100.0,4,14.91,14.91,2.660,5.00
2026-05-12,2026,5,12,132,288,1440.0,100.0,72.47,77.72,2026-05-12T17:50:00-05:00,68.72,2026-05-12T03:30:00-05:00,68.28,71.79,65.28,87.01,100.00,74.00,1013.10,1015.30,1009.80,10.03,20.80,0.22,28.19,2026-05-12T01:30:00-05:00,35.6,NE,NNE,1.1712,1.1712,315.0,0,,,2.620,5.00
2026-05-13,2026,5,13,133,287,1435.0,99.7,73.33,80.42,2026-05-13T16:25:00-05:00,66.38,2026-05-13T05:25:00-05:00,66.71,72.43,62.96,80.26,91.00,56.00,1013.62,1015.50,1011.60,7.27,13.42,0.00,21.47,2026-05-13T06:10:00-05:00,23.1,NNE,NE,0.0000,0.0000,0.0,0,,,2.650,5.00
2026-05-14,2026,5,14,134,287,1435.0,99.7,76.72,81.86,2026-05-14T14:25:00-05:00,72.14,2026-05-14T05:30:00-05:00,63.52,69.81,54.33,65.09,85.00,39.00,1013.54,1015.40,1011.80,6.52,12.97,0.00,19.91,2026-05-14T09:15:00-05:00,20.8,NNE,N,0.0000,0.0000,0.0,0,,,2.660,5.00
2026-05-15,2026,5,15,135,287,1435.0,99.7,74.17,76.28,2026-05-15T12:55:00-05:00,69.98,2026-05-15T06:00:00-05:00,63.47,69.50,55.08,69.66,83.00,52.00,1016.24,1017.60,1014.50,6.46,10.74,0.00,14.09,2026-05-15T17:00:00-05:00,157.5,SSE,S,0.0000,0.0000,0.0,0,,,2.660,5.00
2026-05-16,2026,5,16,136,287,1435.0,99.7,75.32,77.54,2026-05-16T15:05:00-05:00,73.58,2026-05-16T03:05:00-05:00,67.31,70.03,63.23,76.40,85.00,66.00,1016.66,1018.60,1015.20,6.77,11.41,0.22,13.87,2026-05-16T22:10:00-05:00,175.0,S,S,0.0000,0.0000,0.0,0,,,2.660,5.00
2026-05-17,2026,5,17,137,287,1435.0,99.7,76.07,77.72,2026-05-17T12:15:00-05:00,74.48,2026-05-17T00:40:00-05:00,70.32,73.13,66.17,82.49,92.00,74.00,1016.15,1017.80,1014.70,8.31,11.41,0.22,16.78,2026-05-17T12:50:00-05:00,165.1,SSE,SSE,0.0000,0.0000,0.0,0,,,2.660,5.00
2026-05-18,2026,5,18,138,254,1270.0,88.2,77.25,79.52,2026-05-18T15:00:00-05:00,75.20,2026-05-18T01:20:00-05:00,74.86,76.25,71.24,92.39,96.00,87.00,1016.13,1017.90,1014.60,8.38,11.18,0.67,16.11,2026-05-18T23:25:00-05:00,144.2,SE,SE,0.0000,0.0000,0.0,0,,,2.660,5.00
2026-05-19,2026,5,19,139,287,1435.0,99.7,77.65,79.34,2026-05-19T13:45:00-05:00,75.74,2026-05-19T06:35:00-05:00,74.61,75.92,72.67,90.48,96.00,81.00,1017.09,1019.40,1015.60,6.94,11.63,0.22,14.76,2026-05-19T00:20:00-05:00,147.5,SSE,SSE,0.0000,0.0000,0.0,0,,,2.650,5.00
2026-05-20,2026,5,20,140,287,1435.0,99.7,77.73,79.88,2026-05-20T12:50:00-05:00,75.74,2026-05-20T06:05:00-05:00,74.05,75.24,72.85,88.51,93.00,83.00,1015.80,1017.30,1014.20,6.24,10.29,0.00,13.20,2026-05-20T18:00:00-05:00,164.2,SSE,S,0.0000,0.0000,0.0,0,,,2.660,5.00
2026-05-21,2026,5,21,141,287,1435.0,99.7,78.64,80.06,2026-05-21T14:55:00-05:00,77.54,2026-05-21T06:05:00-05:00,75.25,76.96,72.63,89.43,93.00,80.00,1013.80,1015.80,1012.10,8.45,14.76,0.45,19.01,2026-05-21T21:15:00-05:00,167.3,SSE,SSE,0.0000,0.0000,0.0,0,,,2.660,5.00
2026-05-22,2026,5,22,142,287,1435.0,99.7,77.84,80.24,2026-05-22T13:45:00-05:00,70.34,2026-05-22T19:55:00-05:00,74.46,76.78,68.84,89.43,96.00,84.00,1012.60,1014.10,1011.40,11.30,22.37,0.22,27.07,2026-05-22T10:05:00-05:00,182.0,S,S,0.9000,0.9000,405.0,5461,10.61,0.00,2.650,5.00
2026-05-23,2026,5,23,143,287,1435.0,99.7,78.16,80.42,2026-05-23T15:20:00-05:00,74.48,2026-05-23T00:10:00-05:00,74.96,77.28,70.16,89.97,94.00,79.00,1013.40,1015.00,1011.80,5.85,13.87,0.00,17.45,2026-05-23T00:10:00-05:00,164.0,SSE,SSE,0.0339,0.0339,50.0,7,5.24,3.73,2.640,5.00
2026-05-24,2026,5,24,144,288,1440.0,100.0,79.52,83.84,2026-05-24T16:55:00-05:00,73.04,2026-05-24T04:25:00-05:00,73.25,77.28,67.95,81.52,98.00,68.00,1014.02,1016.20,1010.70,5.78,16.55,0.00,29.75,2026-05-24T04:55:00-05:00,196.9,SSW,S,0.2065,0.2065,110.0,2535,9.79,1.24,2.640,5.00
2026-05-25,2026,5,25,145,287,1435.0,99.7,75.73,79.52,2026-05-25T00:45:00-05:00,71.78,2026-05-25T14:10:00-05:00,71.77,75.46,69.43,87.61,94.00,78.00,1012.26,1014.40,1010.80,7.54,13.87,0.00,20.80,2026-05-25T09:00:00-05:00,165.4,SSE,SE,3.0944,3.0944,560.0,237,11.39,0.62,2.620,5.00
2026-05-26,2026,5,26,146,287,1435.0,99.7,78.60,80.60,2026-05-26T18:05:00-05:00,76.28,2026-05-26T00:20:00-05:00,75.01,76.81,71.26,88.78,92.00,84.00,1011.92,1013.20,1011.00,8.01,14.54,0.00,17.45,2026-05-26T04:50:00-05:00,176.0,S,S,0.0000,0.0000,0.0,1,4.97,4.97,2.600,5.00
2026-05-27,2026,5,27,147,287,1435.0,99.7,78.94,79.88,2026-05-27T15:30:00-05:00,76.28,2026-05-27T11:25:00-05:00,75.29,76.63,73.55,88.66,93.00,83.00,1011.49,1013.60,1010.00,8.17,13.65,0.89,23.94,2026-05-27T11:35:00-05:00,165.6,SSE,S,0.2590,0.2590,35.0,0,,,2.660,5.00
2026-05-28,2026,5,28,148,287,1435.0,99.7,78.61,81.14,2026-05-28T13:15:00-05:00,75.02,2026-05-28T15:35:00-05:00,75.55,77.88,71.96,90.37,94.00,83.00,1009.94,1011.70,1008.10,8.24,21.92,0.22,41.16,2026-05-28T15:40:00-05:00,166.1,SSE,S,0.7049,0.7049,165.0,257,11.34,3.73,2.660,5.00
2026-05-29,2026,5,29,149,287,1435.0,99.7,78.90,80.78,2026-05-29T12:00:00-05:00,75.20,2026-05-29T14:05:00-05:00,73.36,75.81,70.03,83.24,91.00,75.00,1011.47,1013.60,1009.50,5.13,13.65,0.00,18.12,2026-05-29T23:20:00-05:00,195.2,SSW,S,0.2551,0.2551,50.0,37,5.24,3.73,2.650,5.00
2026-05-30,2026,5,30,150,287,1435.0,99.7,81.31,85.28,2026-05-30T10:10:00-05:00,78.08,2026-05-30T01:20:00-05:00,74.53,77.79,72.81,80.15,89.00,68.00,1011.09,1013.20,1008.80,4.93,10.74,0.00,15.21,2026-05-30T01:15:00-05:00,238.3,WSW,WSW,0.0257,0.0257,15.0,0,,,2.660,5.00
2026-05-31,2026,5,31,151,286,1430.0,99.3,83.06,85.82,2026-05-31T12:10:00-05:00,80.78,2026-05-31T05:40:00-05:00,76.33,77.78,73.95,80.37,88.00,70.00,1011.85,1014.00,1009.60,5.19,7.61,0.00,12.97,2026-05-31T03:40:00-05:00,244.2,WSW,WSW,0.0000,0.0000,0.0,0,,,2.660,5.00
2026-06-01,2026,6,1,152,287,1435.0,99.7,83.46,89.42,2026-06-01T12:00:00-05:00,74.66,2026-06-01T22:40:00-05:00,76.04,78.32,71.22,78.69,91.00,64.00,1012.76,1014.80,1010.70,4.73,16.33,0.00,27.51,2026-06-01T22:05:00-05:00,258.7,WSW,WSW,0.2936,0.2936,95.0,719,10.72,0.62,2.650,5.00
2026-06-02,2026,6,2,153,288,1440.0,100.0,79.42,85.64,2026-06-02T16:05:00-05:00,69.98,2026-06-02T20:35:00-05:00,73.38,76.00,69.09,82.19,99.00,66.00,1012.99,1015.00,1010.10,6.12,21.47,0.00,29.75,2026-06-02T03:05:00-05:00,99.8,E,NE,0.7797,0.7797,285.0,1529,8.97,2.49,2.650,5.00
2026-06-03,2026,6,3,154,288,1440.0,100.0,77.70,79.34,2026-06-03T18:20:00-05:00,75.74,2026-06-03T02:05:00-05:00,73.20,75.90,63.27,86.31,98.00,59.00,1015.26,1018.70,1011.50,7.22,11.41,0.22,17.90,2026-06-03T15:30:00-05:00,93.6,E,ESE,0.0000,0.0000,0.0,59,15.26,9.94,2.650,5.00
2026-06-04,2026,6,4,155,287,1435.0,99.7,77.64,79.52,2026-06-04T13:55:00-05:00,76.10,2026-06-04T03:20:00-05:00,66.78,71.25,61.61,69.53,81.00,56.00,1017.69,1019.10,1016.40,8.75,14.99,0.45,21.92,2026-06-04T06:10:00-05:00,122.8,ESE,SE,0.0000,0.0000,0.0,0,,,2.660,5.00
2026-06-05,2026,6,5,156,287,1435.0,99.7,79.41,81.32,2026-06-05T12:00:00-05:00,77.18,2026-06-05T08:00:00-05:00,73.80,76.55,65.94,83.15,90.00,64.00,1015.50,1016.90,1014.30,10.81,18.12,0.67,24.61,2026-06-05T19:35:00-05:00,134.9,SE,SE,0.0000,0.0000,0.0,0,,,2.650,5.00
2026-06-06,2026,6,6,157,287,1435.0,99.7,78.14,79.88,2026-06-06T09:20:00-05:00,75.38,2026-06-06T11:30:00-05:00,75.65,78.00,73.43,92.13,96.00,82.00,1011.14,1014.90,1009.40,10.56,15.43,2.01,21.03,2026-06-06T22:40:00-05:00,167.0,SSE,SSE,0.6181,0.6181,215.0,136,8.63,2.49,2.660,5.00
2026-06-07,2026,6,7,158,287,1435.0,99.7,78.86,80.78,2026-06-07T17:10:00-05:00,75.92,2026-06-07T09:30:00-05:00,74.91,76.54,73.01,87.80,95.00,81.00,1011.33,1013.20,1009.00,8.08,14.09,0.00,17.22,2026-06-07T08:45:00-05:00,180.4,S,S,0.0243,0.0243,20.0,0,,,2.640,5.00
2026-06-08,2026,6,8,159,287,1435.0,99.7,79.92,81.86,2026-06-08T13:35:00-05:00,78.62,2026-06-08T22:30:00-05:00,74.60,75.99,70.74,83.97,90.00,72.00,1014.31,1016.20,1011.10,5.52,8.50,0.00,12.75,2026-06-08T13:10:00-05:00,161.7,SSE,SSE,0.0000,0.0000,0.0,0,,,2.660,5.00
2026-06-09,2026,6,9,160,287,1435.0,99.7,80.75,83.30,2026-06-09T17:40:00-05:00,79.16,2026-06-09T06:50:00-05:00,75.61,77.49,71.38,84.69,93.00,69.00,1014.90,1017.10,1012.30,5.06,7.83,0.00,10.74,2026-06-09T00:10:00-05:00,139.8,SE,SSE,0.0000,0.0000,0.0,0,,,2.650,5.00
2026-06-10,2026,6,10,161,285,1425.0,99.0,81.21,83.48,2026-06-10T09:45:00-05:00,78.26,2026-06-10T05:50:00-05:00,74.13,77.35,66.31,79.54,92.00,57.00,1014.12,1017.50,1011.20,4.89,9.40,0.00,11.63,2026-06-10T14:15:00-05:00,171.6,S,SSW,0.0000,0.0000,0.0,0,,,2.640,5.00
2026-06-11,2026,6,11,162,287,1435.0,99.7,81.17,82.58,2026-06-11T13:45:00-05:00,79.52,2026-06-11T05:05:00-05:00,74.09,76.37,71.64,79.18,84.00,73.00,1014.06,1015.20,1012.80,5.49,8.95,0.00,12.75,2026-06-11T01:10:00-05:00,184.1,S,S,0.0000,0.0000,0.0,0,,,2.660,5.00
2026-06-12,2026,6,12,163,287,1435.0,99.7,83.24,87.62,2026-06-12T10:10:00-05:00,79.70,2026-06-12T08:20:00-05:00,75.81,78.19,71.02,78.51,86.00,68.00,1014.48,1016.70,1012.50,4.16,7.38,0.00,10.74,2026-06-12T00:40:00-05:00,218.5,SW,SW,0.0000,0.0000,0.0,0,,,2.660,5.00
2026-06-13,2026,6,13,164,287,1435.0,99.7,85.39,90.68,2026-06-13T11:15:00-05:00,81.32,2026-06-13T06:35:00-05:00,77.06,79.18,73.77,76.52,90.00,60.00,1014.75,1016.90,1012.60,4.85,8.05,0.00,12.75,2026-06-13T08:15:00-05:00,267.6,W,WSW,0.0000,0.0000,0.0,256,17.70,0.00,2.660,5.00
2026-06-14,2026,6,14,165,287,1435.0,99.7,85.77,90.86,2026-06-14T11:25:00-05:00,83.30,2026-06-14T04:45:00-05:00,78.31,80.07,76.09,78.63,85.00,66.00,1014.14,1016.40,1012.40,4.76,8.05,0.00,13.42,2026-06-14T18:45:00-05:00,258.9,W,WSW,0.0000,0.0000,0.0,6,5.59,4.35,2.660,5.00
2026-06-15,2026,6,15,166,287,1435.0,99.7,80.32,86.18,2026-06-15T13:15:00-05:00,73.76,2026-06-15T04:40:00-05:00,75.42,80.41,70.77,85.38,97.00,71.00,1012.75,1014.80,1010.50,4.40,16.55,0.00,27.74,2026-06-15T04:05:00-05:00,292.1,WNW,WSW,2.9646,2.9646,485.0,2998,7.04,0.62,2.640,5.00
2026-06-16,2026,6,16,167,287,1435.0,99.7,79.68,83.30,2026-06-16T13:15:00-05:00,76.10,2026-06-16T07:55:00-05:00,75.34,78.99,66.76,86.72,95.00,72.00,1010.50,1012.50,1008.30,5.84,14.76,0.00,29.97,2026-06-16T13:40:00-05:00,222.0,SW,WSW,1.3613,1.3613,445.0,1313,13.31,0.62,2.610,5.00
2026-06-17,2026,6,17,168,287,1435.0,99.7,82.32,84.20,2026-06-17T12:50:00-05:00,78.80,2026-06-17T14:05:00-05:00,78.44,80.06,73.89,88.11,93.00,82.00,1009.72,1011.30,1008.00,7.93,15.43,0.45,23.71,2026-06-17T13:55:00-05:00,204.8,SSW,SSW,0.1406,0.1406,80.0,451,14.64,2.49,2.580,5.00
2026-06-18,2026,6,18,169,287,1435.0,99.7,82.73,83.48,2026-06-18T10:30:00-05:00,79.88,2026-06-18T08:50:00-05:00,79.90,80.73,72.78,91.22,94.00,79.00,1009.47,1011.80,1008.30,11.11,21.92,1.57,31.99,2026-06-18T10:10:00-05:00,204.0,SSW,SSW,0.8022,0.8022,985.0,1343,16.87,0.62,2.590,5.00
2026-06-19,2026,6,19,170,287,1435.0,99.7,82.22,85.10,2026-06-19T15:35:00-05:00,77.36,2026-06-19T19:50:00-05:00,78.56,81.26,71.56,88.80,94.00,77.00,1013.32,1016.30,1009.50,6.68,17.90,0.00,25.05,2026-06-19T18:45:00-05:00,218.5,SW,WSW,0.0059,0.0059,30.0,695,14.97,3.11,2.580,5.00
2026-06-20,2026,6,20,171,287,1435.0,99.7,80.62,84.02,2026-06-20T12:05:00-05:00,73.04,2026-06-20T02:05:00-05:00,74.65,78.14,68.22,82.28,91.00,71.00,1014.64,1017.30,1012.70,4.55,16.33,0.00,25.50,2026-06-20T01:40:00-05:00,53.2,NE,NE,0.4892,0.4892,175.0,4835,11.22,1.86,2.650,5.00
2026-06-21,2026,6,21,172,287,1435.0,99.7,83.26,85.10,2026-06-21T13:55:00-05:00,80.96,2026-06-21T00:30:00-05:00,78.87,80.73,75.84,86.72,92.00,81.00,1013.61,1014.70,1012.30,6.66,9.62,0.45,15.88,2026-06-21T05:00:00-05:00,229.4,SW,WSW,0.0000,0.0000,0.0,383,8.77,3.11,2.650,5.00
2026-06-22,2026,6,22,173,287,1435.0,99.7,84.13,85.64,2026-06-22T15:25:00-05:00,82.76,2026-06-22T02:25:00-05:00,80.02,81.80,78.58,87.57,93.00,80.00,1015.72,1017.30,1013.50,7.45,10.51,1.12,18.12,2026-06-22T22:30:00-05:00,234.7,SW,WSW,0.0000,0.0000,0.0,5,8.20,4.97,2.660,5.00
2026-06-23,2026,6,23,174,287,1435.0,99.7,84.89,88.34,2026-06-23T10:00:00-05:00,82.22,2026-06-23T05:50:00-05:00,79.94,82.51,76.98,85.37,93.00,74.00,1017.28,1018.70,1016.10,4.73,9.84,0.00,16.11,2026-06-23T00:55:00-05:00,278.9,W,WSW,0.0000,0.0000,0.0,1634,8.91,1.86,2.660,5.00
2026-06-24,2026,6,24,175,287,1435.0,99.7,81.14,84.92,2026-06-24T16:45:00-05:00,75.20,2026-06-24T17:25:00-05:00,74.71,78.49,68.19,81.00,90.00,69.00,1016.50,1017.70,1015.60,5.07,18.12,0.00,26.62,2026-06-24T16:55:00-05:00,41.0,NE,NE,0.0268,0.0268,25.0,2260,12.29,1.86,2.660,5.00
2026-06-25,2026,6,25,176,287,1435.0,99.7,81.61,87.08,2026-06-25T16:00:00-05:00,73.22,2026-06-25T02:35:00-05:00,76.02,79.02,71.29,83.62,98.00,70.00,1015.53,1017.00,1013.60,3.16,12.75,0.00,21.03,2026-06-25T01:50:00-05:00,230.9,SW,WSW,0.7125,0.7125,140.0,6739,7.93,1.24,2.640,5.00
2026-06-26,2026,6,26,177,287,1435.0,99.7,85.26,87.08,2026-06-26T12:45:00-05:00,83.48,2026-06-26T06:05:00-05:00,78.14,79.73,76.02,79.46,86.00,71.00,1017.18,1018.80,1015.10,4.70,7.83,0.00,12.30,2026-06-26T07:00:00-05:00,239.5,WSW,WSW,0.0000,0.0000,0.0,17,7.24,3.11,2.650,5.00
2026-06-27,2026,6,27,178,287,1435.0,99.7,85.72,88.34,2026-06-27T13:35:00-05:00,83.84,2026-06-27T05:10:00-05:00,77.69,79.89,76.28,77.14,84.00,69.00,1017.51,1019.10,1016.30,4.48,6.93,0.00,11.63,2026-06-27T23:40:00-05:00,225.7,SW,SW,0.0000,0.0000,0.0,0,,,2.660,5.00
2026-06-28,2026,6,28,179,287,1435.0,99.7,86.74,91.40,2026-06-28T11:50:00-05:00,84.38,2026-06-28T06:50:00-05:00,78.36,80.91,76.44,76.31,82.00,70.00,1016.65,1018.20,1015.40,3.86,6.71,0.00,11.41,2026-06-28T01:10:00-05:00,241.1,WSW,SW,0.0000,0.0000,0.0,0,,,2.650,5.00
2026-06-29,2026,6,29,180,287,1435.0,99.7,86.78,92.84,2026-06-29T12:25:00-05:00,84.20,2026-06-29T08:45:00-05:00,77.82,81.18,74.71,74.85,84.00,65.00,1017.28,1018.70,1015.90,3.21,6.93,0.00,10.74,2026-06-29T07:50:00-05:00,270.5,W,WSW,0.0000,0.0000,0.0,0,,,2.660,5.00
2026-06-30,2026,6,30,181,287,1435.0,99.7,86.28,92.66,2026-06-30T14:30:00-05:00,80.60,2026-06-30T20:45:00-05:00,77.73,80.44,72.05,76.20,92.00,56.00,1016.44,1018.20,1015.10,4.37,14.32,0.00,21.92,2026-06-30T19:55:00-05:00,355.7,N,N,0.1081,0.1081,65.0,12281,8.27,3.11,2.660,5.00
2026-07-01,2026,7,1,182,287,1435.0,99.7,84.52,87.98,2026-07-01T12:50:00-05:00,81.14,2026-07-01T05:45:00-05:00,77.24,79.72,73.38,79.15,92.00,67.00,1015.16,1016.50,1014.00,5.44,10.29,0.00,15.21,2026-07-01T17:05:00-05:00,102.1,ESE,NE,0.0000,0.0000,0.0,9,6.49,4.35,2.650,5.00
2026-07-02,2026,7,2,183,287,1435.0,99.7,85.86,88.88,2026-07-02T14:10:00-05:00,83.12,2026-07-02T03:35:00-05:00,77.29,80.16,74.62,75.96,87.00,63.00,1015.74,1017.20,1013.60,5.46,10.07,0.00,15.66,2026-07-02T08:05:00-05:00,109.8,ESE,NE,0.0000,0.0000,0.0,5,4.10,1.86,2.660,5.00
2026-07-03,2026,7,3,184,287,1435.0,99.7,85.92,91.76,2026-07-03T12:40:00-05:00,79.88,2026-07-03T08:00:00-05:00,75.52,78.49,71.43,71.52,90.00,61.00,1016.29,1017.90,1015.20,3.44,12.30,0.00,16.78,2026-07-03T07:55:00-05:00,263.9,W,SSW,0.0173,0.0173,35.0,639,5.53,1.24,2.650,5.00
2026-07-04,2026,7,4,185,287,1435.0,99.7,85.87,89.42,2026-07-04T13:10:00-05:00,83.12,2026-07-04T05:15:00-05:00,75.17,77.05,70.30,70.60,78.00,55.00,1015.18,1016.60,1013.50,4.00,8.95,0.00,13.87,2026-07-04T09:40:00-05:00,272.2,W,SSW,0.0000,0.0000,0.0,0,,,2.660,5.00
2026-07-05,2026,7,5,186,287,1435.0,99.7,85.35,89.78,2026-07-05T10:55:00-05:00,79.88,2026-07-05T06:25:00-05:00,76.14,79.18,72.07,74.24,87.00,62.00,1013.46,1015.40,1011.70,3.81,13.20,0.00,19.46,2026-07-05T06:15:00-05:00,305.5,NW,N,0.0000,0.0000,0.0,2893,5.19,1.24,2.660,5.00
2026-07-06,2026,7,6,187,287,1435.0,99.7,85.10,89.78,2026-07-06T11:50:00-05:00,80.24,2026-07-06T05:20:00-05:00,76.42,79.63,71.80,75.46,82.00,67.00,1014.06,1016.00,1012.60,4.31,7.16,0.00,12.97,2026-07-06T14:15:00-05:00,290.0,WNW,NNW,0.0000,0.0000,0.0,2918,15.10,3.73,2.660,5.00
2026-07-07,2026,7,7,188,287,1435.0,99.7,86.01,91.58,2026-07-07T11:45:00-05:00,80.78,2026-07-07T01:25:00-05:00,76.42,80.91,70.35,73.36,83.00,61.00,1015.67,1017.80,1014.20,3.29,8.95,0.00,14.09,2026-07-07T01:10:00-05:00,264.3,W,WSW,0.2048,0.2048,35.0,807,12.37,1.86,2.660,5.00
2026-07-08,2026,7,8,189,287,1435.0,99.7,86.01,90.32,2026-07-08T11:00:00-05:00,82.22,2026-07-08T06:00:00-05:00,75.85,78.16,73.13,72.02,82.00,59.00,1017.02,1019.20,1015.60,4.46,6.93,0.00,11.63,2026-07-08T20:00:00-05:00,280.8,W,NNW,0.0000,0.0000,0.0,0,,,2.660,5.00
2026-07-09,2026,7,9,190,287,1435.0,99.7,86.87,91.58,2026-07-09T11:05:00-05:00,82.76,2026-07-09T06:35:00-05:00,76.97,78.82,73.55,72.69,86.00,64.00,1016.92,1018.80,1015.70,3.77,6.04,0.00,9.62,2026-07-09T09:55:00-05:00,259.2,W,SW,0.0000,0.0000,0.0,6,4.76,3.73,2.660,5.00
2026-07-10,2026,7,10,191,287,1435.0,99.7,87.13,90.50,2026-07-10T14:15:00-05:00,80.24,2026-07-10T03:10:00-05:00,77.22,79.86,72.18,72.74,86.00,58.00,1017.00,1018.60,1015.50,3.62,8.05,0.00,13.87,2026-07-10T03:05:00-05:00,227.6,SW,SSW,0.0508,0.0508,35.0,644,10.17,1.86,2.660,5.00
2026-07-11,2026,7,11,192,287,1435.0,99.7,86.87,89.96,2026-07-11T08:25:00-05:00,84.74,2026-07-11T22:40:00-05:00,77.15,79.95,72.15,73.04,80.00,62.00,1017.58,1019.00,1016.20,5.26,12.97,0.00,19.01,2026-07-11T21:30:00-05:00,198.1,SSW,SSW,0.0068,0.0068,10.0,388,16.78,1.86,2.660,5.00
2026-07-12,2026,7,12,193,287,1435.0,99.7,82.97,87.98,2026-07-12T09:05:00-05:00,76.64,2026-07-12T09:35:00-05:00,75.82,79.14,69.96,79.17,88.00,70.00,1019.95,1022.70,1017.70,6.19,36.46,0.00,56.59,2026-07-12T16:35:00-05:00,241.0,WSW,WSW,0.5101,0.5101,310.0,6261,13.49,1.24,2.660,5.00
2026-07-13,2026,7,13,194,287,1435.0,99.7,80.98,83.66,2026-07-13T14:00:00-05:00,75.38,2026-07-13T09:55:00-05:00,74.61,77.43,71.46,81.17,90.00,70.00,1023.20,1027.30,1020.60,3.70,8.72,0.00,19.24,2026-07-13T09:45:00-05:00,314.2,NW,NNW,0.9440,0.9440,135.0,2620,13.16,9.32,2.640,5.00
2026-07-14,2026,7,14,195,287,1435.0,99.7,81.21,83.84,2026-07-14T08:55:00-05:00,79.34,2026-07-14T05:50:00-05:00,73.20,75.14,70.84,76.82,84.00,67.00,1023.60,1027.00,1019.60,3.28,9.62,0.00,16.33,2026-07-14T15:40:00-05:00,278.5,W,W,0.0083,0.0083,15.0,0,,,2.650,5.00
2026-07-15,2026,7,15,196,287,1435.0,99.7,83.19,89.60,2026-07-15T12:30:00-05:00,80.24,2026-07-15T03:35:00-05:00,73.96,76.42,70.18,74.01,83.00,60.00,1024.71,1028.40,1020.30,3.59,7.38,0.00,12.75,2026-07-15T17:45:00-05:00,280.6,W,WSW,0.0000,0.0000,0.0,0,,,2.660,5.00
2026-07-16,2026,7,16,197,287,1435.0,99.7,84.82,91.94,2026-07-16T11:10:00-05:00,80.96,2026-07-16T06:35:00-05:00,76.00,78.65,72.45,75.43,90.00,56.00,1027.56,1032.70,1021.70,2.99,5.82,0.00,10.74,2026-07-16T11:00:00-05:00,289.8,WNW,WSW,0.0000,0.0000,0.0,0,,,2.660,5.00
2026-07-17,2026,7,17,198,287,1435.0,99.7,86.70,93.56,2026-07-17T12:30:00-05:00,82.94,2026-07-17T05:25:00-05:00,78.20,81.48,75.17,76.20,85.00,62.00,1030.72,1034.30,1023.60,4.18,8.05,0.00,13.42,2026-07-17T07:05:00-05:00,328.6,NNW,NNW,0.0000,0.0000,0.0,1,4.35,4.35,2.660,5.00
2026-07-18,2026,7,18,199,287,1435.0,99.7,86.12,92.66,2026-07-18T11:55:00-05:00,82.22,2026-07-18T14:40:00-05:00,76.44,79.34,68.83,73.11,82.00,62.00,1029.08,1032.30,1022.60,3.61,9.40,0.00,17.90,2026-07-18T17:30:00-05:00,348.3,NNW,N,0.3540,0.3540,45.0,948,15.60,1.86,2.660,5.00
2026-07-19,2026,7,19,200,287,1435.0,99.7,83.46,89.96,2026-07-19T12:25:00-05:00,79.16,2026-07-19T15:55:00-05:00,74.92,78.54,71.27,75.70,87.00,66.00,1029.41,1032.60,1025.60,4.63,10.51,0.00,18.12,2026-07-19T13:25:00-05:00,19.2,NNE,N,0.1072,0.1072,105.0,4946,13.79,2.49,2.660,5.00
2026-07-20,2026,7,20,201,287,1435.0,99.7,83.47,90.86,2026-07-20T18:15:00-05:00,77.18,2026-07-20T06:00:00-05:00,74.27,79.89,71.36,74.40,87.00,60.00,1027.45,1032.10,1020.30,9.27,14.54,0.67,21.47,2026-07-20T08:50:00-05:00,26.2,NNE,NNE,0.0000,0.0000,0.0,1,4.97,4.97,2.650,5.00
2026-07-21,2026,7,21,202,287,1435.0,99.7,81.79,88.16,2026-07-21T14:05:00-05:00,78.80,2026-07-21T06:20:00-05:00,75.58,79.72,74.26,81.71,89.00,68.00,1028.38,1030.70,1024.50,13.64,23.04,0.89,34.67,2026-07-21T20:05:00-05:00,33.4,NNE,NE,0.2971,0.2971,615.0,0,,,2.660,5.00
2026-07-22,2026,7,22,203,279,1395.0,96.9,81.83,83.30,2026-07-22T11:55:00-05:00,79.34,2026-07-22T01:10:00-05:00,76.83,78.81,74.20,84.97,92.00,75.00,1029.81,1034.00,1026.20,17.97,26.40,1.57,37.58,2026-07-22T09:50:00-05:00,166.0,SSE,S,0.9293,0.9293,1100.0,0,,,2.630,5.00
2026-07-23,2026,7,23,204,287,1435.0,99.7,83.84,84.56,2026-07-23T13:40:00-05:00,81.68,2026-07-23T02:40:00-05:00,77.69,78.65,74.89,81.86,84.00,75.00,1038.03,1041.00,1033.60,10.32,18.34,1.12,24.38,2026-07-23T01:15:00-05:00,192.4,SSW,SSW,0.0013,0.0013,90.0,0,,,2.650,5.00
2026-07-24,2026,7,24,205,287,1435.0,99.7,84.76,87.62,2026-07-24T14:35:00-05:00,82.22,2026-07-24T04:55:00-05:00,76.54,77.96,74.37,76.64,84.00,68.00,1040.24,1041.60,1037.50,3.60,9.17,0.00,11.41,2026-07-24T00:10:00-05:00,245.1,WSW,WSW,0.0000,0.0000,0.0,0,,,2.660,5.00
2026-07-25,2026,7,25,206,287,1435.0,99.7,85.50,92.12,2026-07-25T11:50:00-05:00,81.68,2026-07-25T04:30:00-05:00,76.76,79.53,73.49,75.47,84.00,60.00,1041.33,1044.20,1037.40,4.34,8.28,0.00,14.09,2026-07-25T07:35:00-05:00,285.8,WNW,WSW,0.0000,0.0000,0.0,0,,,2.660,5.00
2026-07-26,2026,7,26,207,287,1435.0,99.7,85.88,90.50,2026-07-26T11:30:00-05:00,82.94,2026-07-26T07:50:00-05:00,78.16,80.97,75.68,77.95,86.00,64.00,1042.10,1044.10,1038.40,4.49,8.28,0.00,15.66,2026-07-26T22:30:00-05:00,283.8,WNW,W,0.0000,0.0000,0.0,0,,,2.660,5.00
2026-07-27,2026,7,27,208,287,1435.0,99.7,86.95,95.18,2026-07-27T13:00:00-05:00,83.48,2026-07-27T06:40:00-05:00,79.39,81.96,75.92,78.70,87.00,54.00,1041.46,1043.10,1033.60,4.81,9.40,0.00,15.21,2026-07-27T07:00:00-05:00,311.8,NW,NNW,0.0000,0.0000,0.0,0,,,2.660,5.00
2026-07-28,2026,7,28,209,180,900.0,62.5,87.25,95.18,2026-07-28T12:10:00-05:00,83.84,2026-07-28T06:55:00-05:00,78.41,81.32,75.67,75.52,87.00,56.00,1040.20,1041.80,1035.70,5.03,7.83,0.00,14.32,2026-07-28T03:30:00-05:00,333.1,NNW,NNW,0.0000,0.0000,0.0,0,,,2.660,5.00
2026-07-29,2026,7,29,210,0,0.0,0.0,,,,,,,,,,,,,,,,,,,,,,,0.0000,0.0000,0.0,0,,,,
2026-07-30,2026,7,30,211,0,0.0,0.0,,,,,,,,,,,,,,,,,,,,,,,0.0000,0.0000,0.0,0,,,,
2026-07-31,2026,7,31,212,0,0.0,0.0,,,,,,,,,,,,,,,,,,,,,,,0.0000,0.0000,0.0,0,,,,
2026-08-01,2026,8,1,213,0,0.0,0.0,,,,,,,,,,,,,,,,,,,,,,,0.0000,0.0000,0.0,0,,,,
2026-08-02,2026,8,2,214,0,0.0,0.0,,,,,,,,,,,,,,,,,,,,,,,0.0000,0.0000,0.0,0,,,,
2026-08-03,2026,8,3,215,0,0.0,0.0,,,,,,,,,,,,,,,,,,,,,,,0.0000,0.0000,0.0,0,,,,
2026-08-04,2026,8,4,216,0,0.0,0.0,,,,,,,,,,,,,,,,,,,,,,,0.0000,0.0000,0.0,0,,,,
2026-08-05,2026,8,5,217,0,0.0,0.0,,,,,,,,,,,,,,,,,,,,,,,0.0000,0.0000,0.0,0,,,,
2026-08-06,2026,8,6,218,0,0.0,0.0,,,,,,,,,,,,,,,,,,,,,,,0.0000,0.0000,0.0,0,,,,
2026-08-07,2026,8,7,219,0,0.0,0.0,,,,,,,,,,,,,,,,,,,,,,,0.0000,0.0000,0.0,0,,,,
2026-08-08,2026,8,8,220,0,0.0,0.0,,,,,,,,,,,,,,,,,,,,,,,0.0000,0.0000,0.0,0,,,,
2026-08-09,2026,8,9,221,0,0.0,0.0,,,,,,,,,,,,,,,,,,,,,,,0.0000,0.0000,0.0,0,,,,
2026-08-10,2026,8,10,222,0,0.0,0.0,,,,,,,,,,,,,,,,,,,,,,,0.0000,0.0000,0.0,0,,,,
2026-08-11,2026,8,11,223,0,0.0,0.0,,,,,,,,,,,,,,,,,,,,,,,0.0000,0.0000,0.0,0,,,,
2026-08-12,2026,8,12,224,0,0.0,0.0,,,,,,,,,,,,,,,,,,,,,,,0.0000,0.0000,0.0,0,,,,
