date,year,month,day,day_of_year,obs_count,observation_minutes,completeness_pct,temp_avg_f,temp_high_f,temp_high_time_local,temp_low_f,temp_low_time_local,dewpoint_avg_f,dewpoint_high_f,dewpoint_low_f,rh_avg_pct,rh_high_pct,rh_low_pct,pressure_avg_mb,pressure_high_mb,pressure_low_mb,wind_avg_mph,wind_max_1min_mph,wind_lull_min_mph,wind_gust_mph,wind_gust_time_local,wind_vector_dir_deg,wind_vector_dir_cardinal,prevailing_wind_dir,precip_in,precip_raw_in,wet_minutes,lightning_count,lightning_avg_distance_mi,lightning_closest_distance_mi,battery_min_v,report_interval_mode_min
2021-12-29,2021,12,29,363,287,1435.0,99.7,74.54,81.50,2021-12-29T13:55:00-06:00,69.80,2021-12-29T03:55:00-06:00,72.13,75.24,69.80,92.50,100.00,77.00,1004.37,1005.90,1002.20,1.55,4.47,0.00,13.20,2021-12-29T14:35:00-06:00,192.3,SSW,S,0.0219,0.0219,10.0,319,13.19,4.97,2.550,5.00
2021-12-30,2021,12,30,364,288,1440.0,100.0,74.72,84.74,2021-12-30T13:00:00-06:00,67.46,2021-12-30T20:55:00-06:00,70.45,73.33,66.46,87.91,100.00,59.00,1009.99,1013.90,1005.10,1.05,3.58,0.00,8.95,2021-12-30T11:40:00-06:00,189.4,S,S,0.0000,0.0000,0.0,0,,,2.540,5.00
2021-12-31,2021,12,31,365,288,1440.0,100.0,76.34,84.20,2021-12-31T13:25:00-06:00,72.68,2021-12-31T00:00:00-06:00,72.02,73.53,69.00,87.45,98.00,62.00,1011.70,1014.10,1009.80,1.71,4.03,0.00,12.75,2021-12-31T11:10:00-06:00,193.0,SSW,S,0.0000,0.0000,0.0,0,,,2.560,5.00
2022-01-01,2022,1,1,1,288,1440.0,100.0,76.28,81.86,2022-01-01T12:35:00-06:00,73.22,2022-01-01T04:35:00-06:00,72.67,75.64,70.93,88.76,95.00,79.00,1008.72,1010.90,1006.40,2.54,4.92,0.00,12.75,2022-01-01T09:10:00-06:00,194.5,SSW,S,0.0012,0.0012,10.0,0,,,2.560,5.00
2022-01-02,2022,1,2,2,288,1440.0,100.0,57.60,75.20,2022-01-02T08:45:00-06:00,33.26,2022-01-02T23:55:00-06:00,55.03,72.54,28.95,90.97,98.00,84.00,1014.37,1025.30,1008.00,1.84,3.36,0.00,9.40,2022-01-02T16:25:00-06:00,30.8,NNE,NNE,0.2394,0.2394,35.0,49,17.11,1.24,2.510,5.00
2022-01-03,2022,1,3,3,288,1440.0,100.0,40.27,58.10,2022-01-03T13:30:00-06:00,31.28,2022-01-03T07:15:00-06:00,33.22,41.54,28.14,77.39,96.00,50.00,1026.87,1028.90,1024.90,1.41,3.13,0.00,9.17,2022-01-03T14:00:00-06:00,17.7,NNE,NNE,0.0000,0.0000,0.0,0,,,2.490,5.00
2022-01-04,2022,1,4,4,288,1440.0,100.0,40.49,59.72,2022-01-04T13:25:00-06:00,28.58,2022-01-04T05:30:00-06:00,37.02,46.25,27.84,88.57,97.00,60.00,1022.86,1026.50,1018.30,0.79,3.13,0.00,12.53,2022-01-04T13:45:00-06:00,82.9,E,NNE,0.0000,0.0000,0.0,0,,,2.570,5.00
2022-01-05,2022,1,5,5,288,1440.0,100.0,54.50,73.04,2022-01-05T14:05:00-06:00,39.56,2022-01-05T00:05:00-06:00,50.47,58.91,38.78,87.47,98.00,59.00,1015.23,1018.20,1012.60,0.44,2.01,0.00,7.61,2022-01-05T14:30:00-06:00,105.7,ESE,NNE,0.0000,0.0000,0.0,0,,,2.560,5.00
2022-01-06,2022,1,6,6,288,1440.0,100.0,55.92,76.46,2022-01-06T12:25:00-06:00,40.82,2022-01-06T23:45:00-06:00,52.90,66.50,37.25,90.15,98.00,68.00,1013.61,1019.80,1010.00,1.35,4.03,0.00,9.84,2022-01-06T12:00:00-06:00,45.5,NE,NNE,0.1795,0.1795,35.0,0,,,2.540,5.00
2022-01-07,2022,1,7,7,288,1440.0,100.0,46.02,60.26,2022-01-07T14:20:00-06:00,35.60,2022-01-07T07:15:00-06:00,39.36,44.87,33.78,79.09,94.00,50.00,1022.38,1025.20,1019.60,1.15,2.46,0.00,8.50,2022-01-07T13:55:00-06:00,34.7,NE,NNE,0.0000,0.0000,0.0,0,,,2.550,5.00
2022-01-08,2022,1,8,8,288,1440.0,100.0,58.46,70.88,2022-01-08T12:10:00-06:00,48.38,2022-01-08T00:05:00-06:00,53.10,62.92,41.17,82.73,98.00,68.00,1022.46,1024.20,1020.20,0.76,2.01,0.00,7.38,2022-01-08T14:30:00-06:00,89.6,E,NNE,0.0114,0.0114,40.0,0,,,2.570,5.00
2022-01-09,2022,1,9,9,288,1440.0,100.0,69.51,81.32,2022-01-09T14:35:00-06:00,59.54,2022-01-09T23:55:00-06:00,66.99,72.75,58.40,92.20,98.00,73.00,1021.14,1024.10,1018.20,1.04,3.80,0.00,10.74,2022-01-09T11:25:00-06:00,194.7,SSW,S,0.3437,0.3437,30.0,1198,7.89,1.86,2.540,5.00
2022-01-10,2022,1,10,10,288,1440.0,100.0,49.85,62.78,2022-01-10T13:10:00-06:00,38.30,2022-01-10T23:55:00-06:00,39.68,58.33,29.89,70.19,97.00,39.00,1028.95,1032.80,1024.20,1.81,3.13,0.00,7.83,2022-01-10T12:25:00-06:00,17.9,NNE,NNE,0.0000,0.0000,0.0,0,,,2.530,5.00
2022-01-11,2022,1,11,11,288,1440.0,100.0,45.66,67.28,2022-01-11T13:35:00-06:00,33.80,2022-01-11T04:50:00-06:00,33.73,40.16,28.28,66.30,91.00,36.00,1030.63,1033.80,1027.20,1.05,2.46,0.00,8.28,2022-01-11T13:55:00-06:00,22.9,NNE,NNE,0.0000,0.0000,0.0,0,,,2.570,5.00
2022-01-12,2022,1,12,12,288,1440.0,100.0,47.89,62.78,2022-01-12T11:45:00-06:00,38.30,2022-01-12T22:50:00-06:00,37.63,41.12,33.60,69.75,96.00,39.00,1024.56,1028.80,1021.40,0.55,2.24,0.00,5.59,2022-01-12T11:50:00-06:00,31.9,NNE,NNE,0.0000,0.0000,0.0,0,,,2.570,5.00
2022-01-13,2022,1,13,13,288,1440.0,100.0,49.85,72.68,2022-01-13T14:15:00-06:00,33.62,2022-01-13T06:55:00-06:00,41.39,49.49,33.12,76.50,99.00,42.00,1017.77,1021.90,1013.50,0.77,3.58,0.00,10.74,2022-01-13T14:35:00-06:00,149.0,SSE,NNE,0.0000,0.0000,0.0,0,,,2.560,5.00
2022-01-14,2022,1,14,14,288,1440.0,100.0,52.75,75.38,2022-01-14T13:30:00-06:00,37.58,2022-01-14T07:00:00-06:00,44.21,52.02,37.07,76.76,99.00,40.00,1014.25,1016.80,1012.10,0.58,3.80,0.00,9.40,2022-01-14T13:10:00-06:00,168.4,SSE,S,0.0000,0.0000,0.0,0,,,2.580,5.00
2022-01-15,2022,1,15,15,288,1440.0,100.0,51.13,63.14,2022-01-15T10:35:00-06:00,37.94,2022-01-15T23:55:00-06:00,49.16,60.13,31.87,93.05,98.00,77.00,1009.67,1012.10,1005.40,0.83,2.91,0.00,9.62,2022-01-15T23:50:00-06:00,93.1,E,E,0.4272,0.4272,350.0,28,7.59,0.00,2.520,5.00
2022-01-16,2022,1,16,16,288,1440.0,100.0,38.43,45.50,2022-01-16T14:50:00-06:00,32.72,2022-01-16T23:25:00-06:00,33.28,38.55,26.72,81.91,98.00,72.00,1012.58,1016.80,1009.20,1.49,3.13,0.00,10.96,2022-01-16T03:05:00-06:00,22.5,NNE,NNE,0.0000,0.0000,0.0,0,,,2.460,5.00
2022-01-17,2022,1,17,17,288,1440.0,100.0,42.31,59.54,2022-01-17T14:10:00-06:00,30.74,2022-01-17T06:40:00-06:00,34.97,39.63,30.24,79.08,99.00,42.00,1018.47,1020.80,1016.60,1.15,3.36,0.00,7.38,2022-01-17T11:20:00-06:00,11.0,N,NNE,0.0000,0.0000,0.0,0,,,2.450,5.00
2022-01-18,2022,1,18,18,288,1440.0,100.0,45.95,63.32,2022-01-18T13:05:00-06:00,29.30,2022-01-18T06:40:00-06:00,38.86,47.18,28.81,79.75,99.00,41.00,1020.10,1022.60,1018.10,1.36,4.03,0.00,10.51,2022-01-18T11:55:00-06:00,106.1,ESE,NNE,0.0000,0.0000,0.0,0,,,2.580,5.00
2022-01-19,2022,1,19,19,288,1440.0,100.0,58.13,70.70,2022-01-19T15:45:00-06:00,44.24,2022-01-19T01:40:00-06:00,54.36,60.82,43.98,88.30,99.00,69.00,1016.57,1018.60,1013.60,1.00,2.46,0.00,6.93,2022-01-19T13:30:00-06:00,108.4,ESE,SE,0.0000,0.0000,0.0,0,,,2.550,5.00
2022-01-20,2022,1,20,20,288,1440.0,100.0,46.13,59.72,2022-01-20T04:25:00-06:00,35.78,2022-01-20T22:25:00-06:00,43.86,58.28,29.94,91.71,99.00,78.00,1019.84,1024.80,1013.90,3.02,5.59,0.00,11.86,2022-01-20T07:10:00-06:00,14.3,NNE,NNE,0.1826,0.1826,105.0,1,4.97,4.97,2.490,5.00
2022-01-21,2022,1,21,21,288,1440.0,100.0,35.80,40.82,2022-01-21T15:45:00-06:00,32.54,2022-01-21T07:50:00-06:00,26.85,30.45,21.98,70.21,90.00,56.00,1024.65,1026.80,1022.30,3.34,5.14,0.00,9.17,2022-01-21T05:35:00-06:00,13.2,NNE,NNE,0.0000,0.0000,0.0,0,,,2.440,5.00
2022-01-22,2022,1,22,22,288,1440.0,100.0,35.36,49.82,2022-01-22T14:50:00-06:00,26.60,2022-01-22T23:50:00-06:00,22.47,27.49,19.78,61.96,87.00,31.00,1026.70,1029.70,1023.90,2.35,4.70,0.00,8.95,2022-01-22T08:20:00-06:00,11.3,NNE,N,0.0000,0.0000,0.0,0,,,2.420,5.00
2022-01-23,2022,1,23,23,288,1440.0,100.0,36.26,56.30,2022-01-23T14:45:00-06:00,20.12,2022-01-23T07:05:00-06:00,26.85,35.19,19.88,73.58,99.00,34.00,1021.53,1025.80,1017.10,0.94,3.58,0.00,7.38,2022-01-23T13:00:00-06:00,26.1,NNE,N,0.0000,0.0000,0.0,0,,,2.580,5.00
2022-01-24,2022,1,24,24,288,1440.0,100.0,42.15,59.36,2022-01-24T12:15:00-06:00,28.22,2022-01-24T04:20:00-06:00,37.22,45.52,27.98,85.30,100.00,46.00,1015.08,1017.60,1011.70,1.00,3.13,0.00,6.93,2022-01-24T12:00:00-06:00,59.4,ENE,NNE,0.2299,0.2299,345.0,0,,,2.580,5.00
2022-01-25,2022,1,25,25,288,1440.0,100.0,49.51,56.84,2022-01-25T16:10:00-06:00,45.50,2022-01-25T00:00:00-06:00,47.96,51.15,45.50,94.70,100.00,76.00,1014.60,1019.80,1010.80,2.56,4.70,0.00,10.29,2022-01-25T15:00:00-06:00,16.8,NNE,NNE,0.4722,0.4722,325.0,0,,,2.540,5.00
2022-01-26,2022,1,26,26,288,1440.0,100.0,43.78,55.58,2022-01-26T14:15:00-06:00,33.26,2022-01-26T23:45:00-06:00,33.14,45.77,27.44,69.58,97.00,37.00,1022.73,1025.20,1019.40,2.66,4.92,0.00,11.63,2022-01-26T02:35:00-06:00,16.1,NNE,NNE,0.0000,0.0000,0.0,0,,,2.510,5.00
2022-01-27,2022,1,27,27,288,1440.0,100.0,44.00,64.58,2022-01-27T14:05:00-06:00,27.68,2022-01-27T06:15:00-06:00,33.84,41.83,26.98,72.95,100.00,32.00,1022.21,1024.70,1018.70,0.94,2.91,0.00,6.49,2022-01-27T13:20:00-06:00,66.1,ENE,NNE,0.0000,0.0000,0.0,0,,,2.590,5.00
2022-01-28,2022,1,28,28,288,1440.0,100.0,44.61,56.48,2022-01-28T13:25:00-06:00,33.26,2022-01-28T23:50:00-06:00,30.43,36.66,25.32,59.03,86.00,37.00,1023.01,1026.70,1020.60,1.74,5.14,0.00,12.30,2022-01-28T15:00:00-06:00,9.8,N,N,0.0000,0.0000,0.0,0,,,2.580,5.00
2022-01-29,2022,1,29,29,288,1440.0,100.0,37.96,52.88,2022-01-29T14:30:00-06:00,25.70,2022-01-29T07:20:00-06:00,23.34,30.17,14.14,60.99,97.00,25.00,1026.22,1029.50,1023.70,0.97,3.58,0.00,8.28,2022-01-29T11:50:00-06:00,34.5,NE,NNE,0.0000,0.0000,0.0,0,,,2.590,5.00
2022-01-30,2022,1,30,30,288,1440.0,100.0,48.16,67.46,2022-01-30T14:10:00-06:00,28.94,2022-01-30T02:40:00-06:00,38.10,45.27,28.69,72.55,100.00,40.00,1021.36,1024.40,1018.00,1.22,4.47,0.00,10.07,2022-01-30T13:35:00-06:00,201.4,SSW,S,0.0000,0.0000,0.0,0,,,2.590,5.00
2022-01-31,2022,1,31,31,288,1440.0,100.0,51.60,68.72,2022-01-31T13:35:00-06:00,35.24,2022-01-31T07:10:00-06:00,43.97,49.40,35.24,78.52,100.00,48.00,1018.88,1022.00,1016.00,1.16,3.36,0.00,8.50,2022-01-31T13:15:00-06:00,126.8,SE,NNE,0.0000,0.0000,0.0,0,,,2.590,5.00
2022-02-01,2022,2,1,32,288,1440.0,100.0,58.48,66.56,2022-02-01T14:25:00-06:00,47.66,2022-02-01T00:00:00-06:00,55.15,60.52,45.91,89.32,100.00,71.00,1014.80,1016.70,1012.70,2.08,5.37,0.00,13.65,2022-02-01T17:50:00-06:00,68.2,ENE,NE,0.2585,0.2585,145.0,0,,,2.540,5.00
2022-02-02,2022,2,2,33,288,1440.0,100.0,64.56,68.00,2022-02-02T13:10:00-06:00,60.80,2022-02-02T00:00:00-06:00,63.93,66.33,60.52,97.85,100.00,92.00,1012.04,1013.50,1011.20,1.09,3.13,0.00,8.50,2022-02-02T11:00:00-06:00,112.8,ESE,E,0.3018,0.3018,170.0,0,,,2.490,5.00
2022-02-03,2022,2,3,34,288,1440.0,100.0,59.32,71.60,2022-02-03T09:55:00-06:00,41.00,2022-02-03T23:55:00-06:00,59.16,71.60,41.00,99.47,100.00,99.00,1012.11,1020.30,1008.80,2.01,6.04,0.00,13.65,2022-02-03T12:15:00-06:00,71.6,ENE,NNE,2.2782,2.2782,645.0,4390,10.44,1.24,2.420,5.00
2022-02-04,2022,2,4,35,288,1440.0,100.0,36.41,41.00,2022-02-04T00:00:00-06:00,33.08,2022-02-04T23:30:00-06:00,35.14,41.00,29.91,95.15,100.00,87.00,1025.87,1031.40,1018.90,2.58,4.70,0.00,9.84,2022-02-04T21:40:00-06:00,11.5,NNE,N,0.1856,0.1856,250.0,39,8.59,1.24,2.400,5.00
2022-02-05,2022,2,5,36,288,1440.0,100.0,37.42,51.08,2022-02-05T14:35:00-06:00,28.40,2022-02-05T23:55:00-06:00,28.50,33.12,23.96,73.41,100.00,40.00,1029.33,1032.30,1026.20,2.49,5.59,0.00,9.40,2022-02-05T13:10:00-06:00,13.6,NNE,NNE,0.0000,0.0000,0.0,0,,,2.390,5.00
2022-02-06,2022,2,6,37,288,1440.0,100.0,40.39,58.64,2022-02-06T14:50:00-06:00,26.42,2022-02-06T05:35:00-06:00,30.78,38.35,26.18,74.65,100.00,32.00,1023.81,1026.50,1020.20,1.21,3.58,0.00,8.95,2022-02-06T13:00:00-06:00,36.9,NE,NNE,0.0000,0.0000,0.0,0,,,2.600,5.00
2022-02-07,2022,2,7,38,288,1440.0,100.0,43.80,57.92,2022-02-07T14:45:00-06:00,34.88,2022-02-07T00:00:00-06:00,34.30,37.07,31.05,72.42,100.00,38.00,1022.89,1025.00,1020.10,1.20,3.80,0.00,7.83,2022-02-07T14:40:00-06:00,18.4,NNE,NNE,0.0000,0.0000,0.0,0,,,2.580,5.00
2022-02-08,2022,2,8,39,288,1440.0,100.0,44.72,62.24,2022-02-08T14:00:00-06:00,32.90,2022-02-08T07:10:00-06:00,35.23,39.90,31.06,74.57,100.00,32.00,1022.27,1025.00,1019.40,1.11,3.13,0.00,7.83,2022-02-08T11:25:00-06:00,31.5,NNE,NNE,0.0000,0.0000,0.0,0,,,2.600,5.00
2022-02-09,2022,2,9,40,288,1440.0,100.0,46.25,65.48,2022-02-09T13:00:00-06:00,29.30,2022-02-09T06:00:00-06:00,36.09,40.29,29.30,73.57,100.00,35.00,1019.19,1021.60,1016.80,1.23,4.47,0.00,10.96,2022-02-09T15:10:00-06:00,170.3,S,NNE,0.0000,0.0000,0.0,0,,,2.600,5.00
2022-02-10,2022,2,10,41,288,1440.0,100.0,49.28,68.72,2022-02-10T13:10:00-06:00,32.18,2022-02-10T06:50:00-06:00,38.63,45.23,31.93,72.92,100.00,33.00,1018.59,1021.50,1016.20,1.31,5.37,0.00,10.96,2022-02-10T13:50:00-06:00,165.1,SSE,NNE,0.0000,0.0000,0.0,0,,,2.580,5.00
2022-02-11,2022,2,11,42,288,1440.0,100.0,51.95,70.70,2022-02-11T13:50:00-06:00,35.06,2022-02-11T06:55:00-06:00,41.07,45.80,34.81,72.80,100.00,31.00,1016.17,1018.10,1013.50,1.36,4.25,0.00,12.53,2022-02-11T14:25:00-06:00,141.7,SE,NNE,0.0000,0.0000,0.0,0,,,2.590,5.00
2022-02-12,2022,2,12,43,288,1440.0,100.0,55.19,72.50,2022-02-12T14:05:00-06:00,39.74,2022-02-12T07:15:00-06:00,44.59,52.04,32.90,71.57,99.00,39.00,1018.59,1022.40,1016.10,1.55,5.59,0.00,10.51,2022-02-12T21:30:00-06:00,14.5,NNE,NNE,0.0000,0.0000,0.0,0,,,2.590,5.00
2022-02-13,2022,2,13,44,288,1440.0,100.0,42.90,56.66,2022-02-13T15:25:00-06:00,32.00,2022-02-13T23:55:00-06:00,28.89,36.64,21.56,62.39,98.00,28.00,1025.28,1027.60,1022.00,2.19,4.92,0.00,11.63,2022-02-13T14:40:00-06:00,10.1,N,N,0.0724,0.0724,90.0,0,,,2.590,5.00
2022-02-14,2022,2,14,45,288,1440.0,100.0,45.94,66.02,2022-02-14T13:35:00-06:00,28.04,2022-02-14T05:55:00-06:00,33.85,41.14,27.80,68.66,100.00,32.00,1026.64,1028.90,1024.20,1.13,4.25,0.00,9.62,2022-02-14T15:25:00-06:00,174.0,S,S,0.0000,0.0000,0.0,0,,,2.590,5.00
2022-02-15,2022,2,15,46,288,1440.0,100.0,51.60,68.00,2022-02-15T13:45:00-06:00,32.72,2022-02-15T07:00:00-06:00,43.04,50.86,32.47,75.91,100.00,46.00,1026.59,1029.20,1024.50,1.84,5.14,0.00,14.76,2022-02-15T14:25:00-06:00,91.2,E,NNE,0.0000,0.0000,0.0,0,,,2.590,5.00
2022-02-16,2022,2,16,47,288,1440.0,100.0,64.04,76.10,2022-02-16T13:00:00-06:00,49.82,2022-02-16T03:15:00-06:00,58.20,66.02,49.00,82.44,99.00,62.00,1020.75,1024.70,1017.20,2.12,5.14,0.00,17.22,2022-02-16T14:15:00-06:00,116.9,ESE,NE,0.0000,0.0000,0.0,0,,,2.580,5.00
2022-02-17,2022,2,17,48,288,1440.0,100.0,71.05,77.54,2022-02-17T13:55:00-06:00,61.88,2022-02-17T23:55:00-06:00,68.56,71.77,58.82,92.03,100.00,80.00,1013.95,1017.10,1010.50,3.03,7.61,0.00,17.90,2022-02-17T13:55:00-06:00,179.7,S,S,0.4733,0.4733,170.0,70,11.48,2.49,2.570,5.00
2022-02-18,2022,2,18,49,288,1440.0,100.0,48.50,61.88,2022-02-18T00:00:00-06:00,42.08,2022-02-18T23:55:00-06:00,42.22,58.29,36.67,79.32,90.00,60.00,1021.47,1024.90,1016.40,2.62,4.92,0.00,11.41,2022-02-18T03:20:00-06:00,10.7,N,N,0.0000,0.0000,0.0,0,,,2.550,5.00
2022-02-19,2022,2,19,50,288,1440.0,100.0,47.53,63.32,2022-02-19T14:20:00-06:00,33.80,2022-02-19T07:00:00-06:00,34.13,39.26,27.87,65.02,96.00,30.00,1026.30,1029.20,1024.30,2.03,5.59,0.00,10.96,2022-02-19T11:40:00-06:00,21.0,NNE,NNE,0.0000,0.0000,0.0,0,,,2.590,5.00
2022-02-20,2022,2,20,51,288,1440.0,100.0,53.82,69.44,2022-02-20T15:00:00-06:00,35.60,2022-02-20T06:20:00-06:00,45.04,55.05,34.42,74.80,99.00,47.00,1023.47,1025.90,1020.80,1.61,3.80,0.00,10.07,2022-02-20T14:20:00-06:00,90.3,E,NNE,0.0000,0.0000,0.0,0,,,2.600,5.00
2022-02-21,2022,2,21,52,288,1440.0,100.0,67.38,78.08,2022-02-21T14:40:00-06:00,56.66,2022-02-21T01:10:00-06:00,63.73,68.83,54.29,88.53,98.00,72.00,1018.34,1020.90,1016.10,1.94,5.37,0.00,12.30,2022-02-21T12:50:00-06:00,173.1,S,S,0.0000,0.0000,0.0,0,,,2.580,5.00
2022-02-22,2022,2,22,53,288,1440.0,100.0,73.70,81.50,2022-02-22T13:55:00-06:00,69.80,2022-02-22T00:00:00-06:00,70.28,72.29,68.30,89.55,98.00,73.00,1017.74,1019.70,1016.20,2.61,5.37,0.00,13.42,2022-02-22T14:30:00-06:00,180.0,S,S,0.0000,0.0000,10.0,0,,,2.570,5.00
2022-02-23,2022,2,23,54,288,1440.0,100.0,72.20,81.86,2022-02-23T13:30:00-06:00,66.02,2022-02-23T22:25:00-06:00,69.08,71.42,65.62,90.82,100.00,64.00,1019.73,1021.90,1017.60,1.38,4.03,0.00,12.97,2022-02-23T14:55:00-06:00,166.0,SSE,SSE,0.0000,0.0000,20.0,0,,,2.580,5.00
2022-02-24,2022,2,24,55,288,1440.0,100.0,73.04,80.42,2022-02-24T13:10:00-06:00,66.74,2022-02-24T00:00:00-06:00,69.25,71.64,66.16,88.60,99.00,71.00,1018.55,1020.10,1016.40,1.80,5.37,0.00,14.32,2022-02-24T15:20:00-06:00,170.9,S,S,0.0000,0.0000,0.0,0,,,2.580,5.00
2022-02-25,2022,2,25,56,288,1440.0,100.0,53.56,71.06,2022-02-25T00:45:00-06:00,47.12,2022-02-25T08:50:00-06:00,49.81,70.22,42.32,87.38,99.00,76.00,1024.64,1027.10,1019.50,2.99,5.37,0.00,10.07,2022-02-25T03:40:00-06:00,19.0,NNE,NNE,0.1671,0.1671,85.0,0,,,2.570,5.00
2022-02-26,2022,2,26,57,288,1440.0,100.0,54.87,63.86,2022-02-26T15:50:00-06:00,48.02,2022-02-26T00:05:00-06:00,49.02,55.11,42.47,80.78,90.00,70.00,1024.54,1027.30,1021.70,1.85,3.58,0.00,6.93,2022-02-26T00:50:00-06:00,28.6,NNE,NNE,0.0000,0.0000,0.0,0,,,2.540,5.00
2022-02-27,2022,2,27,58,288,1440.0,100.0,53.51,63.14,2022-02-27T14:05:00-06:00,44.24,2022-02-27T23:20:00-06:00,48.94,54.83,39.41,85.02,99.00,66.00,1021.79,1024.10,1019.50,2.27,5.14,0.00,8.50,2022-02-27T15:55:00-06:00,11.1,N,NNE,0.4664,0.4664,125.0,0,,,2.540,5.00
2022-02-28,2022,2,28,59,288,1440.0,100.0,50.32,65.66,2022-02-28T15:10:00-06:00,37.22,2022-02-28T06:25:00-06:00,38.00,39.87,34.94,67.26,99.00,33.00,1022.15,1024.80,1019.10,1.99,4.92,0.00,10.07,2022-02-28T11:55:00-06:00,14.3,NNE,N,0.0000,0.0000,0.0,0,,,2.580,5.00
2022-03-01,2022,3,1,60,288,1440.0,100.0,51.50,71.60,2022-03-01T14:15:00-06:00,35.42,2022-03-01T06:05:00-06:00,39.68,44.87,34.91,69.61,98.00,31.00,1021.31,1023.60,1019.00,1.23,5.37,0.00,9.40,2022-03-01T15:45:00-06:00,72.0,ENE,NNE,0.0000,0.0000,0.0,0,,,2.600,5.00
2022-03-02,2022,3,2,61,288,1440.0,100.0,55.00,74.66,2022-03-02T13:20:00-06:00,38.66,2022-03-02T04:30:00-06:00,41.60,45.27,37.98,67.69,98.00,31.00,1020.91,1023.20,1019.10,1.36,6.26,0.00,10.74,2022-03-02T15:10:00-06:00,118.5,ESE,NNE,0.0000,0.0000,0.0,0,,,2.600,5.00
2022-03-03,2022,3,3,62,287,1435.0,99.7,57.39,75.56,2022-03-03T14:30:00-06:00,44.42,2022-03-03T02:15:00-06:00,44.41,48.76,41.07,67.50,97.00,31.00,1020.95,1022.80,1019.10,1.22,4.92,0.00,11.63,2022-03-03T15:00:00-06:00,108.5,ESE,NNE,0.0000,0.0000,0.0,0,,,2.590,5.00
2022-03-04,2022,3,4,63,288,1440.0,100.0,58.06,75.74,2022-03-04T12:55:00-06:00,39.38,2022-03-04T06:25:00-06:00,46.31,52.76,38.86,70.87,99.00,28.00,1021.50,1024.00,1019.50,1.39,4.92,0.00,12.97,2022-03-04T14:05:00-06:00,148.3,SSE,NNE,0.0000,0.0000,0.0,0,,,2.590,5.00
2022-03-05,2022,3,5,64,287,1435.0,99.7,67.61,78.44,2022-03-05T12:40:00-06:00,51.98,2022-03-05T00:40:00-06:00,62.53,68.09,50.87,84.90,98.00,62.00,1019.86,1021.10,1018.40,1.92,5.37,0.00,14.09,2022-03-05T15:20:00-06:00,148.0,SSE,SSE,0.0000,0.0000,0.0,0,,,2.580,5.00
2022-03-06,2022,3,6,65,288,1440.0,100.0,73.66,80.96,2022-03-06T13:25:00-06:00,68.72,2022-03-06T01:45:00-06:00,69.27,70.85,67.10,86.75,97.00,68.00,1018.44,1020.50,1015.70,2.47,5.14,0.00,13.42,2022-03-06T12:45:00-06:00,154.6,SSE,SSE,0.0000,0.0000,0.0,0,,,2.570,5.00
2022-03-07,2022,3,7,66,287,1435.0,99.7,72.56,83.84,2022-03-07T12:30:00-06:00,59.36,2022-03-07T23:55:00-06:00,65.34,71.62,52.64,79.11,99.00,62.00,1015.83,1017.40,1014.20,2.05,5.14,0.00,11.63,2022-03-07T12:10:00-06:00,148.4,SSE,NNE,0.0759,0.0759,35.0,0,,,2.580,5.00
2022-03-08,2022,3,8,67,287,1435.0,99.7,57.61,62.24,2022-03-08T16:05:00-06:00,53.42,2022-03-08T07:00:00-06:00,52.46,57.21,47.41,83.10,98.00,77.00,1013.67,1016.80,1010.00,2.25,4.25,0.00,8.95,2022-03-08T06:45:00-06:00,31.3,NNE,NNE,0.0110,0.0110,5.0,20,13.48,3.73,2.550,5.00
2022-03-09,2022,3,9,68,268,1340.0,93.1,50.82,54.86,2022-03-09T16:20:00-06:00,46.76,2022-03-09T07:10:00-06:00,46.60,52.67,43.57,85.75,97.00,73.00,1013.74,1016.40,1009.60,2.51,5.37,0.00,9.40,2022-03-09T09:10:00-06:00,21.7,NNE,NNE,0.0000,0.0000,0.0,0,,,2.500,5.00
2022-03-10,2022,3,10,69,287,1435.0,99.7,58.58,74.84,2022-03-10T15:00:00-06:00,49.10,2022-03-10T06:40:00-06:00,49.80,56.48,46.45,75.68,99.00,40.00,1013.79,1015.80,1011.20,1.81,4.03,0.00,9.17,2022-03-10T12:15:00-06:00,30.2,NNE,NNE,0.0000,0.0000,0.0,0,,,2.480,5.00
2022-03-11,2022,3,11,70,288,1440.0,100.0,60.97,71.96,2022-03-11T11:45:00-06:00,44.42,2022-03-11T23:55:00-06:00,59.24,67.23,41.09,94.20,99.00,81.00,1010.54,1014.70,1006.60,1.34,5.37,0.00,11.41,2022-03-11T23:35:00-06:00,28.1,NNE,NNE,0.3420,0.3420,135.0,197,9.95,0.62,2.580,5.00
2022-03-12,2022,3,12,71,287,1435.0,99.7,41.70,51.62,2022-03-12T15:10:00-06:00,33.44,2022-03-12T06:20:00-06:00,24.81,40.20,15.44,54.39,89.00,27.00,1024.08,1029.10,1014.70,3.62,7.16,0.00,14.09,2022-03-12T02:25:00-06:00,12.3,NNE,NNE,0.0000,0.0000,0.0,0,,,2.550,5.00
2022-03-13,2022,3,13,72,276,1380.0,100.0,42.90,57.56,2022-03-13T17:00:00-05:00,27.86,2022-03-13T07:30:00-05:00,28.02,38.67,19.07,58.94,95.00,31.00,1028.20,1030.80,1025.40,1.69,4.70,0.00,12.08,2022-03-13T14:30:00-05:00,110.3,ESE,NNE,0.0000,0.0000,0.0,0,,,2.600,5.00
2022-03-14,2022,3,14,73,288,1440.0,100.0,54.90,71.60,2022-03-14T16:15:00-05:00,37.58,2022-03-14T03:35:00-05:00,46.94,59.53,37.25,77.44,99.00,48.00,1023.22,1026.80,1019.90,2.05,4.47,0.00,17.22,2022-03-14T13:30:00-05:00,88.2,E,NNE,0.0000,0.0000,0.0,0,,,2.590,5.00
2022-03-15,2022,3,15,74,287,1435.0,99.7,64.61,75.38,2022-03-15T15:40:00-05:00,56.66,2022-03-15T07:55:00-05:00,58.58,63.03,54.84,82.61,99.00,53.00,1014.94,1020.30,1011.90,1.46,3.58,0.00,8.95,2022-03-15T14:10:00-05:00,151.5,SSE,S,1.2564,1.2564,180.0,1217,9.70,0.62,2.590,5.00
2022-03-16,2022,3,16,75,288,1440.0,100.0,57.99,66.56,2022-03-16T17:55:00-05:00,50.90,2022-03-16T23:45:00-05:00,54.41,56.69,50.63,88.77,100.00,68.00,1014.23,1016.60,1012.60,0.81,3.58,0.00,7.16,2022-03-16T15:05:00-05:00,85.0,E,NNE,0.0000,0.0000,0.0,0,,,2.580,5.00
2022-03-17,2022,3,17,76,287,1435.0,99.7,60.54,75.92,2022-03-17T15:20:00-05:00,46.04,2022-03-17T05:00:00-05:00,54.42,60.78,45.77,82.75,100.00,50.00,1013.23,1015.50,1011.00,1.54,4.70,0.00,14.32,2022-03-17T13:25:00-05:00,156.2,SSE,S,0.0000,0.0000,0.0,0,,,2.560,5.00
2022-03-18,2022,3,18,77,288,1440.0,100.0,74.05,86.36,2022-03-18T15:20:00-05:00,61.88,2022-03-18T23:55:00-05:00,61.26,71.61,45.15,68.94,99.00,30.00,1008.98,1014.40,1006.80,2.89,6.93,0.00,17.45,2022-03-18T11:15:00-05:00,217.7,SW,WSW,0.4057,0.4057,165.0,956,14.67,2.49,2.580,5.00
2022-03-19,2022,3,19,78,288,1440.0,100.0,59.35,71.78,2022-03-19T15:20:00-05:00,45.68,2022-03-19T23:55:00-05:00,41.68,48.72,35.00,54.29,83.00,31.00,1018.72,1022.00,1014.40,1.63,4.47,0.00,8.95,2022-03-19T12:45:00-05:00,7.0,N,N,0.0000,0.0000,0.0,11,11.02,2.49,2.600,5.00
2022-03-20,2022,3,20,79,287,1435.0,99.7,56.06,76.10,2022-03-20T14:10:00-05:00,37.40,2022-03-20T07:15:00-05:00,43.47,51.47,37.14,68.72,99.00,31.00,1022.27,1025.50,1020.00,1.55,6.04,0.00,12.75,2022-03-20T15:15:00-05:00,101.5,ESE,NNE,0.0000,0.0000,0.0,0,,,2.600,5.00
2022-03-21,2022,3,21,80,288,1440.0,100.0,62.00,75.92,2022-03-21T13:50:00-05:00,45.68,2022-03-21T06:00:00-05:00,54.03,64.22,45.41,77.85,99.00,50.00,1017.31,1021.20,1012.40,2.37,4.92,0.00,19.68,2022-03-21T10:50:00-05:00,103.4,ESE,ESE,0.0000,0.0000,0.0,0,,,2.600,5.00
2022-03-22,2022,3,22,81,287,1435.0,99.7,72.04,77.36,2022-03-22T13:15:00-05:00,64.40,2022-03-22T23:55:00-05:00,68.96,71.44,63.23,90.22,99.00,79.00,1007.49,1012.40,1003.20,3.81,7.38,0.00,20.58,2022-03-22T13:30:00-05:00,185.0,S,S,0.5068,0.5068,265.0,1497,10.17,1.24,2.560,5.00
2022-03-23,2022,3,23,82,288,1440.0,100.0,59.09,70.52,2022-03-23T16:15:00-05:00,48.20,2022-03-23T23:50:00-05:00,48.67,63.23,43.06,71.34,99.00,41.00,1010.20,1014.70,1006.80,2.13,7.61,0.00,10.29,2022-03-23T06:10:00-05:00,251.0,WSW,WSW,0.0000,0.0000,0.0,0,,,2.540,5.00
2022-03-24,2022,3,24,83,288,1440.0,100.0,58.28,71.42,2022-03-24T14:25:00-05:00,41.00,2022-03-24T07:20:00-05:00,44.16,51.89,36.40,64.55,100.00,32.00,1013.64,1016.30,1010.80,1.75,6.49,0.00,15.21,2022-03-24T14:10:00-05:00,198.3,SSW,SSW,0.0000,0.0000,0.0,0,,,2.600,5.00
2022-03-25,2022,3,25,84,287,1435.0,99.7,58.97,75.74,2022-03-25T15:40:00-05:00,41.18,2022-03-25T07:10:00-05:00,43.41,48.18,40.67,62.01,100.00,30.00,1015.89,1018.30,1013.70,1.11,3.13,0.00,10.96,2022-03-25T13:15:00-05:00,305.2,NW,NNE,0.0000,0.0000,0.0,0,,,2.600,5.00
2022-03-26,2022,3,26,85,288,1440.0,100.0,62.21,80.06,2022-03-26T14:40:00-05:00,42.80,2022-03-26T06:55:00-05:00,47.34,55.64,42.54,64.38,100.00,29.00,1017.21,1019.50,1014.90,1.22,4.47,0.00,10.51,2022-03-26T15:15:00-05:00,195.7,SSW,NNE,0.0000,0.0000,0.0,0,,,2.600,5.00
2022-03-27,2022,3,27,86,287,1435.0,99.7,64.89,80.60,2022-03-27T15:20:00-05:00,46.22,2022-03-27T06:55:00-05:00,55.22,61.97,45.95,74.38,100.00,42.00,1017.09,1019.00,1014.90,1.55,4.70,0.00,11.86,2022-03-27T16:10:00-05:00,196.9,SSW,SSW,0.0000,0.0000,0.0,0,,,2.600,5.00
2022-03-28,2022,3,28,87,288,1440.0,100.0,67.73,81.14,2022-03-28T16:00:00-05:00,55.94,2022-03-28T05:15:00-05:00,62.17,67.12,55.66,84.44,100.00,54.00,1018.11,1021.00,1016.40,1.30,5.37,0.00,12.97,2022-03-28T14:50:00-05:00,196.5,SSW,S,0.0000,0.0000,0.0,0,,,2.580,5.00
2022-03-29,2022,3,29,88,287,1435.0,99.7,71.26,81.32,2022-03-29T13:55:00-05:00,60.44,2022-03-29T05:40:00-05:00,65.00,68.75,60.16,82.47,100.00,57.00,1015.44,1018.90,1011.80,2.00,5.59,0.00,14.09,2022-03-29T12:30:00-05:00,187.3,S,S,0.0000,0.0000,0.0,0,,,2.590,5.00
2022-03-30,2022,3,30,89,287,1435.0,99.7,71.61,78.44,2022-03-30T11:50:00-05:00,59.36,2022-03-30T20:10:00-05:00,67.24,70.69,58.97,86.81,99.00,69.00,1006.08,1011.70,999.30,3.65,9.62,0.00,26.62,2022-03-30T15:40:00-05:00,182.7,S,S,1.6363,1.6363,165.0,2460,10.47,1.24,2.580,5.00
2022-03-31,2022,3,31,90,288,1440.0,100.0,61.30,74.30,2022-03-31T16:10:00-05:00,51.80,2022-03-31T07:25:00-05:00,51.33,60.34,45.19,73.86,99.00,36.00,1008.68,1013.20,1005.30,2.79,18.34,0.00,36.46,2022-03-31T00:05:00-05:00,216.4,SW,SW,0.0000,0.0000,0.0,0,,,2.550,5.00
2022-04-01,2022,4,1,91,287,1435.0,99.7,59.76,76.46,2022-04-01T16:50:00-05:00,45.68,2022-04-01T06:30:00-05:00,47.81,51.93,43.93,69.80,100.00,33.00,1015.16,1017.50,1013.20,1.26,4.25,0.00,9.62,2022-04-01T13:55:00-05:00,33.6,NNE,NNE,0.0000,0.0000,0.0,0,,,2.600,5.00
2022-04-02,2022,4,2,92,288,1440.0,100.0,61.60,76.82,2022-04-02T16:25:00-05:00,50.72,2022-04-02T01:50:00-05:00,51.95,56.44,47.62,74.83,99.00,37.00,1014.74,1017.10,1012.60,1.23,3.13,0.00,8.05,2022-04-02T15:05:00-05:00,48.8,NE,NNE,0.0184,0.0184,20.0,69,11.69,4.35,2.590,5.00
2022-04-03,2022,4,3,93,287,1435.0,99.7,64.26,81.32,2022-04-03T14:50:00-05:00,48.02,2022-04-03T06:50:00-05:00,53.64,59.52,47.75,73.61,100.00,37.00,1014.19,1016.60,1011.40,0.93,3.36,0.00,8.28,2022-04-03T15:40:00-05:00,61.7,ENE,NNE,0.0000,0.0000,0.0,0,,,2.600,5.00
2022-04-04,2022,4,4,94,288,1440.0,100.0,66.96,82.40,2022-04-04T14:25:00-05:00,50.54,2022-04-04T06:25:00-05:00,58.77,65.99,50.27,78.40,100.00,43.00,1011.10,1013.60,1007.90,1.34,4.47,0.00,10.51,2022-04-04T17:55:00-05:00,132.9,SE,NNE,0.0000,0.0000,0.0,4,7.46,4.97,2.600,5.00
2022-04-05,2022,4,5,95,287,1435.0,99.7,73.35,80.96,2022-04-05T16:20:00-05:00,63.68,2022-04-05T11:50:00-05:00,70.65,74.02,62.60,91.67,100.00,74.00,1005.10,1008.30,1003.00,1.94,4.70,0.00,15.66,2022-04-05T09:15:00-05:00,194.8,SSW,S,0.1609,0.1609,170.0,1831,12.52,3.11,2.570,5.00
2022-04-06,2022,4,6,96,287,1435.0,99.7,78.12,88.52,2022-04-06T16:20:00-05:00,67.46,2022-04-06T23:55:00-05:00,71.84,74.88,55.71,82.28,98.00,59.00,1004.90,1009.70,1002.60,1.71,4.70,0.00,11.63,2022-04-06T11:15:00-05:00,204.9,SSW,SSW,0.0000,0.0000,0.0,0,,,2.590,5.00
2022-04-07,2022,4,7,97,288,1440.0,100.0,63.74,73.76,2022-04-07T14:40:00-05:00,51.44,2022-04-07T23:55:00-05:00,44.06,55.36,35.41,51.77,93.00,29.00,1013.05,1016.20,1009.70,1.41,3.58,0.00,12.30,2022-04-07T10:05:00-05:00,321.2,NW,NNE,0.0000,0.0000,0.0,0,,,2.590,5.00
2022-04-08,2022,4,8,98,287,1435.0,99.7,56.86,69.44,2022-04-08T15:20:00-05:00,43.16,2022-04-08T05:25:00-05:00,39.21,43.15,35.51,56.31,92.00,30.00,1015.47,1017.40,1012.80,1.31,4.03,0.00,12.08,2022-04-08T16:05:00-05:00,224.9,SW,SW,0.0000,0.0000,0.0,0,,,2.600,5.00
2022-04-09,2022,4,9,99,288,1440.0,100.0,56.35,73.58,2022-04-09T16:05:00-05:00,38.30,2022-04-09T06:50:00-05:00,39.90,45.93,34.99,59.71,99.00,26.00,1018.01,1021.00,1015.40,1.22,4.70,0.00,12.30,2022-04-09T12:20:00-05:00,120.9,ESE,NNE,0.0000,0.0000,0.0,0,,,2.600,5.00
2022-04-10,2022,4,10,100,288,1440.0,100.0,62.41,77.18,2022-04-10T14:15:00-05:00,44.78,2022-04-10T06:10:00-05:00,52.84,59.74,44.52,74.29,100.00,44.00,1016.17,1018.20,1014.40,1.82,4.70,0.00,15.43,2022-04-10T13:25:00-05:00,180.6,S,SSW,0.0000,0.0000,0.0,0,,,2.600,5.00
2022-04-11,2022,4,11,101,287,1435.0,99.7,66.92,73.40,2022-04-11T10:05:00-05:00,60.98,2022-04-11T01:25:00-05:00,64.69,68.25,58.87,92.75,100.00,78.00,1014.93,1018.30,1012.20,1.25,5.37,0.00,14.54,2022-04-11T15:05:00-05:00,182.6,S,S,0.2837,0.2837,240.0,39,8.08,1.24,2.570,5.00
2022-04-12,2022,4,12,102,288,1440.0,100.0,70.26,77.18,2022-04-12T14:25:00-05:00,61.52,2022-04-12T02:25:00-05:00,68.11,71.53,61.24,93.28,100.00,81.00,1014.87,1016.70,1011.10,1.08,3.58,0.00,12.53,2022-04-12T23:35:00-05:00,162.7,SSE,S,0.3485,0.3485,185.0,188,14.42,0.62,2.540,5.00
2022-04-13,2022,4,13,103,287,1435.0,99.7,74.77,81.68,2022-04-13T14:50:00-05:00,64.58,2022-04-13T23:30:00-05:00,69.69,71.65,64.58,84.95,100.00,69.00,1011.14,1014.20,1007.80,2.22,4.03,0.00,13.65,2022-04-13T00:10:00-05:00,196.4,SSW,SSW,1.8594,1.8594,260.0,2009,8.96,1.24,2.530,5.00
2022-04-14,2022,4,14,104,287,1435.0,99.7,69.03,80.24,2022-04-14T16:10:00-05:00,60.44,2022-04-14T08:00:00-05:00,64.11,68.77,58.10,85.74,100.00,60.00,1015.03,1017.00,1011.80,1.71,4.70,0.00,8.50,2022-04-14T04:45:00-05:00,209.0,SSW,SW,0.1315,0.1315,110.0,98,12.12,2.49,2.560,5.00
2022-04-15,2022,4,15,105,287,1435.0,99.7,70.56,77.18,2022-04-15T16:25:00-05:00,64.94,2022-04-15T06:15:00-05:00,64.12,70.20,54.30,80.76,99.00,65.00,1015.52,1017.40,1013.50,1.29,3.13,0.00,8.95,2022-04-15T15:25:00-05:00,82.8,E,NNE,0.0000,0.0000,0.0,0,,,2.600,5.00
2022-04-16,2022,4,16,106,286,1430.0,99.3,75.64,86.36,2022-04-16T14:10:00-05:00,67.82,2022-04-16T00:30:00-05:00,70.76,74.38,66.16,86.00,100.00,66.00,1013.64,1015.40,1011.20,1.34,4.47,0.00,10.51,2022-04-16T13:10:00-05:00,203.8,SSW,SSW,0.0000,0.0000,0.0,309,16.48,1.24,2.580,5.00
2022-04-17,2022,4,17,107,288,1440.0,100.0,74.94,84.20,2022-04-17T15:00:00-05:00,64.76,2022-04-17T23:10:00-05:00,69.77,73.91,64.18,85.16,100.00,66.00,1011.74,1014.50,1007.50,1.21,3.58,0.00,9.40,2022-04-17T22:35:00-05:00,207.3,SSW,SSW,0.6301,0.6301,65.0,887,8.38,1.24,2.590,5.00
2022-04-18,2022,4,18,108,288,1440.0,100.0,65.19,67.82,2022-04-18T12:20:00-05:00,53.78,2022-04-18T23:55:00-05:00,60.62,67.64,51.60,85.88,100.00,65.00,1016.61,1021.40,1012.00,1.54,4.47,0.00,9.40,2022-04-18T17:35:00-05:00,17.9,NNE,NNE,0.0918,0.0918,25.0,122,9.55,1.24,2.580,5.00
2022-04-19,2022,4,19,109,288,1440.0,100.0,58.61,73.04,2022-04-19T16:15:00-05:00,47.30,2022-04-19T06:50:00-05:00,48.49,52.63,41.73,73.73,100.00,38.00,1021.56,1023.90,1019.30,1.20,3.80,0.00,9.40,2022-04-19T14:50:00-05:00,64.5,ENE,NNE,0.0000,0.0000,0.0,0,,,2.600,5.00
2022-04-20,2022,4,20,110,287,1435.0,99.7,64.45,76.10,2022-04-20T13:50:00-05:00,49.64,2022-04-20T02:40:00-05:00,58.80,66.34,49.26,82.94,100.00,67.00,1019.02,1020.20,1017.20,1.73,4.25,0.00,13.42,2022-04-20T17:50:00-05:00,115.2,ESE,NNE,0.0000,0.0000,0.0,0,,,2.600,5.00
2022-04-21,2022,4,21,111,288,1440.0,100.0,72.57,84.20,2022-04-21T14:15:00-05:00,62.78,2022-04-21T05:50:00-05:00,66.05,69.81,62.78,81.72,100.00,56.00,1021.84,1024.10,1019.00,1.16,3.13,0.00,11.18,2022-04-21T12:15:00-05:00,145.8,SE,S,0.0000,0.0000,0.0,0,,,2.600,5.00
2022-04-22,2022,4,22,112,288,1440.0,100.0,70.83,84.02,2022-04-22T15:25:00-05:00,60.80,2022-04-22T06:35:00-05:00,63.82,68.04,60.52,80.85,100.00,54.00,1022.93,1025.20,1020.90,1.10,3.36,0.00,10.74,2022-04-22T12:15:00-05:00,131.5,SE,ENE,0.0000,0.0000,0.0,0,,,2.600,5.00
2022-04-23,2022,4,23,113,287,1435.0,99.7,70.63,81.86,2022-04-23T12:25:00-05:00,59.36,2022-04-23T03:45:00-05:00,65.18,69.76,59.08,84.33,100.00,65.00,1018.35,1021.30,1015.90,1.50,3.58,0.00,12.30,2022-04-23T12:25:00-05:00,154.8,SSE,SE,0.0000,0.0000,0.0,0,,,2.600,5.00
2022-04-24,2022,4,24,114,287,1435.0,99.7,73.05,84.02,2022-04-24T14:55:00-05:00,62.96,2022-04-24T06:35:00-05:00,68.19,71.79,62.96,85.97,100.00,64.00,1016.18,1017.50,1014.80,1.19,3.36,0.00,17.22,2022-04-24T15:40:00-05:00,137.2,SE,S,0.0295,0.0295,10.0,0,,,2.600,5.00
2022-04-25,2022,4,25,115,287,1435.0,99.7,74.05,84.92,2022-04-25T16:05:00-05:00,66.74,2022-04-25T23:20:00-05:00,69.53,72.46,66.74,87.49,100.00,57.00,1017.12,1019.80,1015.00,0.96,4.03,0.00,8.28,2022-04-25T11:20:00-05:00,175.6,S,S,0.3333,0.3333,125.0,219,16.62,3.11,2.600,5.00
2022-04-26,2022,4,26,116,288,1440.0,100.0,67.69,75.02,2022-04-26T17:35:00-05:00,60.44,2022-04-26T23:55:00-05:00,63.17,67.28,55.30,86.35,100.00,64.00,1020.48,1022.50,1017.90,1.10,2.91,0.00,6.71,2022-04-26T09:00:00-05:00,20.5,NNE,NNE,0.0000,0.0000,0.0,0,,,2.580,5.00
2022-04-27,2022,4,27,117,286,1430.0,99.3,64.50,80.60,2022-04-27T16:55:00-05:00,51.62,2022-04-27T06:35:00-05:00,53.16,57.00,49.37,70.24,97.00,39.00,1019.64,1022.40,1016.20,1.11,2.91,0.00,8.50,2022-04-27T10:00:00-05:00,30.2,NNE,NNE,0.0000,0.0000,0.0,0,,,2.600,5.00
2022-04-28,2022,4,28,118,287,1435.0,99.7,64.29,81.14,2022-04-28T14:55:00-05:00,48.20,2022-04-28T06:40:00-05:00,51.63,56.21,44.60,69.56,100.00,30.00,1016.19,1018.70,1013.60,0.94,3.58,0.00,8.50,2022-04-28T14:30:00-05:00,145.1,SE,NNE,0.0000,0.0000,0.0,0,,,2.600,5.00
2022-04-29,2022,4,29,119,288,1440.0,100.0,68.13,82.76,2022-04-29T15:25:00-05:00,52.52,2022-04-29T02:55:00-05:00,60.18,67.75,52.25,78.88,100.00,49.00,1013.12,1014.90,1011.40,1.26,3.80,0.00,11.86,2022-04-29T13:45:00-05:00,158.3,SSE,NNE,0.0000,0.0000,0.0,0,,,2.600,5.00
2022-04-30,2022,4,30,120,287,1435.0,99.7,72.39,86.00,2022-04-30T14:50:00-05:00,56.30,2022-04-30T06:35:00-05:00,64.33,69.81,56.02,78.75,100.00,44.00,1012.50,1014.20,1010.80,1.06,4.47,0.00,10.74,2022-04-30T12:35:00-05:00,189.1,S,S,0.0000,0.0000,0.0,0,,,2.600,5.00
2022-05-01,2022,5,1,121,288,1440.0,100.0,74.08,85.28,2022-05-01T15:55:00-05:00,65.30,2022-05-01T09:35:00-05:00,69.47,72.80,65.01,86.73,100.00,62.00,1014.83,1017.40,1013.00,1.02,4.03,0.00,10.96,2022-05-01T12:10:00-05:00,188.8,S,S,0.4615,0.4615,90.0,770,14.28,3.73,2.600,5.00
2022-05-02,2022,5,2,122,287,1435.0,99.7,76.61,85.82,2022-05-02T13:40:00-05:00,68.36,2022-05-02T05:45:00-05:00,71.46,73.53,68.07,85.10,100.00,64.00,1014.76,1016.90,1012.60,1.13,3.58,0.00,9.40,2022-05-02T10:55:00-05:00,182.2,S,S,0.0000,0.0000,0.0,0,,,2.600,5.00
2022-05-03,2022,5,3,123,288,1440.0,100.0,77.46,86.90,2022-05-03T13:10:00-05:00,70.16,2022-05-03T23:55:00-05:00,71.68,74.67,69.27,83.63,99.00,63.00,1014.22,1016.20,1012.20,0.92,3.58,0.00,8.50,2022-05-03T08:50:00-05:00,186.2,S,S,0.0000,0.0000,0.0,75,12.66,1.86,2.590,5.00
2022-05-04,2022,5,4,124,288,1440.0,100.0,76.47,88.34,2022-05-04T14:45:00-05:00,65.84,2022-05-04T04:05:00-05:00,69.90,73.73,65.84,82.08,100.00,57.00,1015.04,1016.50,1013.60,0.86,3.36,0.00,8.50,2022-05-04T13:15:00-05:00,180.2,S,S,0.0000,0.0000,0.0,0,,,2.590,5.00
2022-05-05,2022,5,5,125,287,1435.0,99.7,77.26,86.90,2022-05-05T14:45:00-05:00,66.02,2022-05-05T05:30:00-05:00,71.44,75.47,66.02,83.63,100.00,62.00,1012.95,1015.40,1010.30,1.37,4.47,0.00,12.08,2022-05-05T17:00:00-05:00,189.8,S,S,0.0000,0.0000,10.0,477,18.86,1.86,2.600,5.00
2022-05-06,2022,5,6,126,282,1410.0,97.9,73.24,88.34,2022-05-06T15:55:00-05:00,63.32,2022-05-06T23:50:00-05:00,66.57,76.51,60.81,82.07,100.00,45.00,1009.90,1013.60,1007.20,0.97,3.58,0.00,7.83,2022-05-06T13:15:00-05:00,178.0,S,S,0.4589,0.4589,150.0,2759,8.44,1.86,2.580,5.00
2022-05-07,2022,5,7,127,287,1435.0,99.7,73.96,88.16,2022-05-07T15:30:00-05:00,59.36,2022-05-07T06:15:00-05:00,65.67,71.08,59.36,78.14,100.00,53.00,1008.82,1010.80,1006.60,0.59,2.46,0.00,6.49,2022-05-07T16:35:00-05:00,71.2,ENE,NNE,0.0000,0.0000,0.0,0,,,2.600,5.00
2022-05-08,2022,5,8,128,288,1440.0,100.0,75.85,87.62,2022-05-08T15:30:00-05:00,63.32,2022-05-08T06:45:00-05:00,68.47,75.07,59.88,78.76,96.00,63.00,1009.31,1011.00,1007.90,1.02,2.91,0.00,7.83,2022-05-08T14:15:00-05:00,122.9,ESE,NNE,0.0000,0.0000,0.0,0,,,2.600,5.00
2022-05-09,2022,5,9,129,288,1440.0,100.0,78.59,89.24,2022-05-09T13:20:00-05:00,69.80,2022-05-09T05:25:00-05:00,73.44,76.46,69.69,85.35,100.00,65.00,1012.81,1016.00,1009.80,1.09,2.91,0.00,12.97,2022-05-09T09:40:00-05:00,143.6,SE,S,0.0000,0.0000,0.0,0,,,2.600,5.00
2022-05-10,2022,5,10,130,287,1435.0,99.7,76.53,87.80,2022-05-10T15:55:00-05:00,67.28,2022-05-10T06:05:00-05:00,70.47,73.95,66.99,83.05,100.00,57.00,1017.82,1019.70,1015.80,0.83,2.68,0.00,7.16,2022-05-10T10:30:00-05:00,116.5,ESE,S,0.0000,0.0000,0.0,0,,,2.600,5.00
2022-05-11,2022,5,11,131,283,1415.0,98.3,75.75,89.24,2022-05-11T16:10:00-05:00,63.68,2022-05-11T06:00:00-05:00,68.97,74.18,63.39,81.55,100.00,55.00,1018.27,1020.90,1015.90,0.81,3.13,0.00,7.83,2022-05-11T13:00:00-05:00,53.2,NE,NNE,0.0000,0.0000,0.0,0,,,2.600,5.00
2022-05-12,2022,5,12,132,287,1435.0,99.7,78.57,89.42,2022-05-12T13:25:00-05:00,68.54,2022-05-12T01:55:00-05:00,71.18,74.89,67.83,80.11,100.00,55.00,1014.59,1017.20,1011.10,0.78,2.68,0.00,6.04,2022-05-12T14:35:00-05:00,150.4,SSE,S,0.0452,0.0452,50.0,383,18.32,3.11,2.600,5.00
2022-05-13,2022,5,13,133,287,1435.0,99.7,73.36,89.24,2022-05-13T13:30:00-05:00,66.38,2022-05-13T06:05:00-05:00,69.16,75.31,66.38,88.47,100.00,57.00,1012.50,1015.00,1009.90,8.83,42.05,0.00,50.33,2022-05-13T22:40:00-05:00,49.9,NE,NE,1.9302,1.9302,260.0,2591,7.03,1.24,2.590,5.00
2022-05-14,2022,5,14,134,286,1430.0,99.3,75.52,88.70,2022-05-14T15:20:00-05:00,63.68,2022-05-14T06:30:00-05:00,68.54,73.35,63.68,81.26,100.00,50.00,1012.98,1017.50,1010.90,1.96,14.09,0.00,27.07,2022-05-14T04:50:00-05:00,327.9,NNW,NW,0.0000,0.0000,0.0,433,18.13,3.73,2.570,5.00
2022-05-15,2022,5,15,135,287,1435.0,99.7,78.08,90.14,2022-05-15T14:35:00-05:00,67.28,2022-05-15T06:20:00-05:00,71.85,76.19,67.28,82.81,100.00,56.00,1012.34,1014.80,1009.40,0.73,3.36,0.00,10.07,2022-05-15T23:45:00-05:00,144.0,SE,S,0.1878,0.1878,20.0,153,16.57,1.86,2.600,5.00
2022-05-16,2022,5,16,136,258,1290.0,89.6,78.54,91.22,2022-05-16T15:15:00-05:00,67.64,2022-05-16T00:25:00-05:00,71.43,76.38,66.94,81.02,100.00,53.00,1011.80,1013.20,1010.10,0.74,2.68,0.00,8.05,2022-05-16T12:15:00-05:00,71.7,ENE,NE,0.0168,0.0168,55.0,61,14.85,3.73,2.600,5.00
2022-05-17,2022,5,17,137,287,1435.0,99.7,81.04,92.48,2022-05-17T16:55:00-05:00,72.68,2022-05-17T06:00:00-05:00,74.62,80.10,72.08,82.54,99.00,54.00,1013.34,1015.10,1011.80,0.54,3.13,0.00,6.49,2022-05-17T14:55:00-05:00,83.4,E,NE,0.0000,0.0000,0.0,39,16.81,4.97,2.600,5.00
2022-05-18,2022,5,18,138,288,1440.0,100.0,79.93,88.88,2022-05-18T15:15:00-05:00,72.14,2022-05-18T05:20:00-05:00,73.61,76.16,71.84,82.43,100.00,62.00,1013.63,1015.90,1011.30,0.91,3.58,0.00,9.62,2022-05-18T13:15:00-05:00,192.8,SSW,S,0.0000,0.0000,0.0,0,,,2.600,5.00
2022-05-19,2022,5,19,139,287,1435.0,99.7,80.77,88.16,2022-05-19T14:45:00-05:00,71.06,2022-05-19T06:25:00-05:00,73.16,76.02,70.65,78.64,99.00,61.00,1010.95,1013.60,1008.30,1.26,3.13,0.00,8.72,2022-05-19T18:35:00-05:00,187.1,S,S,0.0000,0.0000,0.0,0,,,2.600,5.00
2022-05-20,2022,5,20,140,288,1440.0,100.0,82.23,89.24,2022-05-20T15:20:00-05:00,75.92,2022-05-20T05:35:00-05:00,73.68,76.89,71.26,76.01,89.00,61.00,1009.77,1012.40,1008.20,1.75,4.03,0.00,9.40,2022-05-20T10:00:00-05:00,166.4,SSE,SSE,0.0000,0.0000,0.0,0,,,2.600,5.00
2022-05-21,2022,5,21,141,287,1435.0,99.7,79.68,88.16,2022-05-21T11:45:00-05:00,72.32,2022-05-21T23:50:00-05:00,75.51,79.06,69.86,87.40,100.00,74.00,1014.28,1016.60,1011.90,1.26,3.13,0.00,12.30,2022-05-21T16:20:00-05:00,150.1,SSE,SSE,0.1400,0.1400,200.0,3267,10.58,1.24,2.600,5.00
2022-05-22,2022,5,22,142,287,1435.0,99.7,74.40,85.82,2022-05-22T12:55:00-05:00,70.16,2022-05-22T05:05:00-05:00,72.87,76.78,69.87,95.33,100.00,72.00,1016.46,1019.20,1013.90,0.63,2.91,0.00,7.61,2022-05-22T13:30:00-05:00,347.0,NNW,N,1.7323,1.7323,170.0,147,7.52,0.62,2.580,5.00
2022-05-23,2022,5,23,143,288,1440.0,100.0,74.02,81.32,2022-05-23T14:35:00-05:00,69.44,2022-05-23T19:20:00-05:00,72.04,76.02,69.15,93.90,100.00,78.00,1014.67,1016.80,1012.30,0.76,3.13,0.00,9.62,2022-05-23T18:45:00-05:00,344.2,NNW,N,0.5910,0.5910,180.0,344,10.62,1.24,2.590,5.00
2022-05-24,2022,5,24,144,288,1440.0,100.0,77.37,87.08,2022-05-24T15:30:00-05:00,69.98,2022-05-24T04:15:00-05:00,73.97,77.85,69.69,89.94,100.00,73.00,1011.44,1013.70,1009.20,1.78,4.03,0.00,9.84,2022-05-24T13:40:00-05:00,181.5,S,S,1.3192,1.3192,305.0,829,11.36,1.24,2.570,5.00
2022-05-25,2022,5,25,145,288,1440.0,100.0,73.79,84.20,2022-05-25T10:15:00-05:00,69.44,2022-05-25T23:25:00-05:00,72.51,77.40,68.97,96.05,100.00,78.00,1010.84,1012.90,1008.80,2.26,9.62,0.00,11.86,2022-05-25T10:00:00-05:00,231.9,SW,WSW,1.3118,1.3118,300.0,5960,9.15,1.86,2.580,5.00
2022-05-26,2022,5,26,146,287,1435.0,99.7,75.06,86.90,2022-05-26T17:30:00-05:00,66.56,2022-05-26T23:50:00-05:00,66.97,70.70,60.09,79.35,100.00,42.00,1012.35,1014.80,1010.40,2.29,7.83,0.00,9.40,2022-05-26T07:00:00-05:00,262.7,W,WSW,0.1126,0.1126,165.0,216,20.16,4.35,2.550,5.00
2022-05-27,2022,5,27,147,287,1435.0,99.7,74.79,87.62,2022-05-27T15:10:00-05:00,63.14,2022-05-27T05:35:00-05:00,64.08,70.34,60.92,73.10,99.00,44.00,1012.36,1014.00,1010.20,0.78,2.91,0.00,9.17,2022-05-27T12:55:00-05:00,195.1,SSW,SSE,0.0000,0.0000,0.0,0,,,2.610,5.00
2022-05-28,2022,5,28,148,288,1440.0,100.0,72.51,86.18,2022-05-28T17:00:00-05:00,57.56,2022-05-28T06:10:00-05:00,63.13,67.99,57.28,75.62,99.00,45.00,1011.68,1013.90,1009.30,0.73,3.36,0.00,7.61,2022-05-28T12:20:00-05:00,34.9,NE,N,0.0000,0.0000,0.0,0,,,2.610,5.00
2022-05-29,2022,5,29,149,287,1435.0,99.7,75.61,87.62,2022-05-29T15:15:00-05:00,61.70,2022-05-29T06:00:00-05:00,66.70,71.94,61.40,76.68,100.00,44.00,1010.64,1012.10,1009.00,1.00,4.25,0.00,7.83,2022-05-29T14:00:00-05:00,161.8,SSE,NE,0.0000,0.0000,0.0,0,,,2.600,5.00
2022-05-30,2022,5,30,150,284,1420.0,98.6,78.97,89.06,2022-05-30T14:40:00-05:00,70.16,2022-05-30T02:45:00-05:00,72.07,75.14,68.44,80.97,99.00,55.00,1012.50,1014.30,1011.50,1.07,3.13,0.00,10.07,2022-05-30T12:55:00-05:00,118.8,ESE,E,0.0000,0.0000,0.0,3,9.94,9.94,2.600,5.00
2022-05-31,2022,5,31,151,287,1435.0,99.7,79.63,90.14,2022-05-31T13:10:00-05:00,69.80,2022-05-31T05:30:00-05:00,74.35,77.26,69.80,85.16,100.00,61.00,1013.99,1015.30,1013.00,0.93,2.91,0.00,7.61,2022-05-31T17:20:00-05:00,124.1,SE,ESE,0.0000,0.0000,0.0,91,18.63,3.11,2.600,5.00
2022-06-01,2022,6,1,152,288,1440.0,100.0,77.93,91.76,2022-06-01T13:10:00-05:00,70.52,2022-06-01T06:05:00-05:00,74.32,78.84,70.52,89.95,100.00,57.00,1013.79,1015.60,1012.10,0.51,3.13,0.00,11.18,2022-06-01T15:30:00-05:00,73.2,ENE,NE,0.3115,0.3115,65.0,405,11.82,1.86,2.600,5.00
2022-06-02,2022,6,2,153,286,1430.0,99.3,79.55,91.04,2022-06-02T13:15:00-05:00,68.90,2022-06-02T06:10:00-05:00,72.77,77.50,68.90,81.65,100.00,54.00,1011.38,1013.50,1008.90,0.65,3.58,0.00,7.16,2022-06-02T16:40:00-05:00,102.9,ESE,SE,0.0000,0.0000,0.0,1103,14.39,3.11,2.600,5.00
2022-06-03,2022,6,3,154,287,1435.0,99.7,78.19,89.96,2022-06-03T15:35:00-05:00,70.70,2022-06-03T05:00:00-05:00,73.07,76.73,70.08,85.35,99.00,63.00,1009.72,1010.90,1008.00,0.76,2.68,0.00,5.59,2022-06-03T12:15:00-05:00,16.6,NNE,NNE,0.0457,0.0457,75.0,540,12.96,2.49,2.600,5.00
2022-06-04,2022,6,4,155,288,1440.0,100.0,78.68,91.04,2022-06-04T14:55:00-05:00,68.72,2022-06-04T05:50:00-05:00,70.38,73.00,68.27,78.24,100.00,51.00,1008.67,1010.50,1006.30,0.65,3.13,0.00,5.82,2022-06-04T14:35:00-05:00,18.2,NNE,N,0.0000,0.0000,0.0,0,,,2.600,5.00
2022-06-05,2022,6,5,156,288,1440.0,100.0,77.50,89.96,2022-06-05T12:50:00-05:00,67.10,2022-06-05T06:05:00-05:00,70.98,76.33,65.49,81.86,99.00,55.00,1008.16,1009.50,1007.20,0.48,2.46,0.00,8.28,2022-06-05T15:50:00-05:00,118.5,ESE,SE,0.0000,0.0000,0.0,0,,,2.650,5.00
2022-06-06,2022,6,6,157,288,1440.0,100.0,80.75,90.68,2022-06-06T15:15:00-05:00,69.08,2022-06-06T05:45:00-05:00,73.49,77.53,69.08,80.29,100.00,59.00,1009.28,1010.70,1007.80,1.11,3.58,0.00,8.50,2022-06-06T16:40:00-05:00,153.4,SSE,SE,0.0034,0.0034,5.0,0,,,2.630,5.00
2022-06-07,2022,6,7,158,286,1430.0,99.3,82.45,91.76,2022-06-07T15:30:00-05:00,71.60,2022-06-07T06:15:00-05:00,74.22,77.09,71.00,77.69,98.00,56.00,1011.57,1012.90,1009.60,0.96,3.36,0.00,9.40,2022-06-07T11:40:00-05:00,152.0,SSE,SE,0.0000,0.0000,0.0,0,,,2.600,5.00
2022-06-08,2022,6,8,159,287,1435.0,99.7,84.32,93.20,2022-06-08T15:45:00-05:00,74.48,2022-06-08T06:15:00-05:00,75.66,77.61,73.26,76.50,97.00,55.00,1012.41,1013.80,1011.00,0.98,3.36,0.00,8.05,2022-06-08T23:15:00-05:00,159.8,SSE,SSE,0.0000,0.0000,0.0,0,,,2.610,5.00
2022-06-09,2022,6,9,160,288,1440.0,100.0,82.10,93.56,2022-06-09T13:30:00-05:00,74.84,2022-06-09T06:20:00-05:00,77.26,81.68,74.24,86.30,99.00,64.00,1013.12,1015.00,1010.80,0.73,3.36,0.00,7.38,2022-06-09T14:55:00-05:00,125.7,SE,SSE,0.2631,0.2631,55.0,9011,6.83,1.24,2.600,5.00
2022-06-10,2022,6,10,161,287,1435.0,99.7,73.14,80.24,2022-06-10T10:10:00-05:00,70.52,2022-06-10T23:35:00-05:00,72.77,77.49,70.52,98.79,100.00,89.00,1012.00,1014.20,1009.20,2.55,10.96,0.00,21.03,2022-06-10T10:25:00-05:00,8.0,N,N,2.0364,2.0364,225.0,6187,10.01,0.62,2.550,5.00
2022-06-11,2022,6,11,162,285,1425.0,99.0,77.57,91.40,2022-06-11T15:50:00-05:00,69.62,2022-06-11T04:50:00-05:00,74.39,81.30,69.62,90.68,100.00,68.00,1010.65,1012.30,1008.20,2.72,10.51,0.00,23.04,2022-06-11T04:45:00-05:00,13.5,NNE,NNW,0.0000,0.0000,10.0,2385,14.73,4.97,2.530,5.00
2022-06-12,2022,6,12,163,286,1430.0,99.3,83.13,92.66,2022-06-12T15:50:00-05:00,73.58,2022-06-12T05:50:00-05:00,78.13,81.60,73.58,86.00,100.00,67.00,1011.77,1013.20,1010.60,0.82,3.13,0.00,7.38,2022-06-12T16:50:00-05:00,156.5,SSE,SSE,0.0000,0.0000,0.0,0,,,2.560,5.00
2022-06-13,2022,6,13,164,287,1435.0,99.7,84.92,93.02,2022-06-13T16:35:00-05:00,76.64,2022-06-13T06:10:00-05:00,77.86,80.58,75.59,80.71,99.00,60.00,1014.57,1016.40,1013.20,0.89,4.25,0.00,8.72,2022-06-13T15:50:00-05:00,149.9,SSE,SE,0.0000,0.0000,0.0,10,17.71,14.91,2.600,5.00
2022-06-14,2022,6,14,165,281,1405.0,97.6,84.87,93.20,2022-06-14T14:45:00-05:00,75.02,2022-06-14T06:05:00-05:00,76.84,79.47,73.80,78.24,98.00,55.00,1015.45,1016.80,1013.40,0.82,3.36,0.00,7.83,2022-06-14T15:40:00-05:00,148.2,SSE,SE,0.0000,0.0000,0.0,0,,,2.600,5.00
2022-06-15,2022,6,15,166,287,1435.0,99.7,83.90,94.28,2022-06-15T15:10:00-05:00,74.84,2022-06-15T06:10:00-05:00,77.98,82.77,74.42,83.83,99.00,58.00,1015.52,1016.80,1014.40,0.59,2.68,0.00,6.49,2022-06-15T18:10:00-05:00,68.4,ENE,SE,0.0221,0.0221,30.0,284,15.47,1.24,2.600,5.00
2022-06-16,2022,6,16,167,287,1435.0,99.7,80.25,96.08,2022-06-16T14:45:00-05:00,72.50,2022-06-16T16:25:00-05:00,76.96,82.52,71.75,91.05,100.00,62.00,1016.50,1017.80,1014.50,0.86,4.25,0.00,13.87,2022-06-16T15:55:00-05:00,32.9,NNE,NE,0.8165,0.8165,90.0,5352,4.22,0.62,2.610,5.00
2022-06-17,2022,6,17,168,285,1425.0,99.0,83.04,95.36,2022-06-17T16:30:00-05:00,72.32,2022-06-17T06:10:00-05:00,77.00,81.62,72.02,83.86,100.00,55.00,1015.44,1017.60,1012.60,0.55,2.24,0.00,5.14,2022-06-17T12:25:00-05:00,39.4,NE,NE,0.0000,0.0000,0.0,0,,,2.580,5.00
2022-06-18,2022,6,18,169,288,1440.0,100.0,85.87,97.70,2022-06-18T15:50:00-05:00,75.20,2022-06-18T05:55:00-05:00,77.83,82.04,73.51,78.98,99.00,56.00,1013.46,1015.40,1010.90,0.60,2.46,0.00,5.82,2022-06-18T14:40:00-05:00,24.1,NNE,NNE,0.0000,0.0000,0.0,168,22.13,4.35,2.610,5.00
2022-06-19,2022,6,19,170,283,1415.0,98.3,84.01,95.00,2022-06-19T15:10:00-05:00,73.40,2022-06-19T23:55:00-05:00,74.61,79.00,70.14,75.05,95.00,49.00,1013.93,1015.60,1012.20,0.73,2.46,0.00,7.38,2022-06-19T12:15:00-05:00,25.4,NNE,N,0.0000,0.0000,0.0,0,,,2.600,5.00
2022-06-20,2022,6,20,171,287,1435.0,99.7,81.52,95.36,2022-06-20T14:10:00-05:00,68.54,2022-06-20T05:50:00-05:00,73.60,79.38,67.77,78.71,98.00,52.00,1016.74,1018.50,1015.10,0.63,3.13,0.00,6.93,2022-06-20T16:20:00-05:00,65.2,ENE,NNE,0.0000,0.0000,0.0,78,14.98,3.11,2.610,5.00
2022-06-21,2022,6,21,172,288,1440.0,100.0,82.62,95.54,2022-06-21T14:10:00-05:00,73.04,2022-06-21T06:00:00-05:00,76.42,80.43,72.92,83.14,100.00,50.00,1019.13,1021.00,1017.90,0.64,4.03,0.00,8.05,2022-06-21T12:15:00-05:00,48.1,NE,NE,0.0000,0.0000,0.0,1843,14.58,3.73,2.600,5.00
2022-06-22,2022,6,22,173,287,1435.0,99.7,83.62,98.06,2022-06-22T15:15:00-05:00,73.76,2022-06-22T06:20:00-05:00,76.96,81.42,73.76,82.99,100.00,51.00,1016.78,1019.50,1013.30,0.73,5.59,0.00,9.40,2022-06-22T18:40:00-05:00,46.9,NE,NNE,0.1626,0.1626,40.0,3291,11.28,1.24,2.610,5.00
2022-06-23,2022,6,23,174,288,1440.0,100.0,84.99,98.42,2022-06-23T16:30:00-05:00,72.86,2022-06-23T06:00:00-05:00,76.81,81.27,72.86,79.25,100.00,49.00,1012.19,1014.80,1009.00,0.50,2.24,0.00,4.70,2022-06-23T12:10:00-05:00,36.0,NE,NE,0.0000,0.0000,0.0,0,,,2.610,5.00
2022-06-24,2022,6,24,175,277,1385.0,96.2,87.34,100.22,2022-06-24T16:05:00-05:00,75.02,2022-06-24T05:35:00-05:00,76.29,79.62,72.19,72.69,97.00,41.00,1011.06,1012.80,1008.80,0.57,2.91,0.00,6.49,2022-06-24T14:25:00-05:00,39.4,NE,NNE,0.0000,0.0000,0.0,0,,,2.610,5.00
2022-06-25,2022,6,25,176,287,1435.0,99.7,83.42,98.96,2022-06-25T14:45:00-05:00,74.66,2022-06-25T17:10:00-05:00,76.79,81.13,73.31,82.45,99.00,52.00,1013.09,1015.60,1011.40,0.67,2.68,0.00,9.84,2022-06-25T16:25:00-05:00,60.2,ENE,NE,0.4885,0.4885,80.0,4963,6.63,0.62,2.610,5.00
2022-06-26,2022,6,26,177,288,1440.0,100.0,79.24,86.90,2022-06-26T14:55:00-05:00,73.22,2022-06-26T21:50:00-05:00,76.72,82.64,72.28,92.38,100.00,79.00,1015.56,1017.20,1013.80,0.41,4.03,0.00,8.50,2022-06-26T20:00:00-05:00,106.7,ESE,SE,0.2829,0.2829,195.0,2771,12.10,1.86,2.590,5.00
2022-06-27,2022,6,27,178,288,1440.0,100.0,76.44,90.14,2022-06-27T13:10:00-05:00,72.32,2022-06-27T21:15:00-05:00,74.75,80.10,70.85,95.01,100.00,69.00,1016.06,1017.20,1014.10,1.71,6.93,0.00,9.40,2022-06-27T15:50:00-05:00,277.7,W,NNE,0.5908,0.5908,200.0,2673,7.05,0.62,2.560,5.00
2022-06-28,2022,6,28,179,286,1430.0,99.3,77.35,91.04,2022-06-28T15:05:00-05:00,72.68,2022-06-28T05:40:00-05:00,74.48,80.33,72.24,91.87,100.00,64.00,1016.18,1017.30,1014.40,0.66,3.13,0.00,7.61,2022-06-28T17:00:00-05:00,48.9,NE,NE,0.2047,0.2047,205.0,1484,9.40,3.11,2.550,5.00
2022-06-29,2022,6,29,180,285,1425.0,99.0,79.65,91.04,2022-06-29T13:40:00-05:00,72.50,2022-06-29T05:10:00-05:00,75.60,80.04,72.38,88.38,100.00,62.00,1017.16,1018.40,1016.00,0.77,3.36,0.00,7.38,2022-06-29T14:00:00-05:00,74.5,ENE,N,0.0000,0.0000,0.0,355,14.45,1.86,2.580,5.00
2022-06-30,2022,6,30,181,234,1170.0,81.2,78.48,88.52,2022-06-30T11:45:00-05:00,73.22,2022-06-30T06:25:00-05:00,75.98,80.26,73.22,92.62,100.00,72.00,1017.25,1018.70,1015.70,0.90,6.26,0.00,8.28,2022-06-30T13:55:00-05:00,337.2,NNW,NE,0.8160,0.8160,155.0,884,8.44,1.24,2.600,5.00
2022-07-01,2022,7,1,182,287,1435.0,99.7,77.07,89.60,2022-07-01T11:55:00-05:00,73.58,2022-07-01T05:20:00-05:00,75.73,81.85,73.58,95.94,100.00,69.00,1015.69,1016.80,1014.10,0.88,4.03,0.00,10.51,2022-07-01T12:45:00-05:00,335.6,NNW,NW,0.4944,0.4944,135.0,0,,,2.640,5.00
2022-07-02,2022,7,2,183,257,1285.0,89.2,78.87,91.22,2022-07-02T15:10:00-05:00,72.50,2022-07-02T04:25:00-05:00,75.48,80.26,72.50,90.61,100.00,63.00,1014.84,1016.20,1013.40,0.86,3.58,0.00,7.83,2022-07-02T15:30:00-05:00,145.8,SE,SSE,0.0748,0.0748,150.0,1,9.32,9.32,2.620,5.00
2022-07-03,2022,7,3,184,272,1360.0,94.4,79.86,90.86,2022-07-03T14:10:00-05:00,72.14,2022-07-03T06:05:00-05:00,76.91,82.03,72.14,91.50,100.00,69.00,1016.28,1017.20,1015.20,0.46,3.80,0.00,8.28,2022-07-03T14:40:00-05:00,125.5,SE,SE,0.1406,0.1406,25.0,500,10.93,3.11,2.570,5.00
2022-07-04,2022,7,4,185,287,1435.0,99.7,80.89,91.58,2022-07-04T13:15:00-05:00,74.12,2022-07-04T06:00:00-05:00,78.32,82.51,73.82,92.65,100.00,68.00,1017.03,1018.40,1016.00,0.46,2.46,0.00,7.83,2022-07-04T14:20:00-05:00,89.5,E,ESE,0.1562,0.1562,75.0,919,5.58,0.62,2.600,5.00
2022-07-05,2022,7,5,186,287,1435.0,99.7,77.44,88.16,2022-07-05T10:00:00-05:00,73.58,2022-07-05T23:20:00-05:00,76.32,82.00,73.28,96.60,100.00,76.00,1016.30,1017.50,1014.40,0.40,5.59,0.00,11.41,2022-07-05T12:35:00-05:00,89.3,E,NE,1.3992,1.3992,375.0,1686,13.50,1.86,2.580,5.00
2022-07-06,2022,7,6,187,286,1430.0,99.3,79.73,90.50,2022-07-06T13:50:00-05:00,71.78,2022-07-06T06:00:00-05:00,75.97,80.86,71.48,89.25,100.00,66.00,1014.95,1017.00,1013.30,0.62,3.13,0.00,8.95,2022-07-06T16:10:00-05:00,100.0,E,SSE,0.0000,0.0000,0.0,3,4.76,4.35,2.550,5.00
2022-07-07,2022,7,7,188,286,1430.0,99.3,82.65,94.28,2022-07-07T15:10:00-05:00,73.40,2022-07-07T06:20:00-05:00,77.91,81.90,73.10,86.72,99.00,62.00,1014.52,1016.10,1013.00,0.59,3.58,0.00,7.61,2022-07-07T16:10:00-05:00,115.1,ESE,SE,0.0000,0.0000,0.0,3,3.52,3.11,2.600,5.00
2022-07-08,2022,7,8,189,282,1410.0,97.9,84.05,94.10,2022-07-08T13:15:00-05:00,75.56,2022-07-08T05:55:00-05:00,79.21,84.68,75.26,86.52,99.00,62.00,1015.23,1017.00,1013.90,0.59,2.46,0.00,6.71,2022-07-08T17:05:00-05:00,112.0,ESE,SSE,0.0741,0.0741,35.0,40,7.01,1.86,2.610,5.00
2022-07-09,2022,7,9,190,279,1395.0,96.9,85.75,96.62,2022-07-09T15:55:00-05:00,78.08,2022-07-09T05:50:00-05:00,80.53,83.40,77.78,85.55,99.00,63.00,1014.85,1017.00,1012.40,0.54,2.01,0.00,5.37,2022-07-09T08:20:00-05:00,106.9,ESE,SE,0.0000,0.0000,0.0,0,,,2.610,5.00
2022-07-10,2022,7,10,191,287,1435.0,99.7,79.87,90.50,2022-07-10T15:55:00-05:00,73.94,2022-07-10T23:30:00-05:00,76.63,82.61,73.03,90.37,99.00,75.00,1012.82,1014.70,1010.40,0.80,3.80,0.00,10.29,2022-07-10T01:35:00-05:00,133.9,SE,SSE,0.1839,0.1839,110.0,5553,13.02,2.49,2.600,5.00
2022-07-11,2022,7,11,192,288,1440.0,100.0,82.51,95.00,2022-07-11T14:45:00-05:00,72.32,2022-07-11T05:55:00-05:00,77.66,84.46,71.72,86.23,98.00,64.00,1010.46,1011.90,1008.10,0.64,2.24,0.00,8.05,2022-07-11T22:55:00-05:00,66.5,ENE,NNE,0.1526,0.1526,50.0,729,13.17,1.24,2.590,5.00
2022-07-12,2022,7,12,193,288,1440.0,100.0,81.32,93.38,2022-07-12T13:35:00-05:00,74.48,2022-07-12T06:05:00-05:00,77.84,83.57,73.88,89.97,98.00,68.00,1010.96,1013.20,1009.80,1.10,4.03,0.00,9.40,2022-07-12T04:20:00-05:00,43.5,NE,NNE,0.0777,0.0777,35.0,440,20.95,3.11,2.600,5.00
2022-07-13,2022,7,13,194,287,1435.0,99.7,81.89,92.12,2022-07-13T14:00:00-05:00,73.04,2022-07-13T23:50:00-05:00,77.31,82.36,72.44,86.88,99.00,67.00,1014.33,1016.90,1012.80,0.89,3.13,0.00,6.71,2022-07-13T17:40:00-05:00,111.7,ESE,SSE,0.4465,0.4465,70.0,175,8.32,3.11,2.600,5.00
2022-07-14,2022,7,14,195,288,1440.0,100.0,80.28,90.68,2022-07-14T13:30:00-05:00,72.14,2022-07-14T04:55:00-05:00,76.02,80.51,71.54,87.76,99.00,64.00,1016.31,1018.00,1014.30,0.69,3.36,0.00,8.28,2022-07-14T14:25:00-05:00,156.5,SSE,SSE,0.0481,0.0481,40.0,206,16.79,3.73,2.600,5.00
2022-07-15,2022,7,15,196,286,1430.0,99.3,80.28,92.12,2022-07-15T13:40:00-05:00,72.50,2022-07-15T15:35:00-05:00,76.27,81.48,70.72,88.33,99.00,65.00,1017.03,1018.30,1015.80,1.01,7.61,0.00,16.78,2022-07-15T15:05:00-05:00,320.6,NW,NE,0.5508,0.5508,35.0,2127,7.27,0.62,2.600,5.00
2022-07-16,2022,7,16,197,287,1435.0,99.7,78.32,94.10,2022-07-16T14:30:00-05:00,72.50,2022-07-16T06:15:00-05:00,75.16,81.70,71.16,90.92,99.00,65.00,1015.39,1017.20,1013.20,0.49,4.25,0.00,9.40,2022-07-16T15:35:00-05:00,76.1,ENE,NNE,0.1152,0.1152,15.0,6994,8.94,3.11,2.610,5.00
2022-07-17,2022,7,17,198,279,1395.0,96.9,80.75,94.46,2022-07-17T14:40:00-05:00,70.70,2022-07-17T06:05:00-05:00,75.67,80.75,70.11,85.72,99.00,60.00,1013.98,1015.80,1012.40,0.51,2.24,0.00,9.62,2022-07-17T16:15:00-05:00,109.0,ESE,ESE,0.0000,0.0000,0.0,4,6.52,4.35,2.590,5.00
2022-07-18,2022,7,18,199,279,1395.0,96.9,81.08,91.40,2022-07-18T11:40:00-05:00,72.86,2022-07-18T06:05:00-05:00,77.81,82.38,72.26,90.33,99.00,70.00,1014.17,1015.40,1013.00,0.35,2.46,0.00,5.37,2022-07-18T10:20:00-05:00,127.9,SE,SE,0.1481,0.1481,20.0,869,10.38,3.11,2.610,5.00
2022-07-19,2022,7,19,200,259,1295.0,89.9,83.79,93.56,2022-07-19T17:35:00-05:00,76.46,2022-07-19T06:00:00-05:00,78.74,82.29,75.85,85.63,99.00,65.00,1014.32,1015.80,1012.40,0.69,2.91,0.00,7.83,2022-07-19T09:15:00-05:00,154.3,SSE,SSE,0.1369,0.1369,30.0,1030,7.38,2.49,2.600,5.00
2022-07-20,2022,7,20,201,275,1375.0,95.5,85.52,95.00,2022-07-20T15:05:00-05:00,77.18,2022-07-20T05:15:00-05:00,79.49,82.74,76.57,83.26,99.00,64.00,1013.25,1015.30,1010.80,0.69,2.91,0.00,6.71,2022-07-20T13:40:00-05:00,152.9,SSE,SE,0.0000,0.0000,0.0,3,6.84,4.97,2.600,5.00
2022-07-21,2022,7,21,202,281,1405.0,97.6,82.52,93.02,2022-07-21T13:10:00-05:00,77.00,2022-07-21T23:50:00-05:00,79.14,83.09,76.70,90.32,99.00,70.00,1013.50,1015.00,1012.10,0.65,2.91,0.00,9.40,2022-07-21T15:35:00-05:00,108.9,ESE,SE,0.7258,0.7258,65.0,388,6.65,2.49,2.600,5.00
2022-07-22,2022,7,22,203,287,1435.0,99.7,78.20,90.32,2022-07-22T16:15:00-05:00,70.16,2022-07-22T04:30:00-05:00,75.01,80.07,69.87,90.73,100.00,63.00,1015.71,1016.90,1014.10,1.14,6.26,0.00,13.42,2022-07-22T03:45:00-05:00,320.2,NW,NW,1.4947,1.4947,405.0,2237,7.14,0.00,2.570,5.00
2022-07-23,2022,7,23,204,286,1430.0,99.3,79.93,92.84,2022-07-23T14:10:00-05:00,72.32,2022-07-23T06:10:00-05:00,75.94,81.66,72.02,88.63,100.00,61.00,1016.96,1018.00,1015.90,0.55,3.80,0.00,7.83,2022-07-23T12:55:00-05:00,131.7,SE,SE,0.0000,0.0000,0.0,1335,10.20,3.11,2.600,5.00
2022-07-24,2022,7,24,205,286,1430.0,99.3,80.94,92.66,2022-07-24T12:20:00-05:00,73.04,2022-07-24T05:25:00-05:00,77.08,81.67,72.74,89.02,99.00,65.00,1017.05,1018.70,1015.60,0.45,2.68,0.00,6.26,2022-07-24T14:15:00-05:00,114.4,ESE,SE,0.1437,0.1437,50.0,707,14.16,1.24,2.600,5.00
2022-07-25,2022,7,25,206,281,1405.0,97.6,79.29,90.68,2022-07-25T12:10:00-05:00,74.48,2022-07-25T05:50:00-05:00,77.03,81.94,74.18,93.21,99.00,71.00,1016.65,1018.00,1015.40,0.40,2.24,0.00,7.83,2022-07-25T12:40:00-05:00,83.5,E,NNE,0.1818,0.1818,75.0,761,12.16,2.49,2.600,5.00
2022-07-26,2022,7,26,207,286,1430.0,99.3,79.80,88.88,2022-07-26T14:35:00-05:00,73.58,2022-07-26T06:05:00-05:00,77.31,81.13,73.46,92.54,100.00,73.00,1016.73,1017.90,1015.40,0.42,2.24,0.00,7.38,2022-07-26T14:55:00-05:00,103.0,ESE,S,0.1583,0.1583,30.0,78,11.74,1.86,2.600,5.00
2022-07-27,2022,7,27,208,286,1430.0,99.3,81.04,92.48,2022-07-27T13:55:00-05:00,73.40,2022-07-27T06:05:00-05:00,77.31,81.65,73.10,89.42,100.00,65.00,1015.99,1017.40,1014.70,0.53,2.46,0.00,7.38,2022-07-27T15:00:00-05:00,109.1,ESE,SE,0.1991,0.1991,60.0,103,14.02,0.62,2.610,5.00
2022-07-28,2022,7,28,209,285,1425.0,99.0,80.73,89.78,2022-07-28T14:45:00-05:00,74.30,2022-07-28T05:45:00-05:00,76.84,80.47,73.68,88.70,99.00,69.00,1015.92,1017.50,1014.70,0.68,3.80,0.00,10.07,2022-07-28T06:10:00-05:00,11.3,NNE,NNE,0.0000,0.0000,0.0,95,7.27,0.62,2.600,5.00
2022-07-29,2022,7,29,210,287,1435.0,99.7,80.44,88.88,2022-07-29T11:15:00-05:00,73.76,2022-07-29T06:30:00-05:00,77.39,81.14,73.46,90.98,99.00,74.00,1016.71,1018.10,1015.40,0.35,2.68,0.00,7.38,2022-07-29T13:50:00-05:00,159.1,SSE,SSE,0.0000,0.0000,0.0,165,17.28,3.11,2.610,5.00
2022-07-30,2022,7,30,211,273,1365.0,94.8,79.77,91.58,2022-07-30T13:50:00-05:00,73.40,2022-07-30T23:50:00-05:00,76.34,81.08,73.10,90.05,99.00,67.00,1018.57,1020.20,1017.00,0.76,4.03,0.00,9.17,2022-07-30T13:35:00-05:00,84.9,E,NE,0.0000,0.0000,0.0,40,10.75,3.11,2.600,5.00
2022-07-31,2022,7,31,212,286,1430.0,99.3,77.50,89.24,2022-07-31T10:50:00-05:00,70.70,2022-07-31T06:25:00-05:00,75.64,82.00,70.40,94.34,100.00,74.00,1019.28,1020.70,1018.20,0.64,9.62,0.00,14.99,2022-07-31T11:30:00-05:00,53.6,NE,NE,0.7735,0.7735,90.0,368,9.05,0.00,2.600,5.00
2022-08-01,2022,8,1,213,284,1420.0,98.6,78.20,90.50,2022-08-01T12:50:00-05:00,73.22,2022-08-01T06:05:00-05:00,75.84,82.30,72.92,93.19,100.00,73.00,1018.28,1019.70,1017.00,0.75,3.36,0.00,9.84,2022-08-01T17:15:00-05:00,84.6,E,NE,0.6564,0.6564,170.0,5083,6.70,1.24,2.600,5.00
2022-08-02,2022,8,2,214,283,1415.0,98.3,76.54,82.76,2022-08-02T15:15:00-05:00,73.94,2022-08-02T00:05:00-05:00,75.36,79.35,73.03,96.27,100.00,80.00,1017.15,1019.20,1015.10,0.53,2.91,0.00,5.59,2022-08-02T11:20:00-05:00,109.3,ESE,NE,0.8370,0.8370,155.0,492,14.92,3.11,2.580,5.00
2022-08-03,2022,8,3,215,287,1435.0,99.7,77.98,87.26,2022-08-03T11:30:00-05:00,72.32,2022-08-03T06:30:00-05:00,75.83,80.71,71.72,93.43,99.00,79.00,1014.86,1016.20,1013.30,0.62,2.46,0.00,9.62,2022-08-03T04:10:00-05:00,66.9,ENE,NE,0.3326,0.3326,55.0,243,8.84,1.86,2.570,5.00
2022-08-04,2022,8,4,216,287,1435.0,99.7,77.88,87.26,2022-08-04T12:10:00-05:00,73.58,2022-08-04T23:35:00-05:00,75.65,80.25,72.98,93.19,99.00,76.00,1014.98,1016.10,1014.00,0.60,2.46,0.00,6.93,2022-08-04T16:55:00-05:00,74.4,ENE,NE,0.1370,0.1370,75.0,817,8.07,1.86,2.600,5.00
2022-08-05,2022,8,5,217,287,1435.0,99.7,80.10,91.40,2022-08-05T13:50:00-05:00,72.32,2022-08-05T06:15:00-05:00,76.16,81.31,71.72,88.62,99.00,65.00,1016.26,1017.50,1015.10,0.72,3.13,0.00,7.83,2022-08-05T16:35:00-05:00,130.6,SE,SSE,0.1073,0.1073,15.0,34,9.54,1.86,2.590,5.00
2022-08-06,2022,8,6,218,286,1430.0,99.3,78.87,88.52,2022-08-06T17:35:00-05:00,73.76,2022-08-06T06:20:00-05:00,76.02,80.65,72.55,91.35,98.00,76.00,1018.19,1020.30,1016.70,0.56,2.46,0.00,7.83,2022-08-06T18:30:00-05:00,78.6,ENE,NE,0.0986,0.0986,35.0,633,12.78,0.62,2.600,5.00
2022-08-07,2022,8,7,219,286,1430.0,99.3,79.15,92.30,2022-08-07T14:40:00-05:00,71.96,2022-08-07T06:00:00-05:00,75.62,82.17,71.06,89.84,98.00,67.00,1018.71,1020.90,1016.40,0.60,3.13,0.00,8.28,2022-08-07T17:00:00-05:00,68.5,ENE,NNE,0.1451,0.1451,65.0,1426,8.28,1.24,2.600,5.00
2022-08-08,2022,8,8,220,287,1435.0,99.7,78.06,91.04,2022-08-08T12:50:00-05:00,72.68,2022-08-08T04:00:00-05:00,75.59,81.90,71.78,92.55,98.00,71.00,1017.60,1019.10,1016.10,0.41,3.13,0.00,8.50,2022-08-08T14:35:00-05:00,70.8,ENE,NE,0.1550,0.1550,105.0,710,13.97,1.24,2.600,5.00
2022-08-09,2022,8,9,221,281,1405.0,97.6,77.90,89.24,2022-08-09T13:20:00-05:00,72.32,2022-08-09T06:15:00-05:00,75.60,79.66,71.42,93.01,98.00,68.00,1017.08,1018.70,1015.60,0.46,2.91,0.00,6.71,2022-08-09T13:45:00-05:00,55.6,NE,NE,0.2945,0.2945,95.0,81,10.93,1.24,2.580,5.00
2022-08-10,2022,8,10,222,287,1435.0,99.7,77.80,86.72,2022-08-10T13:55:00-05:00,73.22,2022-08-10T06:05:00-05:00,75.46,80.19,72.50,92.72,98.00,80.00,1017.09,1019.00,1015.60,0.72,3.36,0.00,8.28,2022-08-10T13:45:00-05:00,63.7,ENE,NE,0.2400,0.2400,130.0,100,7.86,1.24,2.600,5.00
2022-08-11,2022,8,11,223,286,1430.0,99.3,76.65,81.86,2022-08-11T16:30:00-05:00,72.68,2022-08-11T04:20:00-05:00,75.06,78.50,72.08,94.98,99.00,86.00,1015.40,1017.20,1013.20,0.82,3.13,0.00,6.26,2022-08-11T15:05:00-05:00,54.9,NE,NE,0.8667,0.8667,215.0,51,7.29,1.24,2.580,5.00
2022-08-12,2022,8,12,224,287,1435.0,99.7,77.69,85.82,2022-08-12T11:50:00-05:00,72.86,2022-08-12T05:00:00-05:00,75.65,79.72,72.26,93.65,99.00,81.00,1014.50,1015.60,1013.20,0.68,2.24,0.00,5.82,2022-08-12T04:15:00-05:00,67.6,ENE,NE,0.1471,0.1471,20.0,6,4.45,1.86,2.560,5.00
2022-08-13,2022,8,13,225,286,1430.0,99.3,81.36,90.86,2022-08-13T13:35:00-05:00,73.40,2022-08-13T06:05:00-05:00,76.94,80.73,72.80,87.35,98.00,69.00,1014.64,1016.00,1013.50,0.74,2.91,0.00,8.50,2022-08-13T15:30:00-05:00,152.3,SSE,SSE,0.0002,0.0002,10.0,68,13.33,4.35,2.590,5.00
2022-08-14,2022,8,14,226,285,1425.0,99.0,82.13,93.20,2022-08-14T17:00:00-05:00,73.40,2022-08-14T05:55:00-05:00,77.17,81.25,72.80,86.07,98.00,64.00,1013.96,1015.60,1012.10,0.44,2.46,0.00,7.16,2022-08-14T13:15:00-05:00,123.0,ESE,SE,0.0000,0.0000,0.0,0,,,2.600,5.00
2022-08-15,2022,8,15,227,287,1435.0,99.7,82.93,93.92,2022-08-15T15:00:00-05:00,73.76,2022-08-15T06:45:00-05:00,77.64,81.62,73.16,85.33,98.00,62.00,1012.49,1014.30,1010.30,0.45,2.46,0.00,5.14,2022-08-15T11:50:00-05:00,107.7,ESE,SSE,0.0000,0.0000,0.0,0,,,2.610,5.00
2022-08-16,2022,8,16,228,274,1370.0,95.1,84.22,95.18,2022-08-16T14:35:00-05:00,75.74,2022-08-16T03:40:00-05:00,78.13,82.20,74.41,83.39,99.00,60.00,1012.23,1013.50,1010.00,0.58,2.46,0.00,6.04,2022-08-16T12:35:00-05:00,59.4,ENE,NNE,0.0000,0.0000,0.0,0,,,2.600,5.00
2022-08-17,2022,8,17,229,287,1435.0,99.7,83.38,94.46,2022-08-17T15:30:00-05:00,73.58,2022-08-17T05:40:00-05:00,77.74,81.70,73.28,84.44,99.00,60.00,1012.68,1014.80,1011.20,0.46,2.24,0.00,6.26,2022-08-17T09:20:00-05:00,77.9,ENE,NE,0.0000,0.0000,0.0,2,9.94,9.94,2.600,5.00
2022-08-18,2022,8,18,230,283,1415.0,98.3,79.38,86.18,2022-08-18T16:35:00-05:00,72.32,2022-08-18T09:30:00-05:00,76.49,79.39,72.32,91.39,100.00,72.00,1012.54,1015.40,1011.10,0.46,3.13,0.00,6.04,2022-08-18T08:05:00-05:00,26.3,NNE,N,0.2775,0.2775,155.0,406,12.27,3.73,2.590,5.00
2022-08-19,2022,8,19,231,278,1390.0,96.5,78.18,88.52,2022-08-19T15:05:00-05:00,74.12,2022-08-19T04:15:00-05:00,76.29,80.86,73.82,94.31,100.00,74.00,1013.50,1015.40,1011.90,0.39,2.24,0.00,8.05,2022-08-19T08:50:00-05:00,134.7,SE,SSE,0.4892,0.4892,155.0,876,10.25,1.24,2.590,5.00
2022-08-20,2022,8,20,232,287,1435.0,99.7,76.74,91.04,2022-08-20T13:15:00-05:00,73.76,2022-08-20T03:45:00-05:00,75.24,82.02,73.46,95.56,100.00,72.00,1016.90,1018.50,1015.20,0.57,3.58,0.00,9.40,2022-08-20T04:10:00-05:00,87.4,E,NE,0.4736,0.4736,335.0,610,11.57,1.24,2.600,5.00
2022-08-21,2022,8,21,233,288,1440.0,100.0,77.10,87.80,2022-08-21T11:50:00-05:00,73.40,2022-08-21T03:15:00-05:00,76.02,82.03,73.10,96.60,99.00,82.00,1016.87,1018.50,1015.50,0.91,3.36,0.00,21.25,2022-08-21T04:40:00-05:00,45.4,NE,NE,0.2528,0.2528,255.0,149,13.20,1.86,2.570,5.00
2022-08-22,2022,8,22,234,288,1440.0,100.0,77.80,90.14,2022-08-22T12:50:00-05:00,73.40,2022-08-22T06:25:00-05:00,75.78,80.95,72.80,93.90,99.00,72.00,1014.28,1015.80,1013.00,0.53,3.13,0.00,6.71,2022-08-22T12:45:00-05:00,124.4,SE,SE,0.1339,0.1339,110.0,431,15.30,3.11,2.540,5.00
2022-08-23,2022,8,23,235,287,1435.0,99.7,75.17,81.68,2022-08-23T15:00:00-05:00,72.50,2022-08-23T20:40:00-05:00,74.69,79.46,72.50,98.44,100.00,92.00,1012.31,1013.70,1010.70,1.64,7.61,0.00,20.36,2022-08-23T09:15:00-05:00,236.3,WSW,SSW,2.1031,2.1031,360.0,1740,9.96,3.11,2.530,5.00
2022-08-24,2022,8,24,236,287,1435.0,99.7,75.89,82.58,2022-08-24T10:30:00-05:00,73.40,2022-08-24T00:05:00-05:00,75.52,80.64,73.40,98.80,100.00,91.00,1012.41,1013.60,1011.30,1.38,3.80,0.00,11.63,2022-08-24T11:00:00-05:00,71.5,ENE,N,0.4039,0.4039,300.0,294,15.86,1.86,2.470,5.00
2022-08-25,2022,8,25,237,288,1440.0,100.0,77.13,85.10,2022-08-25T13:40:00-05:00,73.94,2022-08-25T06:30:00-05:00,75.87,81.24,73.64,96.00,100.00,83.00,1013.77,1015.00,1012.80,1.20,3.80,0.00,8.50,2022-08-25T17:15:00-05:00,157.5,SSE,WSW,0.3380,0.3380,65.0,475,11.18,1.86,2.440,5.00
2022-08-26,2022,8,26,238,284,1420.0,98.6,78.64,85.64,2022-08-26T15:40:00-05:00,74.12,2022-08-26T06:35:00-05:00,76.10,78.84,73.21,92.23,98.00,78.00,1014.03,1015.40,1012.30,0.63,2.68,0.00,5.82,2022-08-26T15:50:00-05:00,136.2,SE,SE,0.0147,0.0147,40.0,323,12.12,1.86,2.420,5.00
2022-08-27,2022,8,27,239,286,1430.0,99.3,79.81,89.42,2022-08-27T14:50:00-05:00,73.04,2022-08-27T05:40:00-05:00,76.35,81.56,72.14,89.75,98.00,73.00,1012.71,1014.40,1010.40,0.48,2.46,0.00,6.26,2022-08-27T14:30:00-05:00,117.8,ESE,SSE,0.0000,0.0000,0.0,93,7.39,1.86,2.460,5.00
2022-08-28,2022,8,28,240,239,1195.0,83.0,81.83,93.56,2022-08-28T14:10:00-05:00,73.22,2022-08-28T06:20:00-05:00,76.91,80.26,72.92,86.31,100.00,61.00,1012.07,1013.60,1010.90,0.72,3.13,0.00,7.83,2022-08-28T16:00:00-05:00,130.8,SE,SSE,0.0000,0.0000,0.0,69,12.66,0.62,2.530,5.00
2022-08-29,2022,8,29,241,285,1425.0,99.0,81.01,92.30,2022-08-29T13:20:00-05:00,74.12,2022-08-29T06:55:00-05:00,77.86,81.60,73.82,90.93,100.00,67.00,1013.47,1015.10,1012.20,0.43,2.24,0.00,6.71,2022-08-29T16:05:00-05:00,104.8,ESE,ESE,0.0085,0.0085,25.0,100,9.81,1.86,2.640,5.00
2022-08-30,2022,8,30,242,287,1435.0,99.7,80.29,93.38,2022-08-30T14:25:00-05:00,74.66,2022-08-30T23:55:00-05:00,77.37,82.81,74.36,91.79,100.00,67.00,1014.31,1015.80,1011.60,1.91,6.93,0.00,8.95,2022-08-30T17:45:00-05:00,200.3,SSW,SSW,0.7636,0.7636,160.0,3984,5.83,1.24,2.600,5.00
2022-08-31,2022,8,31,243,276,1380.0,95.8,80.81,92.66,2022-08-31T16:40:00-05:00,72.86,2022-08-31T06:00:00-05:00,77.20,81.94,72.56,89.73,100.00,67.00,1013.93,1016.30,1011.20,2.48,8.95,0.00,22.37,2022-08-31T09:45:00-05:00,124.8,SE,NE,0.0000,0.0000,0.0,0,,,2.580,5.00
2022-09-01,2022,9,1,244,287,1435.0,99.7,81.33,91.76,2022-09-01T16:10:00-05:00,73.22,2022-09-01T06:40:00-05:00,74.75,77.71,72.52,82.51,99.00,55.00,1012.86,1014.70,1010.10,0.66,3.13,0.00,6.93,2022-09-01T11:45:00-05:00,49.0,NE,NE,0.0000,0.0000,0.0,0,,,2.600,5.00
2022-09-02,2022,9,2,245,272,1360.0,94.4,79.72,92.30,2022-09-02T12:50:00-05:00,70.52,2022-09-02T06:30:00-05:00,73.83,79.23,69.63,83.75,98.00,62.00,1013.66,1015.60,1012.30,0.31,2.91,0.00,5.59,2022-09-02T11:50:00-05:00,97.2,E,E,0.0000,0.0000,0.0,0,,,2.600,5.00
2022-09-03,2022,9,3,246,287,1435.0,99.7,77.14,88.16,2022-09-03T10:55:00-05:00,73.22,2022-09-03T06:40:00-05:00,75.28,80.44,72.32,94.20,97.00,74.00,1015.73,1017.00,1014.30,0.54,3.13,0.00,6.93,2022-09-03T09:35:00-05:00,79.9,E,E,0.5427,0.5427,205.0,413,12.75,3.73,2.600,5.00
2022-09-04,2022,9,4,247,272,1360.0,94.4,76.94,84.38,2022-09-04T12:30:00-05:00,73.76,2022-09-04T05:30:00-05:00,74.78,77.43,72.85,93.31,97.00,76.00,1013.90,1015.30,1011.90,0.28,2.24,0.00,6.26,2022-09-04T13:15:00-05:00,166.7,SSE,SSE,0.0566,0.0566,130.0,7,3.20,1.24,2.580,5.00
2022-09-05,2022,9,5,248,286,1430.0,99.3,78.14,85.28,2022-09-05T12:00:00-05:00,73.94,2022-09-05T00:05:00-05:00,75.09,78.32,73.03,90.80,97.00,71.00,1013.96,1015.40,1012.50,0.47,2.01,0.00,6.93,2022-09-05T16:40:00-05:00,72.6,ENE,NE,0.0000,0.0000,0.0,0,,,2.550,5.00
2022-09-06,2022,9,6,249,287,1435.0,99.7,77.81,84.20,2022-09-06T14:40:00-05:00,72.50,2022-09-06T06:05:00-05:00,75.32,78.46,71.78,92.32,98.00,80.00,1016.01,1018.00,1014.50,0.28,1.79,0.00,4.03,2022-09-06T10:25:00-05:00,62.3,ENE,NE,0.0000,0.0000,0.0,0,,,2.540,5.00
2022-09-07,2022,9,7,250,287,1435.0,99.7,78.09,88.88,2022-09-07T15:25:00-05:00,67.82,2022-09-07T21:40:00-05:00,73.69,77.99,67.23,87.41,98.00,63.00,1013.68,1015.80,1010.30,0.79,4.25,0.00,8.72,2022-09-07T20:50:00-05:00,48.9,NE,NE,0.3068,0.3068,190.0,2309,9.65,1.24,2.540,5.00
2022-09-08,2022,9,8,251,288,1440.0,100.0,73.53,87.26,2022-09-08T14:30:00-05:00,68.36,2022-09-08T00:00:00-05:00,71.22,76.31,67.77,93.09,99.00,67.00,1008.42,1011.70,1005.80,0.36,2.91,0.00,5.37,2022-09-08T14:45:00-05:00,41.5,NE,NNE,0.0104,0.0104,100.0,1289,11.18,3.11,2.590,5.00
2022-09-09,2022,9,9,252,288,1440.0,100.0,72.96,86.18,2022-09-09T12:50:00-05:00,68.00,2022-09-09T05:45:00-05:00,70.68,76.51,67.41,93.12,99.00,71.00,1007.11,1009.50,1005.40,1.13,7.83,0.00,11.41,2022-09-09T15:00:00-05:00,12.2,NNE,NE,1.5080,1.5080,85.0,1054,10.37,1.86,2.580,5.00
2022-09-10,2022,9,10,253,287,1435.0,99.7,75.08,86.90,2022-09-10T14:00:00-05:00,67.46,2022-09-10T06:55:00-05:00,71.99,77.32,66.58,90.74,98.00,71.00,1011.61,1014.40,1009.20,0.38,2.68,0.00,4.92,2022-09-10T12:50:00-05:00,33.5,NNE,NNE,0.0000,0.0000,0.0,0,,,2.590,5.00
2022-09-11,2022,9,11,254,287,1435.0,99.7,78.56,91.58,2022-09-11T15:00:00-05:00,68.36,2022-09-11T06:40:00-05:00,73.08,77.61,67.47,84.76,97.00,58.00,1014.45,1016.20,1012.30,0.49,2.46,0.00,7.83,2022-09-11T12:45:00-05:00,71.5,ENE,NE,0.0000,0.0000,0.0,13,7.36,5.59,2.600,5.00
2022-09-12,2022,9,12,255,288,1440.0,100.0,76.72,86.72,2022-09-12T14:20:00-05:00,69.80,2022-09-12T23:50:00-05:00,72.78,77.84,67.99,88.26,97.00,72.00,1012.97,1015.20,1010.70,0.88,3.58,0.00,5.14,2022-09-12T03:40:00-05:00,28.8,NNE,NNE,0.0000,0.0000,0.0,0,,,2.600,5.00
2022-09-13,2022,9,13,256,287,1435.0,99.7,71.25,81.32,2022-09-13T14:20:00-05:00,62.96,2022-09-13T06:55:00-05:00,65.30,68.21,62.09,83.07,98.00,60.00,1013.16,1014.50,1011.70,0.99,2.68,0.00,8.72,2022-09-13T16:55:00-05:00,16.9,NNE,NE,0.0000,0.0000,0.0,0,,,2.600,5.00
2022-09-14,2022,9,14,257,288,1440.0,100.0,71.26,86.36,2022-09-14T15:40:00-05:00,58.10,2022-09-14T07:05:00-05:00,63.40,68.12,57.14,79.23,98.00,49.00,1014.96,1016.70,1013.20,0.96,3.80,0.00,8.05,2022-09-14T11:10:00-05:00,35.7,NE,NE,0.0000,0.0000,0.0,0,,,2.600,5.00
2022-09-15,2022,9,15,258,287,1435.0,99.7,73.79,87.98,2022-09-15T15:05:00-05:00,61.88,2022-09-15T05:50:00-05:00,66.45,71.50,60.73,80.34,97.00,50.00,1016.42,1017.90,1014.90,0.64,3.13,0.00,10.07,2022-09-15T11:50:00-05:00,56.4,ENE,NE,0.0000,0.0000,0.0,0,,,2.600,5.00
2022-09-16,2022,9,16,259,287,1435.0,99.7,75.29,90.86,2022-09-16T14:30:00-05:00,63.86,2022-09-16T04:35:00-05:00,69.67,76.63,62.99,84.25,98.00,56.00,1016.55,1018.20,1014.80,0.49,2.91,0.00,5.59,2022-09-16T10:20:00-05:00,50.5,NE,NNE,0.0000,0.0000,0.0,0,,,2.600,5.00
2022-09-17,2022,9,17,260,287,1435.0,99.7,76.46,89.06,2022-09-17T12:40:00-05:00,66.92,2022-09-17T06:25:00-05:00,72.09,77.88,66.34,87.67,98.00,64.00,1015.87,1017.10,1014.30,0.52,2.68,0.00,7.61,2022-09-17T11:20:00-05:00,37.6,NE,NNE,0.1959,0.1959,40.0,0,,,2.590,5.00
2022-09-18,2022,9,18,261,287,1435.0,99.7,79.07,90.32,2022-09-18T12:30:00-05:00,70.34,2022-09-18T06:45:00-05:00,74.58,79.64,69.75,87.30,98.00,65.00,1015.23,1017.10,1013.50,0.51,3.13,0.00,8.28,2022-09-18T15:45:00-05:00,91.3,E,E,0.0000,0.0000,0.0,5,4.72,2.49,2.600,5.00
2022-09-19,2022,9,19,262,288,1440.0,100.0,79.21,91.58,2022-09-19T14:40:00-05:00,70.52,2022-09-19T06:50:00-05:00,74.41,79.38,69.93,86.64,98.00,61.00,1014.95,1017.30,1013.00,0.38,1.79,0.00,6.04,2022-09-19T14:55:00-05:00,29.6,NNE,NNE,0.0000,0.0000,0.0,0,,,2.600,5.00
2022-09-20,2022,9,20,263,287,1435.0,99.7,78.16,91.76,2022-09-20T14:55:00-05:00,66.74,2022-09-20T06:55:00-05:00,71.11,74.77,66.16,81.45,99.00,52.00,1014.70,1016.90,1012.70,0.42,2.24,0.00,7.16,2022-09-20T13:30:00-05:00,33.3,NNE,N,0.0000,0.0000,0.0,0,,,2.600,5.00
2022-09-21,2022,9,21,264,143,715.0,49.7,74.79,92.30,2022-09-21T11:45:00-05:00,69.26,2022-09-21T06:40:00-05:00,71.89,78.83,68.67,91.75,99.00,62.00,1013.85,1014.80,1012.90,0.28,2.01,0.00,4.03,2022-09-21T10:30:00-05:00,21.0,NNE,NNE,0.0000,0.0000,0.0,0,,,2.600,5.00
2022-09-22,2022,9,22,265,207,1035.0,71.9,85.02,95.36,2022-09-22T14:40:00-05:00,71.24,2022-09-22T06:45:00-05:00,76.30,79.64,70.94,77.19,99.00,54.00,1011.81,1013.90,1009.80,0.86,2.46,0.00,6.26,2022-09-22T16:40:00-05:00,41.0,NE,NE,0.0000,0.0000,0.0,0,,,2.580,5.00
2022-09-23,2022,9,23,266,287,1435.0,99.7,79.52,92.12,2022-09-23T15:45:00-05:00,72.32,2022-09-23T06:55:00-05:00,73.21,76.89,69.13,82.56,99.00,59.00,1013.89,1015.70,1012.30,0.74,2.68,0.00,5.82,2022-09-23T08:25:00-05:00,28.4,NNE,NNE,0.0000,0.0000,0.0,0,,,2.600,5.00
2022-09-24,2022,9,24,267,288,1440.0,100.0,78.11,92.84,2022-09-24T15:30:00-05:00,65.84,2022-09-24T06:50:00-05:00,70.62,76.91,64.37,79.86,97.00,53.00,1014.47,1016.30,1011.90,0.55,2.24,0.00,6.04,2022-09-24T13:05:00-05:00,37.8,NE,NNE,0.0000,0.0000,0.0,0,,,2.600,5.00
2022-09-25,2022,9,25,268,287,1435.0,99.7,78.11,93.92,2022-09-25T14:50:00-05:00,66.74,2022-09-25T06:35:00-05:00,72.35,77.26,66.45,84.54,99.00,56.00,1012.40,1014.20,1010.20,0.42,2.01,0.00,4.92,2022-09-25T12:25:00-05:00,46.1,NE,NE,0.0000,0.0000,0.0,775,11.22,4.35,2.600,5.00
2022-09-26,2022,9,26,269,288,1440.0,100.0,78.26,92.66,2022-09-26T14:45:00-05:00,69.44,2022-09-26T06:30:00-05:00,70.68,78.04,58.69,79.42,99.00,58.00,1012.14,1014.50,1010.20,1.14,4.92,0.00,9.40,2022-09-26T09:30:00-05:00,35.6,NE,NNE,0.0000,0.0000,0.0,0,,,2.600,5.00
2022-09-27,2022,9,27,270,287,1435.0,99.7,69.77,81.68,2022-09-27T14:40:00-05:00,57.02,2022-09-27T06:50:00-05:00,53.74,58.18,50.87,59.28,87.00,36.00,1015.67,1017.60,1014.20,1.34,3.58,0.00,9.62,2022-09-27T12:25:00-05:00,13.6,NNE,N,0.0000,0.0000,0.0,0,,,2.600,5.00
2022-09-28,2022,9,28,271,190,950.0,66.0,67.24,81.86,2022-09-28T15:00:00-05:00,55.94,2022-09-28T05:00:00-05:00,51.53,55.72,49.19,59.66,83.00,37.00,1018.53,1019.90,1016.40,1.98,5.14,0.00,12.97,2022-09-28T14:25:00-05:00,14.2,NNE,NNE,0.0000,0.0000,0.0,0,,,2.600,5.00
2022-09-29,2022,9,29,272,35,175.0,12.2,62.54,66.02,2022-09-29T21:05:00-05:00,60.62,2022-09-29T23:35:00-05:00,51.23,51.72,50.77,66.63,72.00,58.00,1016.16,1016.50,1015.70,0.01,0.22,0.00,1.57,2022-09-29T23:30:00-05:00,,,,0.0000,0.0000,0.0,0,,,2.600,5.00
2022-09-30,2022,9,30,273,287,1435.0,99.7,66.65,82.58,2022-09-30T15:15:00-05:00,54.68,2022-09-30T07:05:00-05:00,53.25,58.29,48.01,64.85,86.00,36.00,1013.56,1015.70,1011.00,0.52,2.24,0.00,6.71,2022-09-30T15:55:00-05:00,349.2,N,NNW,0.0000,0.0000,0.0,0,,,2.560,5.00
2022-10-01,2022,10,1,274,288,1440.0,100.0,68.55,87.62,2022-10-01T15:45:00-05:00,55.40,2022-10-01T07:10:00-05:00,53.68,57.08,50.27,63.29,90.00,31.00,1013.81,1015.90,1012.00,0.30,1.79,0.00,5.14,2022-10-01T13:35:00-05:00,350.0,N,N,0.0000,0.0000,0.0,0,,,2.590,5.00
2022-10-02,2022,10,2,275,287,1435.0,99.7,69.91,89.96,2022-10-02T15:30:00-05:00,53.96,2022-10-02T07:05:00-05:00,54.44,56.59,51.59,62.38,94.00,31.00,1016.54,1018.50,1014.70,0.23,1.79,0.00,4.03,2022-10-02T09:35:00-05:00,350.1,N,N,0.0000,0.0000,0.0,0,,,2.590,5.00
2022-10-03,2022,10,3,276,287,1435.0,99.7,70.72,87.26,2022-10-03T16:05:00-05:00,58.82,2022-10-03T07:15:00-05:00,58.37,63.00,54.00,67.34,87.00,39.00,1016.86,1018.60,1014.70,0.24,1.79,0.00,4.92,2022-10-03T12:10:00-05:00,331.5,NNW,NW,0.0000,0.0000,0.0,0,,,2.590,5.00
2022-10-04,2022,10,4,277,287,1435.0,99.7,71.55,81.86,2022-10-04T12:00:00-05:00,62.96,2022-10-04T05:50:00-05:00,64.32,70.77,59.84,78.75,91.00,59.00,1016.93,1018.20,1015.60,0.36,2.01,0.00,6.93,2022-10-04T14:00:00-05:00,150.9,SSE,SSE,0.0000,0.0000,0.0,0,,,2.590,5.00
2022-10-05,2022,10,5,278,287,1435.0,99.7,72.13,84.92,2022-10-05T16:20:00-05:00,62.60,2022-10-05T07:00:00-05:00,64.16,67.19,60.41,78.49,99.00,47.00,1017.39,1018.90,1015.80,0.25,1.57,0.00,6.93,2022-10-05T11:45:00-05:00,147.7,SSE,SSE,0.0000,0.0000,0.0,0,,,2.570,5.00
2022-10-06,2022,10,6,279,288,1440.0,100.0,74.34,88.52,2022-10-06T16:10:00-05:00,66.38,2022-10-06T23:55:00-05:00,64.46,67.88,57.45,74.56,97.00,38.00,1018.22,1019.80,1016.50,0.23,2.46,0.00,5.37,2022-10-06T15:15:00-05:00,160.8,SSE,NW,0.0000,0.0000,0.0,0,,,2.590,5.00
2022-10-07,2022,10,7,280,287,1435.0,99.7,73.52,89.96,2022-10-07T14:05:00-05:00,60.44,2022-10-07T07:00:00-05:00,62.42,67.04,57.11,72.28,98.00,38.00,1019.52,1021.50,1017.40,0.18,1.57,0.00,4.25,2022-10-07T14:00:00-05:00,142.5,SE,SE,0.0000,0.0000,0.0,0,,,2.590,5.00
2022-10-08,2022,10,8,281,288,1440.0,100.0,74.77,87.44,2022-10-08T15:25:00-05:00,66.74,2022-10-08T07:25:00-05:00,60.45,67.17,56.59,62.68,87.00,38.00,1021.10,1023.40,1019.30,0.43,2.01,0.00,6.04,2022-10-08T15:15:00-05:00,314.6,NW,NW,0.0000,0.0000,0.0,0,,,2.590,5.00
2022-10-09,2022,10,9,282,287,1435.0,99.7,68.22,82.94,2022-10-09T14:20:00-05:00,59.00,2022-10-09T06:15:00-05:00,53.95,59.02,46.83,62.87,86.00,31.00,1022.10,1024.30,1020.20,0.30,1.34,0.00,4.70,2022-10-09T10:55:00-05:00,241.7,WSW,SSE,0.0000,0.0000,0.0,0,,,2.590,5.00
2022-10-10,2022,10,10,283,287,1435.0,99.7,68.38,86.54,2022-10-10T15:50:00-05:00,57.56,2022-10-10T07:15:00-05:00,55.07,61.35,49.66,65.31,84.00,35.00,1021.19,1023.50,1019.20,0.28,1.57,0.00,5.59,2022-10-10T12:10:00-05:00,282.8,WNW,NW,0.0000,0.0000,0.0,0,,,2.590,5.00
2022-10-11,2022,10,11,284,288,1440.0,100.0,69.98,83.12,2022-10-11T16:40:00-05:00,57.20,2022-10-11T06:05:00-05:00,59.92,69.55,48.63,72.00,95.00,46.00,1019.13,1021.10,1017.10,0.33,1.79,0.00,7.16,2022-10-11T16:35:00-05:00,149.1,SSE,SSE,0.0000,0.0000,0.0,0,,,2.600,5.00
2022-10-12,2022,10,12,285,287,1435.0,99.7,77.18,88.34,2022-10-12T13:55:00-05:00,70.52,2022-10-12T05:25:00-05:00,73.77,78.76,69.91,89.92,100.00,67.00,1014.52,1017.60,1011.50,0.42,1.79,0.00,5.37,2022-10-12T10:00:00-05:00,140.1,SE,SE,0.0000,0.0000,0.0,32,16.29,4.97,2.580,5.00
2022-10-13,2022,10,13,286,288,1440.0,100.0,76.28,89.06,2022-10-13T16:35:00-05:00,65.66,2022-10-13T23:55:00-05:00,69.23,75.02,62.82,81.12,100.00,49.00,1012.32,1013.90,1010.30,0.22,2.46,0.00,7.38,2022-10-13T17:25:00-05:00,333.2,NNW,NW,0.0127,0.0127,45.0,2,4.66,4.35,2.560,5.00
2022-10-14,2022,10,14,287,287,1435.0,99.7,70.00,83.30,2022-10-14T13:00:00-05:00,59.54,2022-10-14T07:05:00-05:00,57.33,61.97,51.38,66.70,89.00,34.00,1014.67,1016.60,1013.50,0.34,1.79,0.00,6.49,2022-10-14T15:15:00-05:00,146.0,SE,SE,0.0000,0.0000,0.0,0,,,2.590,5.00
2022-10-15,2022,10,15,288,287,1435.0,99.7,70.18,86.36,2022-10-15T16:35:00-05:00,58.10,2022-10-15T06:55:00-05:00,61.99,68.32,54.52,78.19,99.00,36.00,1017.01,1018.80,1015.80,0.33,2.01,0.00,6.49,2022-10-15T13:05:00-05:00,141.4,SE,SE,0.0000,0.0000,0.0,0,,,2.580,5.00
2022-10-16,2022,10,16,289,287,1435.0,99.7,72.00,86.54,2022-10-16T14:10:00-05:00,58.82,2022-10-16T06:15:00-05:00,66.92,73.57,57.97,85.77,99.00,55.00,1015.55,1017.70,1013.10,0.31,2.01,0.00,5.59,2022-10-16T13:20:00-05:00,139.4,SE,SE,0.0000,0.0000,0.0,0,,,2.580,5.00
2022-10-17,2022,10,17,290,287,1435.0,99.7,71.69,80.96,2022-10-17T12:35:00-05:00,61.70,2022-10-17T23:55:00-05:00,64.87,71.00,47.84,80.43,100.00,60.00,1012.91,1014.30,1010.90,0.24,1.79,0.00,5.37,2022-10-17T12:50:00-05:00,311.7,NW,NW,0.0000,0.0000,0.0,0,,,2.580,5.00
2022-10-18,2022,10,18,291,288,1440.0,100.0,56.39,65.66,2022-10-18T13:45:00-05:00,47.30,2022-10-18T23:50:00-05:00,33.95,47.95,28.17,43.96,62.00,28.00,1017.34,1022.30,1013.80,0.70,2.46,0.00,5.82,2022-10-18T12:15:00-05:00,339.0,NNW,NNW,0.0000,0.0000,0.0,0,,,2.540,5.00
2022-10-19,2022,10,19,292,287,1435.0,99.7,51.10,66.20,2022-10-19T16:20:00-05:00,38.48,2022-10-19T07:15:00-05:00,35.18,44.12,28.93,56.92,84.00,30.00,1022.56,1024.90,1020.70,0.41,1.79,0.00,6.49,2022-10-19T14:00:00-05:00,50.2,NE,NNW,0.0000,0.0000,0.0,0,,,2.510,5.00
2022-10-20,2022,10,20,293,288,1440.0,100.0,54.85,69.26,2022-10-20T16:40:00-05:00,39.02,2022-10-20T06:50:00-05:00,39.05,45.88,32.53,59.38,92.00,29.00,1019.28,1022.00,1015.80,0.40,2.01,0.00,7.38,2022-10-20T12:25:00-05:00,140.6,SE,SE,0.0000,0.0000,0.0,0,,,2.530,5.00
2022-10-21,2022,10,21,294,287,1435.0,99.7,64.79,78.80,2022-10-21T16:45:00-05:00,50.18,2022-10-21T07:10:00-05:00,54.11,60.54,45.71,69.70,89.00,49.00,1017.41,1019.20,1015.90,0.53,1.79,0.00,7.38,2022-10-21T16:20:00-05:00,148.2,SSE,SSE,0.0000,0.0000,0.0,0,,,2.520,5.00
2022-10-22,2022,10,22,295,287,1435.0,99.7,67.00,78.62,2022-10-22T16:30:00-05:00,54.14,2022-10-22T07:10:00-05:00,58.42,63.20,52.45,75.76,97.00,51.00,1017.78,1020.20,1016.10,0.43,2.01,0.00,8.05,2022-10-22T12:50:00-05:00,150.1,SSE,SSE,0.0000,0.0000,0.0,0,,,2.510,5.00
2022-10-23,2022,10,23,296,288,1440.0,100.0,68.54,80.96,2022-10-23T16:40:00-05:00,59.18,2022-10-23T07:15:00-05:00,59.71,62.54,58.11,76.14,98.00,48.00,1017.49,1019.80,1015.80,0.46,2.24,0.00,8.72,2022-10-23T13:05:00-05:00,149.5,SSE,SSE,0.0000,0.0000,0.0,0,,,2.480,5.00
2022-10-24,2022,10,24,297,287,1435.0,99.7,72.22,84.74,2022-10-24T14:20:00-05:00,60.26,2022-10-24T03:10:00-05:00,65.32,71.56,59.11,80.96,100.00,54.00,1014.69,1017.00,1011.40,0.71,2.24,0.00,8.95,2022-10-24T12:05:00-05:00,149.0,SSE,SSE,0.0000,0.0000,0.0,0,,,2.490,5.00
2022-10-25,2022,10,25,298,288,1440.0,100.0,72.08,77.72,2022-10-25T16:50:00-05:00,60.08,2022-10-25T23:55:00-05:00,66.03,73.78,53.13,82.38,100.00,55.00,1010.80,1014.00,1008.10,0.76,2.46,0.00,8.05,2022-10-25T08:50:00-05:00,149.6,SSE,SSE,0.2090,0.2090,80.0,0,,,2.450,5.00
2022-10-26,2022,10,26,299,288,1440.0,100.0,62.04,80.42,2022-10-26T16:50:00-05:00,51.80,2022-10-26T07:40:00-05:00,50.24,56.14,46.03,68.11,87.00,34.00,1014.41,1017.00,1012.40,0.25,1.57,0.00,6.04,2022-10-26T13:35:00-05:00,324.1,NW,NW,0.0000,0.0000,0.0,0,,,2.440,5.00
2022-10-27,2022,10,27,300,288,1440.0,100.0,60.42,74.66,2022-10-27T16:50:00-05:00,50.90,2022-10-27T07:35:00-05:00,52.69,57.92,48.07,76.88,94.00,53.00,1015.61,1017.30,1014.10,0.52,1.79,0.00,6.04,2022-10-27T08:25:00-05:00,71.8,ENE,SSE,0.0000,0.0000,0.0,0,,,2.440,5.00
2022-10-28,2022,10,28,301,287,1435.0,99.7,62.43,73.22,2022-10-28T14:15:00-05:00,52.34,2022-10-28T04:05:00-05:00,58.08,63.68,51.23,86.47,98.00,67.00,1017.80,1019.50,1016.50,0.16,1.34,0.00,3.80,2022-10-28T10:20:00-05:00,104.2,ESE,SSE,0.0000,0.0000,0.0,0,,,2.420,5.00
2022-10-29,2022,10,29,302,287,1435.0,99.7,69.07,78.08,2022-10-29T12:10:00-05:00,63.32,2022-10-29T23:55:00-05:00,67.68,74.42,60.96,95.43,100.00,86.00,1014.85,1017.80,1012.00,0.70,2.46,0.00,9.40,2022-10-29T16:00:00-05:00,163.3,SSE,SSE,1.5908,1.5908,135.0,227,10.24,0.62,2.390,5.00
2022-10-30,2022,10,30,303,288,1440.0,100.0,64.05,71.24,2022-10-30T16:35:00-05:00,56.12,2022-10-30T07:25:00-05:00,60.35,62.63,56.12,88.47,100.00,70.00,1014.16,1015.90,1012.20,0.36,2.68,0.00,4.47,2022-10-30T14:35:00-05:00,147.9,SSE,SE,0.0000,0.0000,0.0,0,,,2.380,5.00
2022-10-31,2022,10,31,304,287,1435.0,99.7,65.24,75.74,2022-10-31T16:15:00-05:00,56.66,2022-10-31T07:25:00-05:00,60.64,64.05,56.28,86.39,99.00,61.00,1015.68,1018.30,1014.00,0.28,2.24,0.00,4.25,2022-10-31T14:55:00-05:00,155.7,SSE,SSE,0.0000,0.0000,0.0,0,,,2.380,5.00
2022-11-01,2022,11,1,305,286,1430.0,99.3,64.83,75.20,2022-11-01T15:05:00-05:00,57.56,2022-11-01T05:55:00-05:00,60.20,63.31,57.00,86.15,99.00,61.00,1020.39,1022.80,1018.00,0.08,2.01,0.00,2.68,2022-11-01T15:30:00-05:00,179.8,S,SSE,0.0000,0.0000,0.0,0,,,2.380,5.00
2022-11-02,2022,11,2,306,287,1435.0,99.7,67.62,79.16,2022-11-02T13:20:00-05:00,59.18,2022-11-02T07:30:00-05:00,61.09,64.38,57.34,81.10,96.00,55.00,1021.83,1024.00,1020.00,0.23,2.24,0.00,3.13,2022-11-02T14:05:00-05:00,166.2,SSE,SSE,0.0000,0.0000,0.0,0,,,2.370,5.00
2022-11-03,2022,11,3,307,287,1435.0,99.7,68.81,82.58,2022-11-03T13:20:00-05:00,57.92,2022-11-03T06:20:00-05:00,61.02,65.30,57.07,78.64,98.00,50.00,1019.73,1021.90,1017.50,0.37,2.68,0.00,5.37,2022-11-03T17:05:00-05:00,156.3,SSE,SSE,0.0000,0.0000,0.0,0,,,2.370,5.00
2022-11-04,2022,11,4,308,288,1440.0,100.0,74.42,83.30,2022-11-04T12:50:00-05:00,64.22,2022-11-04T00:00:00-05:00,70.77,74.25,62.46,89.07,99.00,70.00,1016.16,1018.60,1013.50,0.70,2.91,0.00,4.92,2022-11-04T11:05:00-05:00,165.3,SSE,S,0.0000,0.0000,0.0,0,,,2.380,5.00
2022-11-05,2022,11,5,309,287,1435.0,99.7,69.57,74.30,2022-11-05T08:55:00-05:00,62.42,2022-11-05T10:20:00-05:00,68.73,73.52,62.13,97.20,99.00,91.00,1012.68,1015.70,1010.80,1.05,3.13,0.00,4.70,2022-11-05T08:55:00-05:00,144.7,SE,SSE,1.5502,1.5502,360.0,321,13.01,0.00,2.350,5.00
2022-11-06,2022,11,6,310,287,1435.0,95.7,73.38,83.30,2022-11-06T15:50:00-06:00,66.20,2022-11-06T06:30:00-06:00,70.26,74.93,65.91,90.69,99.00,71.00,1015.59,1018.60,1013.50,0.21,1.34,0.00,2.46,2022-11-06T13:25:00-06:00,171.7,S,SSE,0.0000,0.0000,0.0,0,,,2.350,5.00
2022-11-07,2022,11,7,311,287,1435.0,99.7,73.99,86.00,2022-11-07T15:50:00-06:00,66.38,2022-11-07T06:30:00-06:00,70.72,77.38,66.09,90.41,99.00,66.00,1020.28,1022.30,1018.60,0.22,1.34,0.00,2.24,2022-11-07T13:25:00-06:00,160.8,SSE,SSE,0.0000,0.0000,0.0,0,,,2.350,5.00
2022-11-08,2022,11,8,312,287,1435.0,99.7,74.36,85.28,2022-11-08T12:50:00-06:00,67.82,2022-11-08T06:20:00-06:00,68.62,72.12,67.05,83.99,99.00,57.00,1021.74,1023.50,1020.40,0.13,1.34,0.00,2.68,2022-11-08T16:10:00-06:00,152.9,SSE,SSE,0.0000,0.0000,0.0,0,,,2.350,5.00
2022-11-09,2022,11,9,313,287,1435.0,99.7,69.09,81.68,2022-11-09T15:50:00-06:00,57.74,2022-11-09T23:55:00-06:00,56.11,67.35,45.62,66.57,97.00,31.00,1020.13,1022.70,1017.50,0.21,2.46,0.00,4.70,2022-11-09T14:25:00-06:00,341.1,NNW,N,0.0000,0.0000,0.0,0,,,2.350,5.00
2022-11-10,2022,11,10,314,287,1435.0,99.7,63.89,79.88,2022-11-10T15:50:00-06:00,54.50,2022-11-10T06:45:00-06:00,55.97,62.86,48.97,76.20,87.00,54.00,1012.13,1017.40,1007.20,0.19,2.01,0.00,2.46,2022-11-10T14:20:00-06:00,351.7,N,NNW,0.0000,0.0000,0.0,0,,,2.350,5.00
2022-11-11,2022,11,11,315,287,1435.0,99.7,65.73,78.44,2022-11-11T15:45:00-06:00,56.48,2022-11-11T06:50:00-06:00,59.05,64.18,55.35,80.63,97.00,53.00,1008.76,1012.40,1006.70,0.15,2.01,0.00,2.68,2022-11-11T14:30:00-06:00,168.4,SSE,SSE,0.0000,0.0000,0.0,0,,,2.350,5.00
2022-11-12,2022,11,12,316,287,1435.0,99.7,55.00,62.42,2022-11-12T08:15:00-06:00,41.54,2022-11-12T23:50:00-06:00,50.51,61.26,36.32,85.09,98.00,66.00,1016.40,1022.10,1010.60,1.71,2.68,0.00,4.47,2022-11-12T15:50:00-06:00,2.6,N,N,0.0000,0.0000,0.0,0,,,2.350,5.00
2022-11-13,2022,11,13,317,287,1435.0,99.7,45.31,58.64,2022-11-13T15:40:00-06:00,36.14,2022-11-13T06:50:00-06:00,34.48,39.72,29.46,67.82,87.00,40.00,1021.77,1023.80,1019.60,0.71,1.12,0.00,1.57,2022-11-13T14:15:00-06:00,19.1,NNE,NNW,0.0000,0.0000,0.0,0,,,2.350,5.00
2022-11-14,2022,11,14,318,275,1375.0,95.5,49.32,64.22,2022-11-14T15:45:00-06:00,37.40,2022-11-14T06:00:00-06:00,43.49,55.36,32.36,81.08,99.00,63.00,1017.81,1021.40,1012.20,,,,,,,,,0.0000,0.0000,0.0,11,15.93,10.56,2.340,5.00
2022-11-15,2022,11,15,319,287,1435.0,99.7,52.80,58.82,2022-11-15T02:50:00-06:00,45.32,2022-11-15T23:50:00-06:00,50.26,58.54,40.19,91.17,99.00,80.00,1018.95,1024.90,1012.00,,,,,,,,,0.0000,0.0000,0.0,0,,,2.340,5.00
2022-11-16,2022,11,16,320,287,1435.0,99.7,46.48,52.16,2022-11-16T13:25:00-06:00,40.64,2022-11-16T05:25:00-06:00,40.34,42.90,37.70,79.76,95.00,62.00,1026.39,1028.20,1024.40,,,,,,,,,0.0000,0.0000,0.0,0,,,2.340,5.00
2022-11-17,2022,11,17,321,287,1435.0,99.7,45.72,53.78,2022-11-17T11:35:00-06:00,38.48,2022-11-17T23:55:00-06:00,36.89,40.46,32.75,72.94,91.00,45.00,1027.43,1029.00,1025.10,,,,,,,,,0.0000,0.0000,0.0,0,,,2.340,5.00
2022-11-18,2022,11,18,322,287,1435.0,99.7,45.00,57.56,2022-11-18T14:50:00-06:00,33.80,2022-11-18T05:55:00-06:00,33.43,42.74,26.57,66.48,92.00,35.00,1026.62,1028.90,1023.90,,,,,,,,,0.0000,0.0000,0.0,0,,,2.340,5.00
2022-11-19,2022,11,19,323,287,1435.0,99.7,46.49,50.00,2022-11-19T10:50:00-06:00,44.24,2022-11-19T23:20:00-06:00,41.21,46.76,35.45,82.79,99.00,62.00,1026.65,1029.00,1025.40,,,,,,,,,0.0000,0.0000,0.0,0,,,2.340,5.00
2022-11-20,2022,11,20,324,288,1440.0,100.0,45.54,54.86,2022-11-20T14:55:00-06:00,39.56,2022-11-20T23:50:00-06:00,37.49,43.98,31.99,75.57,99.00,44.00,1027.46,1029.50,1025.20,,,,,,,,,0.0000,0.0000,0.0,0,,,2.340,5.00
2022-11-21,2022,11,21,325,287,1435.0,99.7,48.27,59.90,2022-11-21T13:35:00-06:00,37.40,2022-11-21T01:55:00-06:00,35.85,42.08,30.38,64.07,89.00,37.00,1026.56,1028.70,1024.50,,,,,,,,,0.0000,0.0000,0.0,0,,,2.330,5.00
2022-11-22,2022,11,22,326,287,1435.0,99.7,53.01,59.72,2022-11-22T13:55:00-06:00,46.94,2022-11-22T01:20:00-06:00,46.02,55.31,36.81,77.75,96.00,64.00,1024.00,1025.80,1022.00,,,,,,,,,0.0000,0.0000,0.0,0,,,2.310,5.00
2022-11-23,2022,11,23,327,287,1435.0,99.7,60.44,74.84,2022-11-23T12:50:00-06:00,52.16,2022-11-23T06:20:00-06:00,54.18,61.00,48.59,80.91,94.00,57.00,1019.71,1022.00,1017.10,,,,,,,,,0.0000,0.0000,0.0,0,,,2.240,5.00
2022-11-24,2022,11,24,328,267,1335.0,92.7,65.39,75.74,2022-11-24T11:25:00-06:00,55.22,2022-11-24T05:20:00-06:00,62.62,68.80,52.94,91.09,99.00,77.00,1015.14,1018.00,1012.20,0.00,0.00,0.00,0.00,2022-11-24T04:50:00-06:00,,,,0.0000,0.0000,0.0,1,25.48,25.48,2.110,5.00
2022-11-25,2022,11,25,329,287,1435.0,99.7,65.06,67.64,2022-11-25T13:55:00-06:00,63.14,2022-11-25T23:20:00-06:00,64.62,67.35,61.98,98.49,99.00,95.00,1015.96,1018.60,1013.70,,,,,,,,,0.0000,0.0000,0.0,0,,,2.150,5.00
2022-11-26,2022,11,26,330,67,335.0,23.3,64.33,68.72,2022-11-26T15:10:00-06:00,62.24,2022-11-26T02:00:00-06:00,63.77,68.43,61.38,98.06,99.00,96.00,1012.91,1017.90,1007.40,2.46,2.46,2.46,2.46,2022-11-26T12:10:00-06:00,14.0,NNE,NNE,0.0000,0.0000,0.0,0,,,2.110,5.00
2022-11-27,2022,11,27,331,199,995.0,69.1,64.95,71.42,2022-11-27T14:10:00-06:00,51.62,2022-11-27T07:25:00-06:00,57.08,60.12,50.97,76.73,99.00,57.00,1012.66,1014.50,1010.70,0.45,0.45,0.45,0.67,2022-11-27T07:25:00-06:00,,,,0.0000,0.0000,0.0,0,,,2.150,5.00
2022-11-28,2022,11,28,332,287,1435.0,99.7,62.28,70.52,2022-11-28T11:30:00-06:00,57.02,2022-11-28T23:55:00-06:00,58.65,63.35,55.78,88.71,99.00,62.00,1014.91,1016.80,1013.70,,,,,,,,,0.0000,0.0000,0.0,0,,,2.250,5.00
2022-11-29,2022,11,29,333,287,1435.0,99.7,69.55,78.08,2022-11-29T13:55:00-06:00,56.84,2022-11-29T00:10:00-06:00,68.35,74.42,56.00,96.13,99.00,86.00,1012.67,1014.80,1010.40,,,,,,,,,0.0000,0.0000,0.0,0,,,2.290,5.00
2022-11-30,2022,11,30,334,287,1435.0,99.7,63.91,72.14,2022-11-30T00:05:00-06:00,47.48,2022-11-30T23:55:00-06:00,52.68,71.84,34.28,69.93,99.00,39.00,1019.89,1026.60,1011.70,,,,,,,,,0.0000,0.0000,0.0,320,15.20,3.11,2.310,5.00
2022-12-01,2022,12,1,335,287,1435.0,99.7,48.55,62.06,2022-12-01T14:35:00-06:00,39.56,2022-12-01T07:00:00-06:00,36.14,44.65,28.66,65.23,92.00,30.00,1027.27,1029.40,1025.70,,,,,,,,,0.0000,0.0000,0.0,0,,,2.330,5.00
2022-12-02,2022,12,2,336,287,1435.0,99.7,60.24,74.66,2022-12-02T11:35:00-06:00,41.90,2022-12-02T02:55:00-06:00,55.84,68.01,38.31,85.84,98.00,70.00,1023.67,1025.70,1021.40,,,,,,,,,0.0000,0.0000,0.0,0,,,2.340,5.00
2022-12-03,2022,12,3,337,287,1435.0,99.7,69.95,75.02,2022-12-03T15:35:00-06:00,66.02,2022-12-03T22:55:00-06:00,69.08,72.64,65.73,97.13,99.00,91.00,1024.42,1026.40,1023.30,,,,,,,,,0.0000,0.0000,0.0,0,,,2.330,5.00
2022-12-04,2022,12,4,338,287,1435.0,99.7,65.75,73.04,2022-12-04T14:20:00-06:00,62.24,2022-12-04T07:10:00-06:00,64.34,67.50,61.95,95.41,99.00,80.00,1021.85,1024.70,1018.70,,,,,,,,,0.0000,0.0000,0.0,0,,,2.340,5.00
2022-12-05,2022,12,5,339,287,1435.0,99.7,67.04,72.86,2022-12-05T13:45:00-06:00,63.32,2022-12-05T02:20:00-06:00,65.93,69.65,63.03,96.36,99.00,83.00,1016.58,1018.50,1014.50,,,,,,,,,0.0000,0.0000,0.0,0,,,2.340,5.00
2022-12-06,2022,12,6,340,288,1440.0,100.0,72.20,79.16,2022-12-06T12:05:00-06:00,68.18,2022-12-06T00:00:00-06:00,69.33,72.30,67.89,91.18,99.00,77.00,1017.81,1020.80,1015.70,,,,,,,,,0.0000,0.0000,0.0,0,,,2.340,5.00
2022-12-07,2022,12,7,341,285,1425.0,99.0,72.45,81.68,2022-12-07T14:30:00-06:00,65.84,2022-12-07T07:10:00-06:00,68.61,71.26,65.55,88.80,99.00,64.00,1023.33,1025.50,1020.80,,,,,,,,,0.0000,0.0000,0.0,0,,,0.000,5.00
2022-12-08,2022,12,8,342,287,1435.0,99.7,67.85,75.56,2022-12-08T12:00:00-06:00,61.88,2022-12-08T22:30:00-06:00,66.44,70.03,61.60,95.48,99.00,78.00,1022.35,1024.50,1020.60,,,,,,,,,0.0000,0.0000,0.0,0,,,2.330,5.00
2022-12-09,2022,12,9,343,288,1440.0,100.0,67.68,74.30,2022-12-09T13:00:00-06:00,63.14,2022-12-09T21:35:00-06:00,65.61,68.80,62.57,93.48,99.00,78.00,1019.99,1022.10,1018.30,,,,,,,,,0.0000,0.0000,0.0,0,,,2.330,5.00
2022-12-10,2022,12,10,344,287,1435.0,99.7,68.37,74.66,2022-12-10T12:05:00-06:00,63.50,2022-12-10T00:05:00-06:00,65.36,67.74,63.21,90.66,99.00,74.00,1019.29,1021.30,1017.60,,,,,,,,,0.0000,0.0000,0.0,0,,,2.330,5.00
2022-12-11,2022,12,11,345,287,1435.0,99.7,65.52,67.64,2022-12-11T16:00:00-06:00,63.14,2022-12-11T22:25:00-06:00,64.99,66.28,62.85,98.19,100.00,93.00,1017.07,1019.40,1014.40,,,,,,,,,0.0000,0.0000,0.0,12,19.42,6.21,2.330,5.00
2022-12-12,2022,12,12,346,287,1435.0,99.7,65.43,73.22,2022-12-12T15:05:00-06:00,60.62,2022-12-12T23:50:00-06:00,62.93,66.69,60.34,92.23,100.00,69.00,1015.84,1017.80,1014.10,,,,,,,,,0.0000,0.0000,0.0,0,,,2.330,5.00
2022-12-13,2022,12,13,347,287,1435.0,99.7,67.78,76.46,2022-12-13T14:00:00-06:00,59.72,2022-12-13T05:15:00-06:00,65.93,71.11,59.44,94.11,99.00,79.00,1012.41,1015.00,1009.60,,,,,,,,,0.0000,0.0000,0.0,0,,,2.330,5.00
2022-12-14,2022,12,14,348,287,1435.0,99.7,67.80,75.56,2022-12-14T10:40:00-06:00,52.16,2022-12-14T23:55:00-06:00,66.87,73.13,51.33,96.92,100.00,87.00,1006.97,1011.30,1001.50,,,,,,,,,0.0000,0.0000,0.0,454,10.50,1.86,2.330,5.00
2022-12-15,2022,12,15,349,287,1435.0,99.7,52.06,62.60,2022-12-15T14:45:00-06:00,43.52,2022-12-15T23:50:00-06:00,43.91,51.17,37.56,77.74,100.00,40.00,1014.95,1017.50,1011.40,,,,,,,,,0.0000,0.0000,0.0,0,,,2.340,5.00
2022-12-16,2022,12,16,350,287,1435.0,99.7,49.52,63.68,2022-12-16T11:40:00-06:00,39.56,2022-12-16T07:05:00-06:00,40.95,45.14,31.93,77.02,100.00,34.00,1017.32,1019.80,1015.20,1.03,3.36,0.00,7.16,2022-12-16T13:35:00-06:00,107.2,ESE,NE,0.0000,0.0000,0.0,0,,,2.350,5.00
2022-12-17,2022,12,17,351,287,1435.0,99.7,45.53,49.82,2022-12-17T13:55:00-06:00,36.86,2022-12-17T23:25:00-06:00,40.29,45.15,35.20,82.53,98.00,62.00,1018.83,1022.30,1016.40,1.04,3.36,0.00,6.71,2022-12-17T12:30:00-06:00,48.3,NE,NE,0.0887,0.0887,90.0,0,,,2.390,5.00
2022-12-18,2022,12,18,352,287,1435.0,99.7,41.98,54.32,2022-12-18T14:15:00-06:00,31.82,2022-12-18T05:15:00-06:00,33.40,37.70,28.72,75.27,99.00,39.00,1024.03,1026.10,1022.10,0.86,3.58,0.00,8.28,2022-12-18T12:45:00-06:00,47.9,NE,NE,0.0000,0.0000,0.0,0,,,2.380,5.00
2022-12-19,2022,12,19,353,288,1440.0,100.0,42.68,47.30,2022-12-19T13:15:00-06:00,36.68,2022-12-19T00:00:00-06:00,36.73,45.06,28.92,80.62,99.00,59.00,1023.81,1027.00,1020.60,2.03,4.03,0.00,8.28,2022-12-19T12:20:00-06:00,49.3,NE,NE,1.2429,1.2429,610.0,17,5.59,1.86,2.400,5.00
2022-12-20,2022,12,20,354,288,1440.0,100.0,48.28,52.34,2022-12-20T16:15:00-06:00,44.60,2022-12-20T00:35:00-06:00,47.51,50.52,44.34,97.18,99.00,93.00,1021.57,1024.10,1019.20,2.16,4.70,0.00,7.16,2022-12-20T13:15:00-06:00,48.4,NE,NE,0.1692,0.1692,180.0,0,,,2.370,5.00
2022-12-21,2022,12,21,355,287,1435.0,99.7,48.44,50.18,2022-12-21T14:00:00-06:00,47.12,2022-12-21T03:45:00-06:00,47.20,48.65,45.76,95.48,99.00,90.00,1021.50,1024.30,1018.40,1.42,3.13,0.00,5.14,2022-12-21T04:30:00-06:00,44.1,NE,NE,0.0000,0.0000,0.0,0,,,2.350,5.00
2022-12-22,2022,12,22,356,287,1435.0,99.7,52.05,57.92,2022-12-22T11:35:00-06:00,45.50,2022-12-22T23:55:00-06:00,49.98,53.86,40.33,92.86,99.00,78.00,1015.51,1019.40,1011.70,1.30,3.58,0.00,6.49,2022-12-22T13:20:00-06:00,117.1,ESE,NE,0.0333,0.0333,30.0,0,,,2.350,5.00
2022-12-23,2022,12,23,357,287,1435.0,99.7,29.50,44.78,2022-12-23T00:05:00-06:00,23.72,2022-12-23T07:40:00-06:00,16.23,39.62,8.16,58.76,87.00,38.00,1028.70,1032.50,1019.70,1.98,4.25,0.00,8.95,2022-12-23T13:30:00-06:00,46.0,NE,NE,0.0000,0.0000,0.0,0,,,2.360,5.00
2022-12-24,2022,12,24,358,288,1440.0,100.0,28.95,37.76,2022-12-24T14:50:00-06:00,22.46,2022-12-24T06:40:00-06:00,12.96,20.35,9.56,51.75,72.00,34.00,1031.41,1033.90,1029.30,1.23,3.36,0.00,8.28,2022-12-24T10:05:00-06:00,44.5,NE,NE,0.0000,0.0000,0.0,0,,,2.410,5.00
2022-12-25,2022,12,25,359,281,1405.0,97.6,34.37,47.66,2022-12-25T12:55:00-06:00,24.98,2022-12-25T06:35:00-06:00,20.04,28.41,13.63,58.58,90.00,26.00,1028.14,1031.00,1025.60,0.88,3.13,0.00,7.16,2022-12-25T13:25:00-06:00,58.2,ENE,NNE,0.0000,0.0000,0.0,0,,,2.450,5.00
2022-12-26,2022,12,26,360,287,1435.0,99.7,39.65,53.42,2022-12-26T11:30:00-06:00,27.14,2022-12-26T06:30:00-06:00,25.12,35.39,15.06,60.28,89.00,25.00,1024.42,1026.90,1022.10,0.77,2.68,0.00,6.93,2022-12-26T12:55:00-06:00,157.4,SSE,NE,0.0000,0.0000,0.0,0,,,2.520,5.00
2022-12-27,2022,12,27,361,287,1435.0,99.7,44.72,60.26,2022-12-27T12:15:00-06:00,32.90,2022-12-27T07:10:00-06:00,35.74,39.77,31.88,73.85,97.00,39.00,1023.47,1026.00,1021.10,0.86,3.36,0.00,7.61,2022-12-27T13:45:00-06:00,123.8,SE,NE,0.0000,0.0000,0.0,0,,,2.600,5.00
2022-12-28,2022,12,28,362,287,1435.0,99.7,56.36,69.80,2022-12-28T12:35:00-06:00,38.84,2022-12-28T02:30:00-06:00,51.00,58.46,37.53,83.47,98.00,63.00,1019.88,1021.40,1018.30,1.12,3.80,0.00,9.84,2022-12-28T13:45:00-06:00,163.2,SSE,S,0.0110,0.0110,20.0,0,,,2.590,5.00
2022-12-29,2022,12,29,363,288,1440.0,100.0,64.91,75.56,2022-12-29T14:40:00-06:00,58.28,2022-12-29T06:55:00-06:00,60.11,63.74,55.99,85.17,99.00,66.00,1019.39,1021.70,1018.00,1.03,3.80,0.00,9.62,2022-12-29T14:25:00-06:00,171.4,S,S,0.1845,0.1845,170.0,0,,,2.570,5.00
2022-12-30,2022,12,30,364,287,1435.0,99.7,62.29,70.52,2022-12-30T08:10:00-06:00,57.20,2022-12-30T18:15:00-06:00,61.64,69.45,56.92,97.77,99.00,94.00,1014.82,1018.20,1011.30,1.67,6.49,0.00,13.65,2022-12-30T08:35:00-06:00,71.3,ENE,NNW,3.5772,3.5772,290.0,263,10.49,1.86,2.490,5.00
2022-12-31,2022,12,31,365,287,1435.0,99.7,60.98,68.54,2022-12-31T15:10:00-06:00,55.58,2022-12-31T23:40:00-06:00,60.20,65.23,55.30,97.37,100.00,86.00,1014.71,1016.10,1013.30,1.76,3.80,0.22,8.95,2022-12-31T13:40:00-06:00,111.5,ESE,E,0.0000,0.0000,0.0,0,,,2.440,5.00
2023-01-01,2023,1,1,1,287,1435.0,99.7,60.09,68.00,2023-01-01T23:45:00-06:00,49.10,2023-01-01T06:30:00-06:00,59.69,67.71,48.83,98.60,100.00,95.00,1017.43,1019.50,1016.00,2.06,4.25,0.22,7.38,2023-01-01T12:20:00-06:00,150.8,SSE,SSW,0.0000,0.0000,0.0,0,,,2.400,5.00
2023-01-02,2023,1,2,2,287,1435.0,99.7,70.05,77.36,2023-01-02T13:25:00-06:00,67.28,2023-01-02T01:50:00-06:00,69.42,73.35,66.99,97.92,100.00,87.00,1016.12,1019.00,1013.70,2.45,6.49,0.22,10.51,2023-01-02T12:55:00-06:00,276.7,W,NW,0.1408,0.1408,55.0,21,11.18,6.84,2.380,5.00
2023-01-03,2023,1,3,3,288,1440.0,100.0,70.42,73.22,2023-01-03T12:15:00-06:00,67.64,2023-01-03T09:25:00-06:00,69.58,71.21,67.23,97.23,99.00,93.00,1011.57,1013.60,1009.00,3.07,5.82,0.45,7.61,2023-01-03T15:50:00-06:00,195.4,SSW,SSW,0.0969,0.0969,65.0,698,12.93,3.73,2.370,5.00
2023-01-04,2023,1,4,4,288,1440.0,100.0,62.41,74.12,2023-01-04T11:15:00-06:00,52.34,2023-01-04T23:50:00-06:00,54.74,67.17,45.52,79.23,100.00,40.00,1014.97,1018.90,1009.00,1.45,8.28,0.00,22.37,2023-01-04T00:55:00-06:00,224.6,SW,NNW,1.7860,1.7860,130.0,2314,6.08,1.24,2.380,5.00
2023-01-05,2023,1,5,5,288,1440.0,100.0,54.62,68.54,2023-01-05T11:10:00-06:00,44.06,2023-01-05T07:15:00-06:00,47.88,52.97,43.80,80.22,100.00,44.00,1022.52,1024.90,1018.90,0.81,3.13,0.00,7.38,2023-01-05T12:05:00-06:00,173.0,S,SSW,0.0000,0.0000,0.0,0,,,2.460,5.00
2023-01-06,2023,1,6,6,247,1235.0,85.8,53.06,68.72,2023-01-06T12:00:00-06:00,40.46,2023-01-06T06:30:00-06:00,43.43,50.04,38.73,74.06,100.00,40.00,1024.52,1026.80,1022.90,1.15,3.58,0.00,8.50,2023-01-06T15:40:00-06:00,145.2,SE,NE,0.0000,0.0000,0.0,0,,,2.580,5.00
2023-01-07,2023,1,7,7,287,1435.0,99.7,60.03,73.76,2023-01-07T13:10:00-06:00,46.58,2023-01-07T06:25:00-06:00,54.55,59.97,46.58,84.13,100.00,58.00,1022.98,1025.00,1021.50,1.12,3.58,0.00,9.84,2023-01-07T09:35:00-06:00,174.3,S,NE,0.0000,0.0000,0.0,0,,,2.640,5.00
2023-01-08,2023,1,8,8,288,1440.0,100.0,58.06,63.86,2023-01-08T15:20:00-06:00,52.52,2023-01-08T05:15:00-06:00,57.65,62.16,52.25,98.58,100.00,93.00,1021.61,1024.60,1019.80,0.79,2.68,0.00,6.04,2023-01-08T23:50:00-06:00,88.8,E,NE,0.3793,0.3793,220.0,0,,,2.550,5.00
2023-01-09,2023,1,9,9,287,1435.0,99.7,52.98,63.50,2023-01-09T12:35:00-06:00,44.06,2023-01-09T23:55:00-06:00,48.40,58.08,43.80,85.87,99.00,53.00,1022.35,1025.00,1020.60,1.50,3.13,0.00,8.05,2023-01-09T01:20:00-06:00,50.2,NE,NE,0.0000,0.0000,0.0,0,,,2.540,5.00
2023-01-10,2023,1,10,10,281,1405.0,97.6,55.03,69.08,2023-01-10T15:00:00-06:00,40.28,2023-01-10T07:00:00-06:00,51.51,61.06,40.02,88.92,99.00,63.00,1018.97,1021.00,1016.80,1.08,2.91,0.00,6.49,2023-01-10T13:25:00-06:00,177.5,S,SSW,0.0000,0.0000,0.0,0,,,2.600,5.00
2023-01-11,2023,1,11,11,287,1435.0,99.7,68.20,77.36,2023-01-11T14:20:00-06:00,61.16,2023-01-11T00:05:00-06:00,65.38,68.78,60.30,91.36,100.00,71.00,1015.82,1018.30,1013.80,2.18,4.25,0.00,10.07,2023-01-11T13:15:00-06:00,203.8,SSW,SSW,0.0000,0.0000,0.0,0,,,2.610,5.00
2023-01-12,2023,1,12,12,287,1435.0,99.7,66.24,78.08,2023-01-12T14:45:00-06:00,52.88,2023-01-12T23:10:00-06:00,58.25,68.10,41.83,78.34,99.00,37.00,1014.63,1019.00,1011.50,2.36,4.70,0.00,10.96,2023-01-12T08:45:00-06:00,191.5,SSW,SSW,0.0441,0.0441,30.0,103,12.05,3.73,2.600,5.00
2023-01-13,2023,1,13,13,287,1435.0,99.7,48.99,57.92,2023-01-13T14:35:00-06:00,37.76,2023-01-13T23:55:00-06:00,37.27,42.50,30.72,64.78,76.00,44.00,1021.66,1025.60,1018.40,1.79,3.36,0.00,9.84,2023-01-13T03:30:00-06:00,53.1,NE,NE,0.0000,0.0000,0.0,0,,,2.580,5.00
2023-01-14,2023,1,14,14,272,1360.0,94.4,42.91,58.28,2023-01-14T15:15:00-06:00,31.46,2023-01-14T07:00:00-06:00,32.64,36.37,29.22,70.04,94.00,39.00,1024.56,1026.80,1022.50,1.12,3.36,0.00,6.93,2023-01-14T08:40:00-06:00,52.6,NE,NE,0.0000,0.0000,0.0,0,,,2.600,5.00
2023-01-15,2023,1,15,15,287,1435.0,99.7,47.69,62.06,2023-01-15T15:30:00-06:00,33.44,2023-01-15T05:20:00-06:00,41.82,49.14,32.34,81.80,99.00,55.00,1020.79,1024.10,1016.50,1.14,4.03,0.00,9.17,2023-01-15T13:30:00-06:00,134.0,SE,NE,0.0000,0.0000,0.0,0,,,2.610,5.00
2023-01-16,2023,1,16,16,288,1440.0,100.0,62.30,68.72,2023-01-16T13:40:00-06:00,48.56,2023-01-16T00:00:00-06:00,57.38,62.68,48.29,84.29,99.00,76.00,1013.81,1016.30,1011.20,1.67,3.80,0.00,10.29,2023-01-16T13:45:00-06:00,170.8,S,S,0.0000,0.0000,0.0,0,,,2.540,5.00
2023-01-17,2023,1,17,17,287,1435.0,99.7,67.61,77.18,2023-01-17T15:05:00-06:00,62.78,2023-01-17T02:40:00-06:00,64.79,67.90,61.26,91.16,99.00,73.00,1011.24,1012.80,1009.50,1.33,3.58,0.00,7.83,2023-01-17T11:10:00-06:00,194.5,SSW,SSW,0.0441,0.0441,45.0,0,,,2.520,5.00
2023-01-18,2023,1,18,18,287,1435.0,99.7,69.24,75.02,2023-01-18T14:40:00-06:00,65.48,2023-01-18T06:15:00-06:00,66.41,69.33,64.29,91.11,99.00,73.00,1011.45,1013.60,1009.80,2.08,4.47,0.00,9.62,2023-01-18T09:45:00-06:00,196.2,SSW,SSW,0.0000,0.0000,0.0,0,,,2.500,5.00
2023-01-19,2023,1,19,19,287,1435.0,99.7,62.28,75.56,2023-01-19T13:35:00-06:00,49.46,2023-01-19T23:55:00-06:00,51.62,65.14,38.10,72.78,99.00,34.00,1015.57,1019.40,1011.00,1.20,4.70,0.00,10.74,2023-01-19T01:45:00-06:00,211.4,SSW,SSW,0.3860,0.3860,70.0,13,11.71,0.62,2.510,5.00
2023-01-20,2023,1,20,20,288,1440.0,100.0,53.36,61.88,2023-01-20T12:35:00-06:00,44.78,2023-01-20T05:00:00-06:00,43.44,46.65,40.22,70.09,92.00,50.00,1020.89,1023.40,1019.30,1.44,3.58,0.00,9.17,2023-01-20T10:00:00-06:00,46.4,NE,NE,0.0000,0.0000,0.0,0,,,2.600,5.00
2023-01-21,2023,1,21,21,287,1435.0,99.7,52.40,55.40,2023-01-21T22:05:00-06:00,48.38,2023-01-21T06:30:00-06:00,49.72,55.40,44.06,91.00,100.00,66.00,1015.59,1020.60,1008.70,1.86,3.58,0.00,9.40,2023-01-21T06:10:00-06:00,47.6,NE,NE,0.2746,0.2746,215.0,144,10.32,2.49,2.530,5.00
2023-01-22,2023,1,22,22,288,1440.0,100.0,51.87,57.38,2023-01-22T15:15:00-06:00,43.70,2023-01-22T22:35:00-06:00,50.83,55.04,42.78,96.43,100.00,79.00,1011.75,1017.90,1008.50,0.77,2.24,0.00,6.26,2023-01-22T08:40:00-06:00,60.0,ENE,NE,0.0773,0.0773,75.0,0,,,2.470,5.00
2023-01-23,2023,1,23,23,287,1435.0,99.7,46.97,59.90,2023-01-23T14:50:00-06:00,38.12,2023-01-23T07:05:00-06:00,41.25,46.34,36.73,82.09,99.00,50.00,1022.02,1024.40,1018.00,1.24,4.25,0.00,8.95,2023-01-23T11:20:00-06:00,51.1,NE,NE,0.0000,0.0000,0.0,0,,,2.450,5.00
2023-01-24,2023,1,24,24,287,1435.0,99.7,53.39,66.02,2023-01-24T22:15:00-06:00,40.46,2023-01-24T00:05:00-06:00,50.53,65.73,38.57,90.07,99.00,80.00,1015.16,1023.40,1005.70,2.35,6.04,0.00,13.42,2023-01-24T18:30:00-06:00,85.1,E,NE,0.9780,0.9780,220.0,204,12.46,1.86,2.540,5.00
2023-01-25,2023,1,25,25,288,1440.0,100.0,51.58,60.80,2023-01-25T00:00:00-06:00,44.06,2023-01-25T20:40:00-06:00,45.03,60.52,36.64,78.59,99.00,62.00,1014.14,1021.40,1007.60,1.64,5.59,0.00,12.75,2023-01-25T00:50:00-06:00,53.4,NE,NE,0.0000,0.0000,5.0,0,,,2.510,5.00
2023-01-26,2023,1,26,26,287,1435.0,99.7,48.34,59.36,2023-01-26T15:15:00-06:00,39.20,2023-01-26T23:55:00-06:00,37.40,41.53,34.73,67.37,91.00,42.00,1024.59,1026.70,1021.40,0.95,3.13,0.00,8.72,2023-01-26T11:40:00-06:00,67.5,ENE,NE,0.0000,0.0000,0.0,0,,,2.500,5.00
2023-01-27,2023,1,27,27,288,1440.0,100.0,44.85,56.66,2023-01-27T11:10:00-06:00,32.90,2023-01-27T06:30:00-06:00,35.42,39.83,29.56,73.14,99.00,38.00,1027.10,1029.50,1025.30,0.87,3.58,0.00,8.28,2023-01-27T12:55:00-06:00,182.7,S,SSW,0.0000,0.0000,0.0,0,,,2.600,5.00
2023-01-28,2023,1,28,28,287,1435.0,99.7,56.33,68.36,2023-01-28T12:10:00-06:00,39.20,2023-01-28T00:50:00-06:00,48.46,56.23,37.89,76.83,97.00,54.00,1023.52,1026.20,1021.00,1.51,4.70,0.00,15.21,2023-01-28T14:15:00-06:00,149.1,SSE,NE,0.0000,0.0000,0.0,0,,,2.600,5.00
2023-01-29,2023,1,29,29,288,1440.0,100.0,62.39,66.92,2023-01-29T22:40:00-06:00,59.72,2023-01-29T08:25:00-06:00,61.07,66.63,56.06,95.54,99.00,86.00,1018.36,1021.20,1016.20,1.08,2.91,0.00,6.93,2023-01-29T01:45:00-06:00,113.3,ESE,ESE,1.7948,1.7948,370.0,83,8.97,1.86,2.540,5.00
2023-01-30,2023,1,30,30,288,1440.0,100.0,68.08,77.00,2023-01-30T14:45:00-06:00,64.76,2023-01-30T03:20:00-06:00,67.02,70.56,64.47,96.62,100.00,79.00,1018.66,1020.90,1016.80,1.79,3.58,0.00,7.83,2023-01-30T07:45:00-06:00,201.0,SSW,SSW,0.0000,0.0000,0.0,0,,,2.480,5.00
2023-01-31,2023,1,31,31,287,1435.0,99.7,66.11,72.50,2023-01-31T15:50:00-06:00,56.12,2023-01-31T23:55:00-06:00,64.91,68.83,55.56,96.06,100.00,87.00,1019.97,1022.30,1018.00,1.85,4.25,0.00,8.50,2023-01-31T13:30:00-06:00,250.5,WSW,SW,0.0000,0.0000,0.0,0,,,2.440,5.00
2023-02-01,2023,2,1,32,288,1440.0,100.0,52.16,56.12,2023-02-01T00:00:00-06:00,48.02,2023-02-01T09:55:00-06:00,50.54,55.56,46.55,94.28,99.00,86.00,1022.04,1024.80,1020.50,1.99,4.25,0.00,8.28,2023-02-01T05:25:00-06:00,41.8,NE,NE,0.0000,0.0000,0.0,0,,,2.400,5.00
2023-02-02,2023,2,2,33,288,1440.0,100.0,51.00,56.48,2023-02-02T13:30:00-06:00,48.02,2023-02-02T23:55:00-06:00,50.69,55.74,47.75,98.85,100.00,97.00,1019.28,1021.60,1016.70,1.97,4.47,0.00,6.26,2023-02-02T08:30:00-06:00,44.3,NE,NE,0.2678,0.2678,150.0,0,,,2.380,5.00
2023-02-03,2023,2,3,34,288,1440.0,100.0,50.35,60.26,2023-02-03T14:45:00-06:00,41.72,2023-02-03T23:55:00-06:00,40.72,48.11,36.01,72.51,99.00,42.00,1027.20,1030.50,1021.60,2.39,5.82,0.00,9.17,2023-02-03T12:55:00-06:00,44.8,NE,NE,0.0000,0.0000,0.0,0,,,2.370,5.00
2023-02-04,2023,2,4,35,288,1440.0,100.0,46.86,59.36,2023-02-04T15:40:00-06:00,34.88,2023-02-04T05:55:00-06:00,38.31,46.04,29.85,74.16,96.00,40.00,1028.91,1031.60,1025.80,1.35,4.25,0.00,7.16,2023-02-04T13:10:00-06:00,136.5,SE,NE,0.0000,0.0000,0.0,0,,,2.490,5.00
2023-02-05,2023,2,5,36,288,1440.0,100.0,56.34,67.46,2023-02-05T11:05:00-06:00,47.12,2023-02-05T00:00:00-06:00,50.52,54.35,46.04,82.48,98.00,60.00,1022.81,1026.30,1019.50,1.16,3.58,0.00,6.71,2023-02-05T13:25:00-06:00,173.0,S,NE,0.0000,0.0000,0.0,0,,,2.630,5.00
2023-02-06,2023,2,6,37,287,1435.0,99.7,56.57,69.44,2023-02-06T15:35:00-06:00,42.98,2023-02-06T06:55:00-06:00,49.43,54.22,42.72,79.73,99.00,48.00,1020.48,1023.00,1018.30,1.11,4.47,0.00,9.40,2023-02-06T13:35:00-06:00,170.4,S,NE,0.0000,0.0000,0.0,0,,,2.610,5.00
2023-02-07,2023,2,7,38,288,1440.0,100.0,63.78,74.48,2023-02-07T14:55:00-06:00,52.52,2023-02-07T02:55:00-06:00,61.77,68.45,52.25,93.57,99.00,78.00,1019.42,1020.80,1018.00,0.84,2.46,0.00,7.61,2023-02-07T12:15:00-06:00,112.3,ESE,NE,0.0000,0.0000,0.0,0,,,2.580,5.00
2023-02-08,2023,2,8,39,287,1435.0,99.7,70.25,77.00,2023-02-08T12:45:00-06:00,64.58,2023-02-08T00:05:00-06:00,68.80,72.12,64.29,95.34,100.00,84.00,1017.84,1020.10,1015.30,2.43,6.71,0.00,11.18,2023-02-08T11:40:00-06:00,183.0,S,S,2.6329,2.6329,215.0,442,11.29,0.00,2.550,5.00
2023-02-09,2023,2,9,40,288,1440.0,100.0,61.95,65.12,2023-02-09T00:00:00-06:00,57.92,2023-02-09T07:30:00-06:00,54.41,65.12,46.18,77.70,100.00,54.00,1017.95,1020.00,1016.00,1.52,3.58,0.00,10.74,2023-02-09T02:10:00-06:00,60.0,ENE,NE,0.2265,0.2265,140.0,50,14.99,10.56,2.500,5.00
2023-02-10,2023,2,10,41,287,1435.0,99.7,55.23,59.54,2023-02-10T00:05:00-06:00,51.26,2023-02-10T22:00:00-06:00,50.29,54.04,47.42,83.97,100.00,67.00,1020.11,1022.40,1017.70,1.47,3.58,0.00,8.50,2023-02-10T08:55:00-06:00,49.2,NE,NE,0.0519,0.0519,115.0,0,,,2.440,5.00
2023-02-11,2023,2,11,42,287,1435.0,99.7,47.84,51.80,2023-02-11T02:55:00-06:00,43.52,2023-02-11T22:55:00-06:00,46.18,51.07,42.18,94.06,100.00,84.00,1017.23,1019.90,1015.10,1.25,3.58,0.00,6.49,2023-02-11T16:15:00-06:00,49.0,NE,NE,0.2876,0.2876,445.0,0,,,2.400,5.00
2023-02-12,2023,2,12,43,241,1205.0,83.7,52.56,67.64,2023-02-12T15:05:00-06:00,39.74,2023-02-12T07:20:00-06:00,37.88,42.70,31.93,62.55,94.00,28.00,1017.81,1020.00,1015.90,1.17,2.68,0.00,5.82,2023-02-12T12:15:00-06:00,74.4,ENE,NE,0.0000,0.0000,0.0,0,,,2.390,5.00
2023-02-13,2023,2,13,44,287,1435.0,99.7,52.94,66.20,2023-02-13T15:50:00-06:00,37.22,2023-02-13T05:20:00-06:00,46.14,56.07,36.18,79.74,100.00,55.00,1017.54,1020.80,1015.00,1.07,3.13,0.00,7.16,2023-02-13T13:50:00-06:00,190.4,S,SSW,0.0000,0.0000,0.0,0,,,2.540,5.00
2023-02-14,2023,2,14,45,288,1440.0,100.0,62.21,71.96,2023-02-14T13:45:00-06:00,50.54,2023-02-14T04:55:00-06:00,58.84,65.05,50.54,89.43,100.00,72.00,1012.96,1015.10,1011.40,2.05,4.47,0.00,13.20,2023-02-14T11:35:00-06:00,186.8,S,SSW,0.0000,0.0000,0.0,0,,,2.610,5.00
2023-02-15,2023,2,15,46,287,1435.0,99.7,69.82,75.02,2023-02-15T12:00:00-06:00,66.92,2023-02-15T00:05:00-06:00,67.03,69.63,64.52,91.00,99.00,79.00,1013.95,1015.80,1012.80,1.63,3.58,0.00,9.62,2023-02-15T13:30:00-06:00,184.5,S,S,0.0000,0.0000,0.0,0,,,2.560,5.00
2023-02-16,2023,2,16,47,288,1440.0,100.0,68.66,74.12,2023-02-16T11:45:00-06:00,54.32,2023-02-16T23:55:00-06:00,67.51,71.03,53.77,96.17,100.00,88.00,1013.07,1016.10,1011.00,2.48,4.25,0.00,9.84,2023-02-16T12:35:00-06:00,192.6,SSW,SSW,0.1677,0.1677,100.0,0,,,2.490,5.00
2023-02-17,2023,2,17,48,286,1430.0,99.3,46.56,54.14,2023-02-17T00:00:00-06:00,37.04,2023-02-17T23:55:00-06:00,39.35,53.59,33.17,77.01,99.00,56.00,1023.87,1030.40,1016.20,2.21,4.92,0.00,10.51,2023-02-17T17:25:00-06:00,51.7,NE,NE,0.2791,0.2791,115.0,18,4.80,2.49,2.460,5.00
2023-02-18,2023,2,18,49,287,1435.0,99.7,44.64,56.66,2023-02-18T12:15:00-06:00,32.54,2023-02-18T06:35:00-06:00,34.39,42.49,25.52,70.01,93.00,37.00,1028.66,1031.70,1025.10,1.08,3.36,0.00,8.95,2023-02-18T09:40:00-06:00,88.7,E,NE,0.0000,0.0000,0.0,0,,,2.520,5.00
2023-02-19,2023,2,19,50,288,1440.0,100.0,54.97,65.84,2023-02-19T15:55:00-06:00,41.54,2023-02-19T07:00:00-06:00,46.50,55.66,35.18,74.33,96.00,54.00,1023.57,1026.30,1020.80,1.01,2.91,0.00,7.83,2023-02-19T15:10:00-06:00,195.6,SSW,SSW,0.0000,0.0000,0.0,0,,,2.610,5.00
2023-02-20,2023,2,20,51,287,1435.0,99.7,64.99,76.64,2023-02-20T13:10:00-06:00,54.32,2023-02-20T01:55:00-06:00,61.16,65.90,53.77,88.25,99.00,66.00,1016.54,1021.40,1013.20,1.45,3.80,0.00,8.95,2023-02-20T13:30:00-06:00,209.8,SSW,SSW,0.0000,0.0000,0.0,0,,,2.610,5.00
2023-02-21,2023,2,21,52,287,1435.0,99.7,70.25,79.70,2023-02-21T14:10:00-06:00,64.04,2023-02-21T06:40:00-06:00,66.34,68.99,63.46,88.22,99.00,67.00,1012.12,1014.50,1009.50,1.83,3.58,0.00,8.72,2023-02-21T17:20:00-06:00,210.7,SSW,SSW,0.0000,0.0000,0.0,0,,,2.600,5.00
2023-02-22,2023,2,22,53,262,1310.0,91.0,71.95,78.80,2023-02-22T12:45:00-06:00,67.28,2023-02-22T04:30:00-06:00,68.46,70.54,66.94,89.34,99.00,71.00,1011.06,1013.00,1010.00,2.64,4.92,0.00,10.51,2023-02-22T12:40:00-06:00,201.5,SSW,SSW,0.0000,0.0000,0.0,0,,,2.580,5.00
2023-02-23,2023,2,23,54,287,1435.0,99.7,73.86,80.42,2023-02-23T13:15:00-06:00,69.44,2023-02-23T23:50:00-06:00,71.22,73.89,69.15,91.77,99.00,79.00,1016.44,1020.70,1012.20,2.25,4.25,0.00,10.07,2023-02-23T15:30:00-06:00,203.3,SSW,SSW,0.0000,0.0000,0.0,0,,,2.600,5.00
2023-02-24,2023,2,24,55,287,1435.0,99.7,73.06,80.24,2023-02-24T14:40:00-06:00,67.82,2023-02-24T01:40:00-06:00,70.79,74.08,67.53,93.05,100.00,77.00,1022.26,1024.00,1020.60,1.57,3.58,0.00,8.28,2023-02-24T17:35:00-06:00,205.4,SSW,SSW,0.0000,0.0000,0.0,0,,,2.590,5.00
2023-02-25,2023,2,25,56,287,1435.0,99.7,73.60,80.96,2023-02-25T16:20:00-06:00,68.54,2023-02-25T23:30:00-06:00,69.55,71.48,67.04,87.90,99.00,67.00,1022.23,1024.50,1020.00,1.69,3.58,0.00,8.28,2023-02-25T12:35:00-06:00,209.9,SSW,SSW,0.0000,0.0000,0.0,0,,,2.580,5.00
2023-02-26,2023,2,26,57,287,1435.0,99.7,71.40,78.80,2023-02-26T14:50:00-06:00,67.28,2023-02-26T04:30:00-06:00,66.98,68.79,63.83,86.69,99.00,67.00,1016.79,1020.50,1011.80,1.65,4.25,0.00,9.40,2023-02-26T16:45:00-06:00,198.5,SSW,SSW,0.0000,0.0000,0.0,0,,,2.590,5.00
2023-02-27,2023,2,27,58,287,1435.0,99.7,74.26,81.68,2023-02-27T15:10:00-06:00,69.98,2023-02-27T01:55:00-06:00,69.07,70.03,67.77,84.64,96.00,64.00,1010.04,1012.00,1008.20,2.23,4.03,0.00,12.08,2023-02-27T11:15:00-06:00,211.3,SSW,SSW,0.0000,0.0000,0.0,0,,,2.600,5.00
2023-02-28,2023,2,28,59,288,1440.0,100.0,74.96,83.30,2023-02-28T15:25:00-06:00,69.98,2023-02-28T06:50:00-06:00,70.48,72.65,69.32,86.69,99.00,66.00,1011.05,1012.40,1009.10,1.40,3.58,0.00,9.62,2023-02-28T10:15:00-06:00,212.1,SSW,SSW,0.0000,0.0000,0.0,0,,,2.600,5.00
2023-03-01,2023,3,1,60,273,1365.0,94.8,75.92,82.94,2023-03-01T14:05:00-06:00,71.06,2023-03-01T00:15:00-06:00,72.11,73.54,70.16,88.56,99.00,69.00,1011.58,1014.40,1009.40,2.23,4.25,0.00,11.41,2023-03-01T15:35:00-06:00,208.3,SSW,SSW,0.0000,0.0000,0.0,0,,,2.590,5.00
2023-03-02,2023,3,2,61,287,1435.0,99.7,75.71,81.68,2023-03-02T11:50:00-06:00,71.78,2023-03-02T06:40:00-06:00,72.01,73.66,70.67,88.61,98.00,74.00,1006.35,1009.80,1001.10,2.07,4.47,0.00,9.62,2023-03-02T15:35:00-06:00,201.6,SSW,SSW,0.0000,0.0000,0.0,0,,,2.600,5.00
2023-03-03,2023,3,3,62,234,1170.0,81.2,75.74,79.70,2023-03-03T16:25:00-06:00,66.74,2023-03-03T19:25:00-06:00,63.91,72.77,53.08,69.66,95.00,42.00,1000.48,1004.60,997.50,2.34,4.92,0.00,14.54,2023-03-03T08:15:00-06:00,211.0,SSW,SW,0.0222,0.0222,20.0,0,,,2.600,5.00
2023-03-04,2023,3,4,63,286,1430.0,99.3,62.13,73.22,2023-03-04T16:15:00-06:00,51.08,2023-03-04T06:50:00-06:00,53.44,57.70,49.30,74.90,95.00,48.00,1012.95,1016.60,1008.00,0.94,3.58,0.00,8.05,2023-03-04T15:40:00-06:00,163.7,SSE,SSW,0.0000,0.0000,0.0,0,,,2.610,5.00
2023-03-05,2023,3,5,64,288,1440.0,100.0,64.78,79.88,2023-03-05T11:30:00-06:00,52.52,2023-03-05T03:50:00-06:00,53.96,60.77,48.32,70.75,96.00,42.00,1017.37,1019.10,1016.00,1.26,4.25,0.00,10.07,2023-03-05T13:35:00-06:00,152.1,SSE,NE,0.0000,0.0000,0.0,0,,,2.610,5.00
2023-03-06,2023,3,6,65,287,1435.0,99.7,71.44,80.96,2023-03-06T13:45:00-06:00,59.54,2023-03-06T00:00:00-06:00,68.85,74.26,58.40,91.97,100.00,76.00,1016.48,1018.50,1014.70,1.34,3.80,0.00,8.72,2023-03-06T14:55:00-06:00,204.5,SSW,SSW,0.0000,0.0000,10.0,0,,,2.600,5.00
2023-03-07,2023,3,7,66,287,1435.0,99.7,74.19,80.96,2023-03-07T16:25:00-06:00,69.26,2023-03-07T06:00:00-06:00,71.19,73.19,68.85,90.86,100.00,74.00,1016.22,1017.80,1014.90,0.88,3.36,0.00,8.28,2023-03-07T12:35:00-06:00,213.5,SSW,SSW,0.0000,0.0000,0.0,0,,,2.570,5.00
2023-03-08,2023,3,8,67,288,1440.0,100.0,73.60,80.42,2023-03-08T15:30:00-06:00,66.56,2023-03-08T06:15:00-06:00,70.22,73.54,66.27,89.78,100.00,70.00,1017.18,1018.80,1015.90,0.75,3.36,0.00,7.38,2023-03-08T10:45:00-06:00,211.5,SSW,SSW,0.0000,0.0000,0.0,0,,,2.600,5.00
2023-03-09,2023,3,9,68,287,1435.0,99.7,74.37,80.96,2023-03-09T14:30:00-06:00,67.28,2023-03-09T06:55:00-06:00,69.37,71.34,67.17,85.31,100.00,65.00,1016.67,1018.50,1014.70,0.90,3.13,0.00,8.05,2023-03-09T13:25:00-06:00,214.2,SW,SW,0.0000,0.0000,0.0,0,,,2.610,5.00
2023-03-10,2023,3,10,69,287,1435.0,99.7,69.20,78.26,2023-03-10T10:15:00-06:00,60.08,2023-03-10T23:45:00-06:00,65.83,69.69,59.51,89.56,99.00,70.00,1015.65,1017.00,1013.70,0.62,2.68,0.00,5.82,2023-03-10T10:25:00-06:00,72.8,ENE,ENE,0.0440,0.0440,20.0,0,,,2.590,5.00
2023-03-11,2023,3,11,70,287,1435.0,99.7,69.47,78.80,2023-03-11T14:40:00-06:00,59.36,2023-03-11T06:30:00-06:00,65.65,70.74,58.79,88.24,99.00,72.00,1011.36,1015.00,1007.90,1.59,3.80,0.00,10.51,2023-03-11T18:15:00-06:00,191.5,SSW,SSW,0.0001,0.0001,10.0,0,,,2.560,5.00
2023-03-12,2023,3,12,71,275,1375.0,99.6,73.34,81.32,2023-03-12T14:00:00-05:00,60.08,2023-03-12T23:55:00-05:00,69.25,72.14,57.62,87.50,96.00,72.00,1007.37,1011.90,1005.10,1.60,4.03,0.00,9.40,2023-03-12T00:05:00-06:00,186.0,S,SSW,0.0000,0.0000,0.0,6,8.70,8.08,2.560,5.00
2023-03-13,2023,3,13,72,287,1435.0,99.7,56.85,66.02,2023-03-13T17:15:00-05:00,49.46,2023-03-13T07:15:00-05:00,45.85,57.57,38.69,68.64,93.00,44.00,1016.65,1020.20,1011.40,2.04,4.25,0.00,10.74,2023-03-13T08:20:00-05:00,60.4,ENE,ENE,0.0000,0.0000,0.0,5,5.59,4.35,2.540,5.00
2023-03-14,2023,3,14,73,287,1435.0,99.7,51.01,62.06,2023-03-14T14:35:00-05:00,42.98,2023-03-14T07:20:00-05:00,37.97,44.08,33.12,62.68,87.00,35.00,1022.55,1025.10,1020.10,1.68,4.03,0.00,9.84,2023-03-14T09:25:00-05:00,58.5,ENE,ENE,0.0000,0.0000,0.0,0,,,2.540,5.00
2023-03-15,2023,3,15,74,287,1435.0,99.7,51.75,63.32,2023-03-15T12:50:00-05:00,41.00,2023-03-15T07:10:00-05:00,40.02,46.05,35.03,66.27,88.00,35.00,1022.97,1025.40,1020.60,1.24,2.91,0.00,8.05,2023-03-15T13:50:00-05:00,106.5,ESE,NE,0.0000,0.0000,0.0,0,,,2.550,5.00
2023-03-16,2023,3,16,75,287,1435.0,99.7,59.73,72.86,2023-03-16T16:20:00-05:00,43.88,2023-03-16T06:50:00-05:00,53.86,62.82,43.08,82.25,98.00,64.00,1016.91,1020.70,1011.60,1.61,3.58,0.00,9.62,2023-03-16T11:20:00-05:00,181.1,S,S,0.0000,0.0000,0.0,0,,,2.600,5.00
2023-03-17,2023,3,17,76,287,1435.0,99.7,59.72,68.00,2023-03-17T05:30:00-05:00,46.94,2023-03-17T23:10:00-05:00,58.28,65.84,43.27,95.07,100.00,87.00,1012.39,1017.10,1008.60,1.47,3.58,0.00,9.40,2023-03-17T04:45:00-05:00,102.3,ESE,NE,1.4210,1.4210,435.0,78,8.23,1.24,2.540,5.00
2023-03-18,2023,3,18,77,287,1435.0,99.7,48.95,54.50,2023-03-18T15:30:00-05:00,45.86,2023-03-18T06:30:00-05:00,36.59,42.97,30.78,63.13,86.00,41.00,1020.34,1024.80,1016.60,1.78,4.25,0.00,12.08,2023-03-18T12:10:00-05:00,57.6,ENE,ENE,0.0258,0.0258,35.0,0,,,2.500,5.00
2023-03-19,2023,3,19,78,287,1435.0,99.7,45.34,52.70,2023-03-19T16:30:00-05:00,37.40,2023-03-19T23:45:00-05:00,30.68,39.49,25.21,58.49,88.00,36.00,1027.00,1029.60,1024.30,1.55,4.47,0.00,10.74,2023-03-19T09:25:00-05:00,56.2,NE,NE,0.0000,0.0000,0.0,0,,,2.480,5.00
2023-03-20,2023,3,20,79,288,1440.0,100.0,42.20,53.06,2023-03-20T16:45:00-05:00,29.48,2023-03-20T07:30:00-05:00,30.73,39.61,24.39,66.34,92.00,35.00,1027.24,1030.20,1023.70,1.09,3.13,0.00,8.05,2023-03-20T14:00:00-05:00,92.7,E,NE,0.0000,0.0000,0.0,0,,,2.500,5.00
2023-03-21,2023,3,21,80,287,1435.0,99.7,53.53,66.92,2023-03-21T14:40:00-05:00,38.48,2023-03-21T04:15:00-05:00,45.65,53.29,37.08,76.86,97.00,54.00,1023.61,1025.20,1021.50,1.29,4.47,0.00,10.96,2023-03-21T15:35:00-05:00,178.1,S,NE,0.0000,0.0000,0.0,0,,,0.000,5.00
2023-03-22,2023,3,22,81,287,1435.0,99.7,63.66,75.92,2023-03-22T14:35:00-05:00,50.36,2023-03-22T06:20:00-05:00,58.81,64.92,50.09,85.37,100.00,66.00,1021.84,1023.50,1020.00,1.46,4.25,0.00,10.96,2023-03-22T10:55:00-05:00,189.4,S,SSW,0.0000,0.0000,0.0,0,,,2.600,5.00
2023-03-23,2023,3,23,82,236,1180.0,81.9,70.08,79.88,2023-03-23T14:45:00-05:00,61.16,2023-03-23T03:20:00-05:00,66.66,71.85,60.88,89.66,100.00,74.00,1019.88,1021.60,1017.00,1.66,3.80,0.00,8.95,2023-03-23T11:20:00-05:00,189.8,S,S,0.0000,0.0000,0.0,0,,,2.600,5.00
2023-03-24,2023,3,24,83,287,1435.0,99.7,71.82,79.34,2023-03-24T12:55:00-05:00,67.28,2023-03-24T00:05:00-05:00,69.64,72.47,67.17,93.14,100.00,78.00,1012.20,1016.90,1008.60,2.09,4.25,0.00,9.84,2023-03-24T21:05:00-05:00,185.1,S,S,0.0042,0.0042,5.0,0,,,2.610,5.00
2023-03-25,2023,3,25,84,288,1440.0,100.0,75.91,83.84,2023-03-25T13:45:00-05:00,69.80,2023-03-25T07:30:00-05:00,70.83,72.91,69.28,85.43,100.00,64.00,1009.98,1012.00,1008.70,1.38,2.91,0.00,8.72,2023-03-25T12:25:00-05:00,201.2,SSW,SSW,0.0000,0.0000,0.0,0,,,2.610,5.00
2023-03-26,2023,3,26,85,288,1440.0,100.0,76.24,84.74,2023-03-26T13:25:00-05:00,72.50,2023-03-26T07:10:00-05:00,73.01,76.02,71.78,90.17,98.00,72.00,1010.88,1013.20,1008.20,2.02,4.25,0.00,9.62,2023-03-26T19:00:00-05:00,204.3,SSW,SSW,0.0028,0.0028,10.0,0,,,2.610,5.00
2023-03-27,2023,3,27,86,288,1440.0,100.0,74.73,80.60,2023-03-27T16:05:00-05:00,71.42,2023-03-27T07:30:00-05:00,72.65,75.14,71.12,93.45,100.00,80.00,1013.34,1015.50,1011.30,0.90,2.91,0.00,7.16,2023-03-27T04:35:00-05:00,191.6,SSW,SSW,1.0309,1.0309,145.0,1338,14.14,1.86,2.590,5.00
2023-03-28,2023,3,28,87,287,1435.0,99.7,70.82,78.62,2023-03-28T14:40:00-05:00,62.78,2023-03-28T23:55:00-05:00,64.63,72.20,46.54,82.65,100.00,55.00,1016.66,1021.00,1014.20,1.02,3.13,0.00,7.38,2023-03-28T17:25:00-05:00,65.1,ENE,ENE,0.0741,0.0741,90.0,612,15.72,1.86,2.550,5.00
2023-03-29,2023,3,29,88,287,1435.0,99.7,57.68,63.32,2023-03-29T12:50:00-05:00,50.72,2023-03-29T23:55:00-05:00,46.99,53.86,42.26,68.43,96.00,50.00,1020.92,1023.40,1019.40,1.23,3.36,0.00,8.50,2023-03-29T06:40:00-05:00,60.3,ENE,ENE,0.0000,0.0000,0.0,0,,,2.500,5.00
2023-03-30,2023,3,30,89,286,1430.0,99.3,62.26,78.08,2023-03-30T13:15:00-05:00,48.56,2023-03-30T05:25:00-05:00,54.95,62.51,46.70,79.07,97.00,46.00,1019.98,1021.90,1018.00,1.19,4.03,0.00,11.63,2023-03-30T15:40:00-05:00,171.9,S,S,0.0000,0.0000,0.0,0,,,2.480,5.00
2023-03-31,2023,3,31,90,287,1435.0,99.7,72.35,78.98,2023-03-31T14:45:00-05:00,64.94,2023-03-31T00:05:00-05:00,69.13,71.68,61.94,89.92,98.00,77.00,1017.15,1019.10,1014.80,1.96,4.70,0.00,11.86,2023-03-31T12:20:00-05:00,190.9,S,S,0.0000,0.0000,0.0,0,,,2.520,5.00
2023-04-01,2023,4,1,91,285,1425.0,99.0,75.08,87.44,2023-04-01T16:30:00-05:00,64.76,2023-04-01T23:45:00-05:00,67.03,74.64,52.63,79.23,99.00,35.00,1016.52,1018.70,1014.50,0.84,2.24,0.00,8.28,2023-04-01T14:00:00-05:00,199.6,SSW,SSW,0.0000,0.0000,0.0,0,,,2.510,5.00
2023-04-02,2023,4,2,92,287,1435.0,99.7,69.67,80.24,2023-04-02T12:45:00-05:00,60.98,2023-04-02T04:20:00-05:00,54.99,70.70,46.93,62.08,97.00,32.00,1015.33,1018.60,1012.00,1.05,3.36,0.00,8.50,2023-04-02T14:10:00-05:00,165.0,SSE,S,0.0000,0.0000,0.0,0,,,2.520,5.00
2023-04-03,2023,4,3,93,287,1435.0,99.7,76.40,84.20,2023-04-03T14:50:00-05:00,71.60,2023-04-03T00:05:00-05:00,72.54,74.25,70.58,88.68,100.00,66.00,1011.03,1012.50,1009.80,1.80,3.58,0.00,8.72,2023-04-03T13:55:00-05:00,193.4,SSW,S,0.0997,0.0997,60.0,0,,,2.530,5.00
2023-04-04,2023,4,4,94,287,1435.0,99.7,77.09,83.48,2023-04-04T13:55:00-05:00,72.14,2023-04-04T07:00:00-05:00,73.51,75.06,71.84,89.25,99.00,75.00,1011.75,1013.30,1010.10,1.95,4.03,0.00,11.18,2023-04-04T13:05:00-05:00,187.1,S,S,0.0000,0.0000,0.0,0,,,2.550,5.00
2023-04-05,2023,4,5,95,287,1435.0,99.7,77.51,82.58,2023-04-05T16:00:00-05:00,73.76,2023-04-05T05:25:00-05:00,74.21,75.49,72.82,89.83,98.00,78.00,1014.67,1017.20,1012.40,1.85,4.25,0.00,10.96,2023-04-05T15:30:00-05:00,187.1,S,S,0.0000,0.0000,0.0,0,,,2.540,5.00
2023-04-06,2023,4,6,96,288,1440.0,100.0,77.23,83.30,2023-04-06T13:35:00-05:00,72.50,2023-04-06T07:10:00-05:00,73.51,74.61,71.80,88.95,100.00,70.00,1018.13,1020.70,1015.80,1.10,3.80,0.00,10.29,2023-04-06T13:40:00-05:00,190.6,S,S,0.0115,0.0115,45.0,0,,,2.540,5.00
2023-04-07,2023,4,7,97,288,1440.0,100.0,68.40,74.30,2023-04-07T01:55:00-05:00,63.68,2023-04-07T07:25:00-05:00,67.22,73.64,62.22,96.03,99.00,90.00,1017.90,1020.20,1015.90,1.09,2.24,0.00,9.17,2023-04-07T08:35:00-05:00,72.0,ENE,ENE,0.1072,0.1072,55.0,20,11.25,3.11,2.510,5.00
2023-04-08,2023,4,8,98,288,1440.0,100.0,66.20,74.66,2023-04-08T13:50:00-05:00,62.24,2023-04-08T05:55:00-05:00,63.91,67.56,61.00,92.73,100.00,77.00,1016.38,1018.30,1014.40,1.05,2.46,0.00,11.18,2023-04-08T22:25:00-05:00,62.6,ENE,ENE,0.4166,0.4166,290.0,15,3.89,2.49,2.460,5.00
2023-04-09,2023,4,9,99,286,1430.0,99.3,59.60,66.38,2023-04-09T15:30:00-05:00,55.76,2023-04-09T08:10:00-05:00,54.95,61.80,52.26,84.80,93.00,69.00,1020.64,1023.30,1017.80,1.52,2.91,0.00,9.17,2023-04-09T07:05:00-05:00,66.9,ENE,ENE,0.0000,0.0000,0.0,0,,,2.420,5.00
2023-04-10,2023,4,10,100,287,1435.0,99.7,63.87,73.94,2023-04-10T16:30:00-05:00,56.30,2023-04-10T06:25:00-05:00,56.93,61.49,53.28,78.99,90.00,58.00,1022.15,1023.40,1020.70,1.10,3.13,0.00,9.17,2023-04-10T09:00:00-05:00,78.1,ENE,ENE,0.0000,0.0000,0.0,0,,,2.410,5.00
2023-04-11,2023,4,11,101,248,1240.0,86.1,66.04,73.94,2023-04-11T12:40:00-05:00,59.00,2023-04-11T06:10:00-05:00,57.57,61.01,53.37,74.69,85.00,61.00,1020.94,1022.80,1019.20,1.02,2.91,0.00,6.04,2023-04-11T06:25:00-05:00,78.1,ENE,ENE,0.0000,0.0000,0.0,0,,,2.420,5.00
2023-04-12,2023,4,12,102,287,1435.0,99.7,64.62,68.18,2023-04-12T13:00:00-05:00,62.24,2023-04-12T08:10:00-05:00,58.69,61.07,56.51,81.19,90.00,74.00,1015.77,1019.60,1010.90,1.31,4.03,0.00,8.50,2023-04-12T23:15:00-05:00,65.7,ENE,ENE,0.0000,0.0000,0.0,0,,,2.420,5.00
2023-04-13,2023,4,13,103,285,1425.0,99.0,64.41,72.68,2023-04-13T14:05:00-05:00,57.38,2023-04-13T23:55:00-05:00,56.75,57.76,55.37,77.08,93.00,57.00,1008.33,1011.00,1007.10,0.82,3.80,0.00,10.29,2023-04-13T00:10:00-05:00,100.8,E,ENE,0.0000,0.0000,0.0,0,,,2.410,5.00
2023-04-14,2023,4,14,104,284,1420.0,98.6,69.19,78.98,2023-04-14T16:20:00-05:00,57.02,2023-04-14T00:15:00-05:00,60.69,64.76,55.19,76.16,97.00,50.00,1011.06,1012.90,1009.50,0.92,2.91,0.00,6.49,2023-04-14T15:00:00-05:00,188.8,S,S,0.0000,0.0000,0.0,0,,,2.420,5.00
2023-04-15,2023,4,15,105,287,1435.0,99.7,66.80,76.82,2023-04-15T12:35:00-05:00,62.60,2023-04-15T04:10:00-05:00,65.26,72.99,61.44,94.91,99.00,82.00,1012.74,1016.00,1011.40,0.67,2.91,0.00,6.93,2023-04-15T11:10:00-05:00,173.9,S,S,0.9159,0.9159,95.0,1252,9.16,4.35,2.480,5.00
2023-04-16,2023,4,16,106,262,1310.0,91.0,64.58,74.12,2023-04-16T14:50:00-05:00,53.78,2023-04-16T23:55:00-05:00,56.66,66.16,47.09,78.11,99.00,43.00,1016.40,1018.50,1013.00,0.96,2.46,0.00,5.37,2023-04-16T14:35:00-05:00,64.2,ENE,ENE,0.2839,0.2839,205.0,103,10.65,0.00,2.460,5.00
2023-04-17,2023,4,17,107,284,1420.0,98.6,60.53,75.20,2023-04-17T14:20:00-05:00,46.76,2023-04-17T07:00:00-05:00,47.25,53.82,35.33,67.35,99.00,29.00,1017.84,1020.60,1015.20,0.61,2.91,0.00,8.72,2023-04-17T11:35:00-05:00,133.1,SE,ENE,0.0000,0.0000,0.0,0,,,2.520,5.00
2023-04-18,2023,4,18,108,287,1435.0,99.7,62.16,73.40,2023-04-18T14:55:00-05:00,48.74,2023-04-18T06:45:00-05:00,52.46,57.57,48.20,74.20,99.00,43.00,1016.25,1018.00,1014.90,0.66,3.58,0.00,7.83,2023-04-18T15:10:00-05:00,182.0,S,SSW,0.0000,0.0000,0.0,0,,,2.580,5.00
2023-04-19,2023,4,19,109,288,1440.0,100.0,66.73,77.72,2023-04-19T15:30:00-05:00,55.04,2023-04-19T06:00:00-05:00,59.30,64.06,54.20,79.16,99.00,54.00,1016.68,1018.10,1014.90,1.09,4.25,0.00,12.97,2023-04-19T13:40:00-05:00,190.3,S,SSW,0.0000,0.0000,0.0,0,,,2.580,5.00
2023-04-20,2023,4,20,110,286,1430.0,99.3,70.79,81.32,2023-04-20T14:25:00-05:00,62.42,2023-04-20T01:05:00-05:00,64.53,68.37,60.56,82.58,99.00,52.00,1017.26,1019.20,1015.40,1.19,4.25,0.00,9.62,2023-04-20T13:10:00-05:00,189.8,S,SSW,0.0000,0.0000,0.0,0,,,2.610,5.00
2023-04-21,2023,4,21,111,287,1435.0,99.7,69.47,75.74,2023-04-21T15:45:00-05:00,65.12,2023-04-21T06:55:00-05:00,66.40,68.48,64.25,90.29,97.00,74.00,1012.82,1016.20,1009.60,0.84,3.13,0.00,8.28,2023-04-21T01:40:00-05:00,181.8,S,S,0.1168,0.1168,115.0,0,,,2.580,5.00
2023-04-22,2023,4,22,112,284,1420.0,98.6,68.25,80.42,2023-04-22T16:00:00-05:00,58.46,2023-04-22T23:35:00-05:00,51.31,65.44,44.21,58.76,98.00,30.00,1012.68,1014.00,1011.30,1.23,3.36,0.00,10.74,2023-04-22T15:15:00-05:00,64.0,ENE,ENE,0.0000,0.0000,0.0,0,,,2.570,5.00
2023-04-23,2023,4,23,113,287,1435.0,99.7,65.20,74.66,2023-04-23T15:25:00-05:00,56.12,2023-04-23T06:55:00-05:00,50.37,55.46,46.51,59.75,75.00,41.00,1014.92,1016.80,1013.00,0.81,2.01,0.00,7.83,2023-04-23T10:10:00-05:00,75.7,ENE,ENE,0.0000,0.0000,0.0,0,,,2.600,5.00
2023-04-24,2023,4,24,114,287,1435.0,99.7,61.54,71.24,2023-04-24T17:10:00-05:00,55.58,2023-04-24T07:15:00-05:00,51.36,55.73,47.29,69.75,80.00,54.00,1016.07,1017.90,1014.30,1.22,3.80,0.00,10.07,2023-04-24T10:20:00-05:00,65.9,ENE,ENE,0.0021,0.0021,5.0,0,,,2.540,5.00
2023-04-25,2023,4,25,115,287,1435.0,99.7,66.05,78.98,2023-04-25T12:45:00-05:00,54.50,2023-04-25T05:20:00-05:00,56.83,65.09,47.27,72.88,91.00,54.00,1013.95,1015.80,1012.30,1.12,3.36,0.00,8.50,2023-04-25T15:05:00-05:00,135.9,SE,ENE,0.0000,0.0000,0.0,0,,,2.510,5.00
2023-04-26,2023,4,26,116,285,1425.0,99.0,70.83,80.42,2023-04-26T16:20:00-05:00,60.80,2023-04-26T06:45:00-05:00,65.39,70.38,59.12,83.81,97.00,67.00,1012.33,1014.10,1010.00,1.02,4.03,0.00,8.95,2023-04-26T12:40:00-05:00,187.8,S,S,0.0000,0.0000,0.0,0,,,2.550,5.00
2023-04-27,2023,4,27,117,285,1425.0,99.0,71.96,78.62,2023-04-27T14:30:00-05:00,66.92,2023-04-27T09:00:00-05:00,69.04,70.66,66.34,91.04,99.00,72.00,1008.36,1011.10,1005.40,0.68,3.36,0.00,7.61,2023-04-27T15:20:00-05:00,189.7,S,SSW,1.2679,1.2679,380.0,764,14.41,0.62,2.590,5.00
2023-04-28,2023,4,28,118,287,1435.0,99.7,71.30,81.32,2023-04-28T16:00:00-05:00,61.70,2023-04-28T06:45:00-05:00,63.71,67.05,61.13,79.33,98.00,52.00,1008.63,1010.60,1006.70,0.56,2.68,0.00,7.83,2023-04-28T14:00:00-05:00,210.7,SSW,SW,0.0000,0.0000,0.0,0,,,2.570,5.00
2023-04-29,2023,4,29,119,287,1435.0,99.7,66.68,76.46,2023-04-29T14:05:00-05:00,60.44,2023-04-29T22:15:00-05:00,63.33,66.50,58.58,89.74,99.00,67.00,1006.08,1009.80,1003.50,0.35,2.01,0.00,6.04,2023-04-29T23:40:00-05:00,92.6,E,ENE,0.3073,0.3073,140.0,5,3.48,2.49,2.580,5.00
2023-04-30,2023,4,30,120,266,1330.0,92.4,69.28,82.94,2023-04-30T15:20:00-05:00,57.38,2023-04-30T06:40:00-05:00,56.10,61.23,51.92,66.81,93.00,37.00,1008.91,1010.80,1006.50,0.75,2.01,0.00,6.26,2023-04-30T10:40:00-05:00,113.5,ESE,ENE,0.0000,0.0000,0.0,0,,,2.550,5.00
2023-05-01,2023,5,1,121,288,1440.0,100.0,70.55,80.42,2023-05-01T16:45:00-05:00,60.26,2023-05-01T07:15:00-05:00,56.78,61.40,50.33,64.35,92.00,38.00,1010.18,1012.00,1008.40,0.55,2.68,0.00,7.83,2023-05-01T15:40:00-05:00,196.8,SSW,SSW,0.0000,0.0000,0.0,0,,,2.590,5.00
2023-05-02,2023,5,2,122,288,1440.0,100.0,67.92,79.88,2023-05-02T11:50:00-05:00,53.96,2023-05-02T06:20:00-05:00,55.36,61.58,47.91,67.75,96.00,35.00,1011.50,1013.90,1009.80,0.47,2.68,0.00,8.05,2023-05-02T13:20:00-05:00,208.9,SSW,SW,0.0000,0.0000,0.0,0,,,2.610,5.00
2023-05-03,2023,5,3,123,286,1430.0,99.3,71.26,86.36,2023-05-03T15:35:00-05:00,59.18,2023-05-03T05:10:00-05:00,58.16,62.47,54.11,66.57,92.00,35.00,1011.90,1013.90,1009.70,0.45,2.24,0.00,7.16,2023-05-03T16:50:00-05:00,141.4,SE,ENE,0.0000,0.0000,0.0,0,,,2.610,5.00
2023-05-04,2023,5,4,124,285,1425.0,99.0,72.19,83.84,2023-05-04T15:00:00-05:00,60.08,2023-05-04T06:30:00-05:00,57.55,66.87,49.43,62.22,86.00,37.00,1013.35,1015.10,1012.00,0.63,2.46,0.00,7.16,2023-05-04T13:30:00-05:00,180.5,S,SW,0.0000,0.0000,0.0,0,,,2.610,5.00
2023-05-05,2023,5,5,125,287,1435.0,99.7,75.39,83.48,2023-05-05T16:20:00-05:00,70.34,2023-05-05T08:30:00-05:00,70.67,75.51,65.52,85.65,98.00,75.00,1014.15,1015.90,1012.20,0.66,2.24,0.00,6.49,2023-05-05T17:20:00-05:00,187.5,S,SSW,1.1056,1.1056,150.0,1473,11.12,0.00,2.600,5.00
2023-05-06,2023,5,6,126,286,1430.0,99.3,70.02,75.20,2023-05-06T08:55:00-05:00,65.84,2023-05-06T23:40:00-05:00,69.25,74.60,65.26,97.44,98.00,91.00,1017.48,1022.30,1014.90,1.19,5.82,0.00,10.96,2023-05-06T09:05:00-05:00,93.1,E,E,1.5268,1.5268,400.0,1314,7.52,0.00,2.530,5.00
2023-05-07,2023,5,7,127,287,1435.0,99.7,73.84,82.22,2023-05-07T12:55:00-05:00,64.76,2023-05-07T06:20:00-05:00,69.49,73.62,64.18,87.18,98.00,69.00,1017.56,1019.10,1015.60,1.39,3.80,0.00,10.51,2023-05-07T11:50:00-05:00,158.8,SSE,S,0.0000,0.0000,0.0,0,,,2.510,5.00
2023-05-08,2023,5,8,128,288,1440.0,100.0,76.51,82.22,2023-05-08T13:15:00-05:00,72.68,2023-05-08T06:30:00-05:00,72.96,75.49,70.18,89.15,98.00,74.00,1015.58,1017.10,1013.80,0.66,2.68,0.00,7.83,2023-05-08T18:05:00-05:00,189.2,S,SSW,0.0853,0.0853,45.0,109,15.92,4.97,2.510,5.00
2023-05-09,2023,5,9,129,284,1420.0,98.6,76.20,85.28,2023-05-09T13:00:00-05:00,72.86,2023-05-09T00:05:00-05:00,73.16,75.29,70.56,90.95,98.00,65.00,1015.22,1017.10,1013.00,0.59,3.36,0.00,8.28,2023-05-09T13:55:00-05:00,192.8,SSW,SSW,0.2891,0.2891,185.0,561,17.74,0.00,2.480,5.00
2023-05-10,2023,5,10,130,287,1435.0,99.7,77.32,84.02,2023-05-10T14:40:00-05:00,73.22,2023-05-10T06:30:00-05:00,72.44,74.78,68.72,85.88,98.00,64.00,1014.14,1016.10,1012.50,1.10,3.13,0.00,10.74,2023-05-10T15:55:00-05:00,187.2,S,S,0.0844,0.0844,120.0,12,2.85,0.62,2.450,5.00
2023-05-11,2023,5,11,131,286,1430.0,99.3,77.88,85.64,2023-05-11T14:35:00-05:00,68.36,2023-05-11T22:55:00-05:00,73.61,77.47,66.57,87.05,95.00,75.00,1013.70,1017.00,1012.20,1.29,3.36,0.00,10.29,2023-05-11T10:55:00-05:00,181.7,S,S,0.0000,0.0000,0.0,815,13.43,1.24,2.450,5.00
2023-05-12,2023,5,12,132,287,1435.0,99.7,77.36,87.44,2023-05-12T15:35:00-05:00,67.28,2023-05-12T01:20:00-05:00,72.66,77.20,65.19,86.07,98.00,69.00,1015.86,1017.20,1014.30,0.95,3.36,0.00,6.26,2023-05-12T12:50:00-05:00,182.7,S,S,0.0000,0.0000,0.0,3,10.56,10.56,2.450,5.00
2023-05-13,2023,5,13,133,280,1400.0,97.2,78.12,86.72,2023-05-13T15:05:00-05:00,69.98,2023-05-13T06:40:00-05:00,71.50,74.88,66.48,80.91,96.00,62.00,1016.68,1018.30,1015.60,0.87,3.58,0.00,8.28,2023-05-13T14:35:00-05:00,193.3,SSW,SSW,0.0000,0.0000,0.0,58,14.36,3.73,2.510,5.00
2023-05-14,2023,5,14,134,286,1430.0,99.3,79.24,89.24,2023-05-14T15:25:00-05:00,70.34,2023-05-14T06:35:00-05:00,72.64,76.51,69.13,81.93,98.00,54.00,1018.48,1020.20,1017.00,0.63,2.68,0.00,7.38,2023-05-14T14:30:00-05:00,192.4,SSW,SW,0.0000,0.0000,0.0,0,,,2.530,5.00
2023-05-15,2023,5,15,135,287,1435.0,99.7,76.95,91.04,2023-05-15T11:35:00-05:00,71.78,2023-05-15T23:55:00-05:00,73.15,77.91,70.67,88.78,98.00,57.00,1018.34,1019.80,1016.10,0.27,2.24,0.00,6.26,2023-05-15T12:40:00-05:00,70.3,ENE,NE,0.3573,0.3573,115.0,285,10.34,1.24,2.540,5.00
2023-05-16,2023,5,16,136,286,1430.0,99.3,78.96,89.42,2023-05-16T16:05:00-05:00,68.72,2023-05-16T06:00:00-05:00,72.25,76.28,68.13,81.41,98.00,60.00,1013.57,1017.60,1009.80,0.43,2.01,0.00,7.16,2023-05-16T14:20:00-05:00,212.2,SSW,SW,0.0000,0.0000,0.0,320,17.00,3.73,2.510,5.00
2023-05-17,2023,5,17,137,287,1435.0,99.7,76.12,85.64,2023-05-17T13:55:00-05:00,69.08,2023-05-17T05:00:00-05:00,71.02,76.80,67.15,84.71,97.00,64.00,1009.84,1011.60,1007.70,0.41,2.68,0.00,8.05,2023-05-17T15:55:00-05:00,212.0,SSW,SW,0.0000,0.0000,0.0,1093,12.62,1.24,2.530,5.00
2023-05-18,2023,5,18,138,285,1425.0,99.0,77.72,87.26,2023-05-18T14:50:00-05:00,67.82,2023-05-18T05:50:00-05:00,70.31,74.59,66.94,79.69,98.00,53.00,1011.04,1013.50,1009.40,0.58,2.24,0.00,7.38,2023-05-18T15:20:00-05:00,193.8,SSW,SSW,0.0000,0.0000,0.0,1,4.97,4.97,2.530,5.00
2023-05-19,2023,5,19,139,286,1430.0,99.3,80.45,89.06,2023-05-19T15:15:00-05:00,71.24,2023-05-19T06:00:00-05:00,72.59,75.66,70.34,78.53,98.00,56.00,1014.06,1015.60,1011.60,0.56,2.24,0.00,7.16,2023-05-19T15:00:00-05:00,192.9,SSW,SW,0.0000,0.0000,0.0,0,,,2.540,5.00
2023-05-20,2023,5,20,140,285,1425.0,99.0,82.18,90.32,2023-05-20T15:15:00-05:00,75.38,2023-05-20T21:05:00-05:00,75.14,78.76,71.75,79.99,94.00,64.00,1014.96,1016.40,1012.40,0.63,2.24,0.00,8.05,2023-05-20T16:00:00-05:00,185.7,S,SSW,0.0000,0.0000,0.0,67,8.54,1.86,2.550,5.00
2023-05-21,2023,5,21,141,287,1435.0,99.7,76.05,83.84,2023-05-21T13:55:00-05:00,70.52,2023-05-21T05:10:00-05:00,70.49,73.26,66.99,83.61,97.00,66.00,1014.52,1016.00,1013.00,0.40,1.34,0.00,4.47,2023-05-21T13:15:00-05:00,66.8,ENE,ENE,0.0000,0.0000,0.0,0,,,2.540,5.00
2023-05-22,2023,5,22,142,287,1435.0,99.7,76.09,86.36,2023-05-22T15:25:00-05:00,68.00,2023-05-22T06:20:00-05:00,68.78,71.95,65.31,78.93,92.00,61.00,1012.83,1014.30,1011.00,0.35,1.79,0.00,5.59,2023-05-22T14:10:00-05:00,205.2,SSW,SW,0.0000,0.0000,0.0,0,,,2.530,5.00
2023-05-23,2023,5,23,143,288,1440.0,100.0,77.78,88.16,2023-05-23T16:45:00-05:00,67.64,2023-05-23T06:20:00-05:00,69.19,73.98,65.72,76.24,94.00,53.00,1011.90,1012.90,1010.50,0.27,1.79,0.00,4.70,2023-05-23T15:55:00-05:00,67.1,ENE,ENE,0.0367,0.0367,5.0,71,12.69,3.73,2.530,5.00
2023-05-24,2023,5,24,144,281,1405.0,97.6,72.92,79.52,2023-05-24T15:55:00-05:00,67.64,2023-05-24T06:10:00-05:00,67.56,69.81,66.06,83.72,96.00,67.00,1012.09,1013.80,1010.20,0.63,2.24,0.00,7.83,2023-05-24T16:20:00-05:00,63.1,ENE,ENE,0.0000,0.0000,0.0,2,3.73,3.73,2.520,5.00
2023-05-25,2023,5,25,145,285,1425.0,99.0,74.92,85.46,2023-05-25T15:30:00-05:00,66.74,2023-05-25T03:45:00-05:00,65.94,68.37,63.56,75.58,95.00,50.00,1011.32,1012.50,1010.10,0.56,2.46,0.00,8.28,2023-05-25T12:45:00-05:00,69.9,ENE,ENE,0.0000,0.0000,0.0,0,,,2.490,5.00
2023-05-26,2023,5,26,146,285,1425.0,99.0,74.82,86.36,2023-05-26T14:50:00-05:00,62.06,2023-05-26T06:30:00-05:00,62.34,65.26,59.99,68.04,96.00,44.00,1013.57,1014.80,1012.40,0.57,2.68,0.00,8.28,2023-05-26T12:50:00-05:00,68.5,ENE,ENE,0.0000,0.0000,0.0,0,,,2.490,5.00
2023-05-27,2023,5,27,147,284,1420.0,98.6,74.37,82.94,2023-05-27T13:40:00-05:00,66.74,2023-05-27T06:30:00-05:00,64.27,68.66,60.90,71.75,88.00,53.00,1015.22,1016.70,1014.10,0.73,3.13,0.00,8.28,2023-05-27T15:30:00-05:00,170.5,S,SSW,0.0000,0.0000,0.0,0,,,2.500,5.00
2023-05-28,2023,5,28,148,284,1420.0,98.6,75.03,84.38,2023-05-28T15:20:00-05:00,64.58,2023-05-28T04:25:00-05:00,64.40,69.20,61.89,71.50,94.00,50.00,1014.81,1016.90,1012.90,0.67,2.91,0.00,8.72,2023-05-28T11:55:00-05:00,202.8,SSW,SSW,0.0000,0.0000,0.0,0,,,2.510,5.00
2023-05-29,2023,5,29,149,287,1435.0,99.7,77.11,86.18,2023-05-29T14:35:00-05:00,69.08,2023-05-29T06:25:00-05:00,69.42,74.53,67.15,78.00,94.00,57.00,1013.14,1015.00,1011.10,0.27,2.01,0.00,7.16,2023-05-29T15:00:00-05:00,158.6,SSE,SSW,0.0660,0.0660,25.0,5,3.23,1.24,2.520,5.00
2023-05-30,2023,5,30,150,288,1440.0,100.0,76.07,85.28,2023-05-30T11:30:00-05:00,71.24,2023-05-30T03:40:00-05:00,71.20,74.11,68.79,85.72,98.00,63.00,1012.06,1013.20,1010.90,0.47,2.46,0.00,7.83,2023-05-30T13:05:00-05:00,180.3,S,SSW,0.4171,0.4171,115.0,47,18.81,4.97,2.490,5.00
2023-05-31,2023,5,31,151,285,1425.0,99.0,76.29,86.72,2023-05-31T13:10:00-05:00,67.28,2023-05-31T06:20:00-05:00,69.22,71.61,66.55,80.39,98.00,53.00,1011.99,1013.40,1010.80,0.30,2.01,0.00,6.26,2023-05-31T12:30:00-05:00,162.6,SSE,SSW,0.0000,0.0000,0.0,0,,,2.460,5.00
2023-06-01,2023,6,1,152,287,1435.0,99.7,76.68,86.54,2023-06-01T14:00:00-05:00,67.82,2023-06-01T05:00:00-05:00,68.41,72.81,65.40,77.18,96.00,55.00,1012.15,1013.50,1010.70,0.51,2.91,0.00,8.95,2023-06-01T13:15:00-05:00,89.5,E,ENE,0.0000,0.0000,0.0,0,,,2.430,5.00
2023-06-02,2023,6,2,153,286,1430.0,99.3,78.67,91.04,2023-06-02T14:40:00-05:00,68.18,2023-06-02T04:20:00-05:00,69.13,73.37,65.67,74.39,93.00,46.00,1010.74,1012.90,1007.80,0.57,2.68,0.00,7.38,2023-06-02T11:35:00-05:00,84.5,E,ENE,0.0000,0.0000,0.0,0,,,2.450,5.00
2023-06-03,2023,6,3,154,285,1425.0,99.0,79.41,90.50,2023-06-03T16:00:00-05:00,69.80,2023-06-03T06:05:00-05:00,69.92,74.69,66.80,74.41,93.00,52.00,1008.40,1009.80,1006.40,0.48,2.46,0.00,5.14,2023-06-03T17:55:00-05:00,166.2,SSE,SW,0.0000,0.0000,0.0,208,14.74,2.49,2.440,5.00
2023-06-04,2023,6,4,155,287,1435.0,99.7,78.28,91.76,2023-06-04T15:30:00-05:00,68.36,2023-06-04T06:05:00-05:00,69.39,75.55,65.99,76.02,97.00,48.00,1008.61,1011.10,1007.20,0.47,2.46,0.00,5.14,2023-06-04T16:25:00-05:00,131.2,SE,ENE,0.1568,0.1568,155.0,1466,8.71,3.11,2.450,5.00
2023-06-05,2023,6,5,156,286,1430.0,99.3,77.01,86.90,2023-06-05T11:55:00-05:00,69.62,2023-06-05T05:50:00-05:00,71.13,75.14,69.03,83.34,98.00,60.00,1011.45,1013.10,1009.80,0.81,4.25,0.00,7.83,2023-06-05T13:30:00-05:00,193.2,SSW,SSW,0.0001,0.0001,10.0,280,15.25,3.73,2.460,5.00
2023-06-06,2023,6,6,157,286,1430.0,99.3,75.39,85.28,2023-06-06T13:25:00-05:00,68.36,2023-06-06T05:50:00-05:00,70.51,73.35,67.47,85.60,97.00,60.00,1011.84,1013.40,1010.00,0.49,2.91,0.00,5.59,2023-06-06T13:40:00-05:00,162.9,SSE,S,0.0409,0.0409,15.0,340,11.81,0.62,2.500,5.00
2023-06-07,2023,6,7,158,287,1435.0,99.7,77.01,87.62,2023-06-07T14:55:00-05:00,68.72,2023-06-07T05:50:00-05:00,70.66,74.00,68.13,82.09,98.00,60.00,1009.14,1011.10,1006.40,0.42,2.68,0.00,5.82,2023-06-07T15:55:00-05:00,188.8,S,SSW,0.0000,0.0000,0.0,389,13.88,1.24,2.480,5.00
2023-06-08,2023,6,8,159,287,1435.0,99.7,77.54,89.96,2023-06-08T13:40:00-05:00,69.98,2023-06-08T06:30:00-05:00,71.44,75.59,68.97,82.85,97.00,58.00,1008.18,1009.80,1006.80,0.39,2.46,0.00,7.83,2023-06-08T18:50:00-05:00,178.0,S,SSW,0.0147,0.0147,10.0,1123,12.95,3.73,2.470,5.00
2023-06-09,2023,6,9,160,287,1435.0,99.7,79.98,91.22,2023-06-09T14:25:00-05:00,68.18,2023-06-09T06:20:00-05:00,71.60,76.39,67.59,77.56,98.00,51.00,1008.81,1010.10,1007.40,0.50,2.68,0.00,6.71,2023-06-09T13:35:00-05:00,197.9,SSW,SW,0.0000,0.0000,0.0,0,,,2.440,5.00
2023-06-10,2023,6,10,161,287,1435.0,99.7,80.63,92.30,2023-06-10T15:00:00-05:00,70.16,2023-06-10T22:50:00-05:00,72.27,77.36,68.84,77.19,97.00,54.00,1009.38,1011.10,1008.20,0.67,3.58,0.00,7.61,2023-06-10T18:00:00-05:00,185.1,S,SSW,0.1601,0.1601,55.0,113,10.09,2.49,2.450,5.00
2023-06-11,2023,6,11,162,287,1435.0,99.7,81.92,91.40,2023-06-11T14:40:00-05:00,70.34,2023-06-11T00:05:00-05:00,74.91,77.87,69.14,80.63,98.00,61.00,1009.53,1011.40,1008.30,0.69,2.91,0.00,7.61,2023-06-11T11:15:00-05:00,190.3,S,S,0.0000,0.0000,0.0,0,,,2.480,5.00
2023-06-12,2023,6,12,163,287,1435.0,99.7,82.83,91.04,2023-06-12T15:40:00-05:00,75.38,2023-06-12T22:30:00-05:00,75.58,78.42,70.34,79.37,94.00,65.00,1010.58,1012.00,1008.60,0.81,3.36,0.00,7.83,2023-06-12T18:40:00-05:00,185.1,S,SW,0.0000,0.0000,0.0,148,14.86,3.11,2.510,5.00
2023-06-13,2023,6,13,164,284,1420.0,98.6,83.55,94.82,2023-06-13T16:05:00-05:00,73.22,2023-06-13T03:10:00-05:00,75.44,79.69,70.14,77.82,95.00,54.00,1011.08,1013.00,1009.40,0.87,2.68,0.00,9.62,2023-06-13T20:55:00-05:00,177.2,S,SSW,0.0000,0.0000,0.0,0,,,2.510,5.00
2023-06-14,2023,6,14,165,287,1435.0,99.7,87.20,93.56,2023-06-14T13:55:00-05:00,82.94,2023-06-14T01:45:00-05:00,78.94,80.78,77.55,77.09,88.00,64.00,1008.53,1010.30,1006.00,1.59,3.13,0.00,11.63,2023-06-14T12:10:00-05:00,195.8,SSW,SSW,0.0000,0.0000,0.0,0,,,2.490,5.00
2023-06-15,2023,6,15,166,288,1440.0,100.0,86.94,92.84,2023-06-15T13:45:00-05:00,83.12,2023-06-15T05:30:00-05:00,79.71,81.77,75.90,79.62,89.00,59.00,1008.47,1010.00,1006.60,1.26,2.68,0.00,9.40,2023-06-15T12:10:00-05:00,194.8,SSW,SSW,0.0000,0.0000,0.0,972,14.47,1.24,2.480,5.00
2023-06-16,2023,6,16,167,284,1420.0,98.6,86.09,93.02,2023-06-16T14:20:00-05:00,81.32,2023-06-16T06:00:00-05:00,79.66,81.10,77.61,81.76,94.00,66.00,1010.79,1012.90,1008.60,1.21,3.80,0.00,9.40,2023-06-16T18:45:00-05:00,194.1,SSW,SSW,0.0000,0.0000,0.0,2,4.04,3.11,2.460,5.00
2023-06-17,2023,6,17,168,283,1415.0,98.3,86.92,96.08,2023-06-17T15:45:00-05:00,80.06,2023-06-17T23:40:00-05:00,78.60,82.26,69.83,77.20,91.00,57.00,1010.77,1012.20,1008.00,0.62,2.68,0.00,7.61,2023-06-17T13:45:00-05:00,170.3,S,SSW,0.0000,0.0000,0.0,7,6.12,3.73,2.460,5.00
2023-06-18,2023,6,18,169,287,1435.0,99.7,86.24,94.82,2023-06-18T15:15:00-05:00,78.26,2023-06-18T02:40:00-05:00,78.23,81.97,70.11,77.56,90.00,62.00,1009.66,1012.50,1007.20,1.12,3.58,0.00,7.38,2023-06-18T20:10:00-05:00,185.1,S,S,0.0000,0.0000,0.0,1163,18.63,4.97,2.460,5.00
2023-06-19,2023,6,19,170,288,1440.0,100.0,87.43,96.80,2023-06-19T14:05:00-05:00,71.06,2023-06-19T23:25:00-05:00,80.12,82.88,70.16,79.83,98.00,62.00,1009.23,1012.50,1007.00,1.72,14.54,0.00,19.68,2023-06-19T23:20:00-05:00,219.3,SW,SW,2.6078,2.6078,125.0,14843,4.25,1.24,2.480,5.00
2023-06-20,2023,6,20,171,283,1415.0,98.3,77.53,87.98,2023-06-20T12:15:00-05:00,70.88,2023-06-20T05:00:00-05:00,73.92,80.51,69.48,89.07,98.00,77.00,1009.86,1012.10,1008.00,1.00,5.14,0.00,14.54,2023-06-20T01:55:00-05:00,31.3,NNE,NE,0.0069,0.0069,55.0,1630,15.28,1.24,2.490,5.00
2023-06-21,2023,6,21,172,286,1430.0,99.3,81.55,90.50,2023-06-21T16:35:00-05:00,71.78,2023-06-21T05:05:00-05:00,74.16,78.98,69.37,79.24,94.00,61.00,1008.29,1009.50,1006.90,0.55,2.91,0.00,5.82,2023-06-21T14:40:00-05:00,187.3,S,SSW,0.0000,0.0000,0.0,0,,,2.470,5.00
2023-06-22,2023,6,22,173,287,1435.0,99.7,83.45,93.56,2023-06-22T16:20:00-05:00,74.30,2023-06-22T06:15:00-05:00,75.55,79.25,72.11,78.57,96.00,56.00,1009.63,1011.60,1007.50,0.53,2.24,0.00,6.71,2023-06-22T13:25:00-05:00,125.9,SE,ENE,0.0000,0.0000,0.0,4,3.57,3.11,2.490,5.00
2023-06-23,2023,6,23,174,234,1170.0,81.2,83.18,91.58,2023-06-23T13:45:00-05:00,74.48,2023-06-23T06:15:00-05:00,74.93,77.36,72.68,77.89,97.00,55.00,1012.68,1014.50,1010.70,0.57,2.01,0.00,5.82,2023-06-23T09:50:00-05:00,71.6,ENE,ENE,0.0000,0.0000,0.0,0,,,2.470,5.00
2023-06-24,2023,6,24,175,287,1435.0,99.7,81.97,90.86,2023-06-24T16:15:00-05:00,72.86,2023-06-24T05:45:00-05:00,74.64,80.78,67.54,78.94,92.00,65.00,1014.10,1015.40,1012.70,0.72,2.91,0.00,8.28,2023-06-24T16:00:00-05:00,175.6,S,SSW,0.0000,0.0000,0.0,208,13.20,1.86,2.440,5.00
2023-06-25,2023,6,25,176,287,1435.0,99.7,87.72,94.82,2023-06-25T15:35:00-05:00,81.68,2023-06-25T06:40:00-05:00,80.13,81.77,78.46,78.87,90.00,63.00,1013.36,1015.50,1010.90,0.77,2.01,0.00,7.61,2023-06-25T13:20:00-05:00,165.2,SSE,SSW,0.0000,0.0000,0.0,0,,,2.440,5.00
2023-06-26,2023,6,26,177,283,1415.0,98.3,84.82,92.48,2023-06-26T12:15:00-05:00,78.98,2023-06-26T04:40:00-05:00,76.62,80.79,72.83,77.29,90.00,56.00,1013.00,1015.70,1011.30,0.47,2.46,0.00,5.59,2023-06-26T03:20:00-05:00,108.8,ESE,ENE,0.0000,0.0000,0.0,13,12.05,3.73,2.460,5.00
2023-06-27,2023,6,27,178,285,1425.0,99.0,87.37,95.90,2023-06-27T16:45:00-05:00,79.52,2023-06-27T06:00:00-05:00,79.38,82.18,73.60,78.32,96.00,61.00,1012.25,1013.90,1010.00,0.68,2.68,0.00,6.71,2023-06-27T13:00:00-05:00,120.7,ESE,ENE,0.0000,0.0000,0.0,132,14.98,4.97,2.490,5.00
2023-06-28,2023,6,28,179,286,1430.0,99.3,86.93,97.16,2023-06-28T13:05:00-05:00,76.46,2023-06-28T04:15:00-05:00,77.49,83.00,72.98,74.62,91.00,53.00,1012.76,1014.60,1010.80,0.61,2.68,0.00,7.61,2023-06-28T15:35:00-05:00,84.9,E,ENE,0.0000,0.0000,0.0,0,,,2.500,5.00
2023-06-29,2023,6,29,180,208,1040.0,72.2,83.55,96.80,2023-06-29T13:05:00-05:00,78.98,2023-06-29T17:35:00-05:00,79.63,85.76,77.60,88.89,98.00,65.00,1013.37,1014.70,1012.10,0.43,2.24,0.00,7.16,2023-06-29T13:55:00-05:00,91.5,E,NE,0.4816,0.4816,100.0,449,10.58,3.11,2.480,5.00
2023-06-30,2023,6,30,181,286,1430.0,99.3,87.47,95.72,2023-06-30T15:00:00-05:00,79.52,2023-06-30T06:25:00-05:00,78.65,81.42,75.37,77.17,98.00,55.00,1014.44,1016.10,1013.20,0.62,2.24,0.00,7.38,2023-06-30T13:55:00-05:00,148.4,SSE,SE,0.0000,0.0000,0.0,0,,,2.450,5.00
2023-07-01,2023,7,1,182,287,1435.0,99.7,88.10,96.62,2023-07-01T15:50:00-05:00,78.98,2023-07-01T06:40:00-05:00,78.60,80.08,76.30,74.56,94.00,55.00,1014.17,1016.20,1012.20,0.61,2.24,0.00,6.93,2023-07-01T16:50:00-05:00,152.0,SSE,SSW,0.0000,0.0000,0.0,0,,,2.450,5.00
2023-07-02,2023,7,2,183,265,1325.0,92.0,89.07,96.08,2023-07-02T15:30:00-05:00,84.20,2023-07-02T05:50:00-05:00,78.12,80.54,75.01,70.98,84.00,54.00,1012.98,1014.60,1011.10,0.82,2.01,0.00,8.28,2023-07-02T09:10:00-05:00,154.6,SSE,SE,0.0000,0.0000,0.0,0,,,2.440,5.00
2023-07-03,2023,7,3,184,287,1435.0,99.7,87.76,94.46,2023-07-03T14:30:00-05:00,81.14,2023-07-03T06:45:00-05:00,76.96,80.33,71.87,71.08,86.00,49.00,1013.69,1015.10,1011.90,0.89,2.91,0.00,7.16,2023-07-03T17:00:00-05:00,171.4,S,SSW,0.0000,0.0000,0.0,0,,,2.440,5.00
2023-07-04,2023,7,4,185,284,1420.0,98.6,87.00,93.20,2023-07-04T12:25:00-05:00,83.48,2023-07-04T23:05:00-05:00,78.11,80.27,76.94,75.18,84.00,62.00,1015.46,1016.90,1014.10,0.76,2.68,0.00,8.28,2023-07-04T14:30:00-05:00,172.4,S,S,0.0004,0.0004,5.0,186,16.32,3.11,2.430,5.00
2023-07-05,2023,7,5,186,287,1435.0,99.7,85.06,94.28,2023-07-05T13:35:00-05:00,74.48,2023-07-05T21:00:00-05:00,78.11,80.83,73.13,80.45,97.00,64.00,1016.21,1017.80,1014.40,0.78,2.68,0.00,5.59,2023-07-05T13:55:00-05:00,172.2,S,SSW,0.4701,0.4701,235.0,2411,10.75,1.24,2.430,5.00
2023-07-06,2023,7,6,187,287,1435.0,99.7,81.23,90.68,2023-07-06T16:45:00-05:00,74.48,2023-07-06T04:30:00-05:00,75.94,79.37,73.37,84.93,97.00,67.00,1015.31,1017.10,1013.00,0.51,2.91,0.00,5.82,2023-07-06T14:45:00-05:00,156.6,SSE,ENE,0.0154,0.0154,50.0,14,6.57,3.11,2.420,5.00
2023-07-07,2023,7,7,188,285,1425.0,99.0,81.89,89.06,2023-07-07T15:35:00-05:00,74.30,2023-07-07T04:35:00-05:00,74.96,79.52,70.72,80.00,91.00,70.00,1013.84,1015.40,1012.00,0.39,1.79,0.00,5.37,2023-07-07T15:20:00-05:00,169.4,S,SSW,0.0000,0.0000,0.0,25,12.85,6.84,2.430,5.00
2023-07-08,2023,7,8,189,284,1420.0,98.6,84.31,91.58,2023-07-08T13:40:00-05:00,77.36,2023-07-08T05:00:00-05:00,77.32,80.83,73.33,80.31,96.00,60.00,1013.30,1015.00,1011.40,0.65,5.82,0.00,12.08,2023-07-08T14:40:00-05:00,178.1,S,SSW,0.0000,0.0000,0.0,246,7.08,2.49,2.440,5.00
2023-07-09,2023,7,9,190,283,1415.0,98.3,83.33,89.96,2023-07-09T10:55:00-05:00,76.64,2023-07-09T17:35:00-05:00,78.22,81.38,75.41,85.14,98.00,67.00,1012.80,1014.20,1012.00,0.91,3.13,0.00,6.26,2023-07-09T17:05:00-05:00,111.0,ESE,NE,0.2391,0.2391,70.0,774,10.61,1.24,2.450,5.00
2023-07-10,2023,7,10,191,287,1435.0,99.7,83.75,92.12,2023-07-10T11:35:00-05:00,79.16,2023-07-10T22:10:00-05:00,79.27,82.91,77.03,87.06,97.00,68.00,1013.14,1014.10,1012.00,0.49,2.46,0.00,4.47,2023-07-10T14:40:00-05:00,106.9,ESE,ENE,0.4251,0.4251,65.0,1291,11.24,1.24,2.450,5.00
2023-07-11,2023,7,11,192,288,1440.0,100.0,82.75,94.28,2023-07-11T15:25:00-05:00,74.48,2023-07-11T21:20:00-05:00,78.09,82.39,73.26,86.82,97.00,65.00,1014.34,1016.30,1013.00,0.76,3.36,0.00,6.93,2023-07-11T15:10:00-05:00,148.5,SSE,S,0.1851,0.1851,75.0,2281,9.29,2.49,2.450,5.00
2023-07-12,2023,7,12,193,287,1435.0,99.7,83.59,90.86,2023-07-12T12:00:00-05:00,76.82,2023-07-12T00:10:00-05:00,79.57,82.70,75.90,88.08,97.00,75.00,1014.18,1015.80,1012.90,0.67,2.68,0.00,6.49,2023-07-12T23:55:00-05:00,169.3,S,S,0.0958,0.0958,55.0,500,14.29,1.24,2.470,5.00
2023-07-13,2023,7,13,194,287,1435.0,99.7,87.44,92.84,2023-07-13T15:55:00-05:00,84.02,2023-07-13T06:15:00-05:00,80.61,82.17,79.49,80.57,88.00,67.00,1012.99,1014.70,1011.10,1.02,2.91,0.00,6.04,2023-07-13T16:05:00-05:00,173.0,S,SSW,0.0000,0.0000,0.0,35,10.24,2.49,2.460,5.00
2023-07-14,2023,7,14,195,286,1430.0,99.3,87.26,94.82,2023-07-14T14:30:00-05:00,80.24,2023-07-14T06:25:00-05:00,80.27,81.96,78.35,80.42,95.00,64.00,1013.06,1014.70,1011.70,0.65,2.46,0.00,6.26,2023-07-14T13:35:00-05:00,156.1,SSE,SSE,0.0000,0.0000,0.0,0,,,2.490,5.00
2023-07-15,2023,7,15,196,287,1435.0,99.7,88.26,95.90,2023-07-15T15:20:00-05:00,81.14,2023-07-15T06:40:00-05:00,79.78,81.87,77.25,77.05,93.00,58.00,1013.62,1015.10,1012.00,0.68,2.46,0.00,5.59,2023-07-15T12:40:00-05:00,133.1,SE,SE,0.0000,0.0000,0.0,0,,,2.500,5.00
2023-07-16,2023,7,16,197,287,1435.0,99.7,82.23,93.56,2023-07-16T11:40:00-05:00,74.12,2023-07-16T22:05:00-05:00,78.41,83.08,73.52,88.93,98.00,66.00,1015.25,1017.70,1013.60,0.53,3.36,0.00,7.83,2023-07-16T13:00:00-05:00,107.6,ESE,ENE,0.5706,0.5706,425.0,3361,6.35,1.24,2.510,5.00
2023-07-17,2023,7,17,198,288,1440.0,100.0,82.91,94.64,2023-07-17T14:00:00-05:00,72.86,2023-07-17T05:55:00-05:00,76.25,80.65,72.26,81.95,98.00,58.00,1015.62,1017.20,1013.90,0.50,2.46,0.00,5.37,2023-07-17T14:45:00-05:00,104.2,ESE,ENE,0.0000,0.0000,0.0,2,4.97,4.97,2.480,5.00
2023-07-18,2023,7,18,199,282,1410.0,97.9,85.18,94.64,2023-07-18T16:10:00-05:00,75.02,2023-07-18T06:05:00-05:00,77.56,81.25,73.49,79.03,96.00,59.00,1016.52,1018.10,1015.00,0.56,2.68,0.00,8.05,2023-07-18T14:00:00-05:00,157.4,SSE,SE,0.0000,0.0000,0.0,0,,,2.480,5.00
2023-07-19,2023,7,19,200,287,1435.0,99.7,87.67,94.64,2023-07-19T16:50:00-05:00,78.98,2023-07-19T06:45:00-05:00,79.10,80.78,77.10,76.54,95.00,60.00,1017.89,1019.00,1016.80,0.74,2.91,0.00,7.38,2023-07-19T10:45:00-05:00,163.3,SSE,S,0.0000,0.0000,0.0,0,,,2.480,5.00
2023-07-20,2023,7,20,201,281,1405.0,97.6,88.54,94.82,2023-07-20T16:10:00-05:00,80.96,2023-07-20T06:45:00-05:00,79.21,81.30,77.25,74.68,92.00,60.00,1017.14,1018.70,1015.00,0.85,2.46,0.00,8.05,2023-07-20T12:50:00-05:00,174.5,S,SSW,0.0000,0.0000,0.0,0,,,2.490,5.00
2023-07-21,2023,7,21,202,283,1415.0,98.3,88.66,95.18,2023-07-21T15:10:00-05:00,80.42,2023-07-21T06:35:00-05:00,79.58,81.70,77.88,75.36,92.00,59.00,1014.19,1016.40,1011.40,0.87,2.68,0.00,8.72,2023-07-21T14:50:00-05:00,183.1,S,S,0.0000,0.0000,0.0,0,,,2.490,5.00
2023-07-22,2023,7,22,203,287,1435.0,99.7,85.16,95.90,2023-07-22T15:30:00-05:00,72.86,2023-07-22T18:45:00-05:00,78.52,82.39,71.65,81.71,98.00,61.00,1012.43,1013.60,1009.50,0.85,3.36,0.00,8.95,2023-07-22T14:05:00-05:00,147.7,SSE,SSW,1.2215,1.2215,230.0,3047,8.42,1.86,2.490,5.00
2023-07-23,2023,7,23,204,287,1435.0,99.7,81.39,91.76,2023-07-23T16:15:00-05:00,74.30,2023-07-23T06:15:00-05:00,76.45,79.55,73.70,86.13,98.00,61.00,1014.19,1016.30,1012.40,0.70,2.68,0.00,8.05,2023-07-23T12:00:00-05:00,66.6,ENE,ENE,0.0258,0.0258,35.0,197,14.23,1.86,2.480,5.00
2023-07-24,2023,7,24,205,287,1435.0,99.7,82.37,92.84,2023-07-24T13:50:00-05:00,72.86,2023-07-24T06:20:00-05:00,71.37,77.24,65.95,71.61,95.00,44.00,1017.93,1019.20,1015.90,0.74,3.36,0.00,7.83,2023-07-24T16:05:00-05:00,111.3,ESE,ENE,0.0000,0.0000,0.0,0,,,2.470,5.00
2023-07-25,2023,7,25,206,283,1415.0,98.3,82.76,93.02,2023-07-25T15:55:00-05:00,72.32,2023-07-25T06:25:00-05:00,72.62,76.17,69.65,73.89,96.00,50.00,1018.94,1020.90,1017.40,0.54,2.91,0.00,7.83,2023-07-25T13:30:00-05:00,181.4,S,SSW,0.0000,0.0000,0.0,0,,,2.490,5.00
2023-07-26,2023,7,26,207,285,1425.0,99.0,83.77,93.56,2023-07-26T13:55:00-05:00,73.58,2023-07-26T06:15:00-05:00,74.09,77.30,70.98,74.60,96.00,50.00,1017.69,1019.90,1015.50,0.57,3.13,0.00,7.61,2023-07-26T13:55:00-05:00,174.0,S,SSW,0.0000,0.0000,0.0,1,3.73,3.73,2.490,5.00
2023-07-27,2023,7,27,208,282,1410.0,97.9,84.34,93.20,2023-07-27T15:50:00-05:00,75.38,2023-07-27T06:15:00-05:00,75.54,78.78,72.98,76.09,93.00,56.00,1016.96,1018.60,1015.40,0.78,3.36,0.00,8.72,2023-07-27T16:25:00-05:00,145.2,SE,ENE,0.0000,0.0000,0.0,112,11.12,1.86,2.500,5.00
2023-07-28,2023,7,28,209,281,1405.0,97.6,84.48,93.74,2023-07-28T15:15:00-05:00,74.84,2023-07-28T06:30:00-05:00,75.97,79.29,73.17,77.00,95.00,56.00,1017.64,1019.10,1016.20,0.76,3.13,0.00,8.72,2023-07-28T15:00:00-05:00,180.5,S,SSW,0.0000,0.0000,0.0,28,12.43,3.11,2.500,5.00
2023-07-29,2023,7,29,210,287,1435.0,99.7,86.92,95.90,2023-07-29T16:05:00-05:00,77.54,2023-07-29T06:45:00-05:00,76.58,78.60,70.34,72.77,94.00,45.00,1017.80,1019.70,1016.00,0.70,2.68,0.00,8.95,2023-07-29T13:20:00-05:00,170.4,S,SSW,0.0000,0.0000,0.0,25,9.10,3.11,2.510,5.00
2023-07-30,2023,7,30,211,284,1420.0,98.6,87.26,97.16,2023-07-30T12:10:00-05:00,78.44,2023-07-30T06:55:00-05:00,76.64,81.29,71.35,71.94,88.00,53.00,1016.12,1018.00,1013.60,0.63,2.91,0.00,8.05,2023-07-30T13:30:00-05:00,122.5,ESE,ENE,0.0147,0.0147,15.0,341,17.55,3.11,2.530,5.00
2023-07-31,2023,7,31,212,287,1435.0,99.7,88.21,96.98,2023-07-31T14:55:00-05:00,78.62,2023-07-31T00:55:00-05:00,79.69,83.00,72.81,76.90,92.00,57.00,1015.01,1016.70,1012.90,0.69,2.46,0.00,7.61,2023-07-31T13:50:00-05:00,139.9,SE,ENE,0.0000,0.0000,0.0,10,9.26,4.35,2.540,5.00
2023-08-01,2023,8,1,213,288,1440.0,100.0,87.95,95.54,2023-08-01T14:05:00-05:00,78.98,2023-08-01T06:25:00-05:00,78.55,80.79,76.23,75.36,96.00,56.00,1015.96,1017.70,1014.60,0.71,2.46,0.00,8.95,2023-08-01T13:45:00-05:00,163.2,SSE,SSW,0.0000,0.0000,0.0,0,,,2.540,5.00
2023-08-02,2023,8,2,214,287,1435.0,99.7,84.21,93.20,2023-08-02T11:05:00-05:00,78.98,2023-08-02T23:55:00-05:00,79.57,82.71,77.67,86.66,98.00,64.00,1016.49,1017.90,1015.70,0.40,2.46,0.00,6.93,2023-08-02T12:45:00-05:00,92.2,E,ENE,0.2635,0.2635,85.0,144,19.77,1.24,2.510,5.00
2023-08-03,2023,8,3,215,287,1435.0,99.7,85.78,95.36,2023-08-03T15:35:00-05:00,75.74,2023-08-03T06:30:00-05:00,77.58,80.71,74.70,78.62,99.00,57.00,1015.59,1017.30,1013.80,0.83,3.13,0.00,7.83,2023-08-03T13:10:00-05:00,179.5,S,SSW,0.0000,0.0000,0.0,0,,,2.480,5.00
2023-08-04,2023,8,4,216,288,1440.0,100.0,89.88,95.90,2023-08-04T16:50:00-05:00,83.48,2023-08-04T06:25:00-05:00,79.35,82.34,75.03,72.08,85.00,53.00,1013.90,1015.50,1012.00,0.95,2.91,0.00,10.07,2023-08-04T22:50:00-05:00,173.7,S,S,0.0000,0.0000,0.0,0,,,2.510,5.00
2023-08-05,2023,8,5,217,286,1430.0,99.3,90.05,96.80,2023-08-05T16:05:00-05:00,81.32,2023-08-05T06:55:00-05:00,81.02,83.97,78.75,75.77,93.00,58.00,1014.20,1015.70,1012.40,0.90,2.91,0.00,7.61,2023-08-05T15:50:00-05:00,164.1,SSE,S,0.0000,0.0000,0.0,1,3.73,3.73,2.520,5.00
2023-08-06,2023,8,6,218,282,1410.0,97.9,90.51,96.98,2023-08-06T15:55:00-05:00,84.02,2023-08-06T07:00:00-05:00,81.09,83.34,79.44,74.78,89.00,59.00,1014.73,1017.20,1013.00,0.89,2.68,0.00,8.50,2023-08-06T14:40:00-05:00,153.6,SSE,S,0.0000,0.0000,0.0,0,,,2.540,5.00
2023-08-07,2023,8,7,219,285,1425.0,99.0,90.47,98.60,2023-08-07T15:50:00-05:00,82.58,2023-08-07T06:30:00-05:00,80.81,82.75,78.47,74.44,94.00,55.00,1015.40,1017.60,1013.30,0.87,2.46,0.00,8.05,2023-08-07T14:35:00-05:00,141.1,SE,S,0.0000,0.0000,0.0,0,,,2.550,5.00
2023-08-08,2023,8,8,220,247,1235.0,85.8,87.25,95.36,2023-08-08T12:50:00-05:00,77.72,2023-08-08T15:25:00-05:00,80.57,83.57,76.49,81.22,98.00,66.00,1015.40,1017.50,1012.90,0.66,3.13,0.00,8.05,2023-08-08T13:20:00-05:00,99.5,E,NE,0.2218,0.2218,35.0,262,9.22,4.35,2.570,5.00
2023-08-09,2023,8,9,221,281,1405.0,97.6,89.57,96.26,2023-08-09T16:20:00-05:00,84.38,2023-08-09T07:00:00-05:00,80.94,83.25,78.78,76.43,89.00,60.00,1013.12,1014.90,1011.00,1.12,2.68,0.00,8.72,2023-08-09T17:45:00-05:00,176.9,S,SSW,0.0000,0.0000,0.0,0,,,2.560,5.00
2023-08-10,2023,8,10,222,285,1425.0,99.0,90.39,97.16,2023-08-10T15:50:00-05:00,85.10,2023-08-10T06:45:00-05:00,80.22,82.31,78.41,72.80,83.00,58.00,1011.73,1013.50,1009.70,1.46,2.91,0.00,9.84,2023-08-10T03:50:00-05:00,174.1,S,SSW,0.0000,0.0000,0.0,0,,,2.580,5.00
2023-08-11,2023,8,11,223,282,1410.0,97.9,90.69,98.60,2023-08-11T16:20:00-05:00,84.74,2023-08-11T05:55:00-05:00,81.14,83.85,79.61,74.58,87.00,56.00,1012.65,1014.70,1010.90,1.06,2.46,0.00,8.50,2023-08-11T13:05:00-05:00,154.5,SSE,SSW,0.0000,0.0000,0.0,0,,,2.590,5.00
2023-08-12,2023,8,12,224,180,900.0,62.5,88.20,98.42,2023-08-12T15:00:00-05:00,81.68,2023-08-12T07:00:00-05:00,81.01,82.09,79.14,80.51,96.00,55.00,1014.74,1016.30,1013.30,0.69,2.46,0.00,8.05,2023-08-12T14:45:00-05:00,144.9,SE,SSW,0.0000,0.0000,0.0,0,,,2.600,5.00
2023-08-13,2023,8,13,225,283,1415.0,98.3,89.90,97.70,2023-08-13T13:40:00-05:00,81.50,2023-08-13T06:30:00-05:00,80.83,82.57,78.02,75.82,94.00,56.00,1014.70,1016.60,1013.10,0.76,2.46,0.00,7.83,2023-08-13T14:55:00-05:00,149.7,SSE,SSE,0.0000,0.0000,0.0,0,,,2.600,5.00
2023-08-14,2023,8,14,226,286,1430.0,99.3,89.85,96.98,2023-08-14T16:20:00-05:00,80.96,2023-08-14T06:55:00-05:00,80.32,83.40,77.89,74.48,92.00,55.00,1014.92,1017.20,1013.10,0.96,2.91,0.00,8.95,2023-08-14T21:10:00-05:00,172.5,S,S,0.0000,0.0000,0.0,0,,,2.600,5.00
2023-08-15,2023,8,15,227,287,1435.0,99.7,84.45,96.26,2023-08-15T15:15:00-05:00,74.30,2023-08-15T17:00:00-05:00,79.99,84.55,73.57,87.50,100.00,64.00,1013.92,1015.60,1010.80,0.84,4.03,0.00,13.87,2023-08-15T16:55:00-05:00,146.2,SE,NE,0.9385,0.9385,110.0,6065,5.51,1.24,2.590,5.00
2023-08-16,2023,8,16,228,287,1435.0,99.7,80.77,91.22,2023-08-16T13:40:00-05:00,72.86,2023-08-16T06:50:00-05:00,70.98,75.38,67.22,73.29,100.00,52.00,1013.29,1015.50,1010.80,0.84,2.68,0.00,10.29,2023-08-16T09:10:00-05:00,115.2,ESE,ENE,0.0000,0.0000,0.0,0,,,2.590,5.00
2023-08-17,2023,8,17,229,287,1435.0,99.7,83.97,95.54,2023-08-17T11:55:00-05:00,69.44,2023-08-17T06:40:00-05:00,71.87,79.81,66.70,69.33,94.00,45.00,1012.16,1014.00,1010.30,0.71,2.68,0.00,7.61,2023-08-17T13:15:00-05:00,194.8,SSW,SSW,0.0000,0.0000,0.0,0,,,2.610,5.00
2023-08-18,2023,8,18,230,282,1410.0,97.9,87.84,96.44,2023-08-18T11:40:00-05:00,76.64,2023-08-18T06:55:00-05:00,77.05,80.19,73.71,72.07,94.00,50.00,1013.06,1015.30,1010.80,0.71,3.13,0.00,8.28,2023-08-18T17:15:00-05:00,187.0,S,SSW,0.0000,0.0000,0.0,0,,,2.600,5.00
2023-08-19,2023,8,19,231,264,1320.0,91.7,89.63,98.24,2023-08-19T15:45:00-05:00,80.06,2023-08-19T06:55:00-05:00,78.85,83.63,74.37,72.29,93.00,47.00,1013.12,1015.30,1010.80,0.73,2.01,0.00,7.83,2023-08-19T13:00:00-05:00,178.1,S,SSW,0.0000,0.0000,0.0,0,,,2.600,5.00
2023-08-20,2023,8,20,232,287,1435.0,99.7,88.56,95.36,2023-08-20T14:20:00-05:00,81.68,2023-08-20T23:55:00-05:00,79.56,83.67,75.50,75.89,95.00,56.00,1014.69,1016.00,1013.40,0.73,2.91,0.00,8.28,2023-08-20T17:05:00-05:00,182.3,S,SSW,0.0000,0.0000,0.0,0,,,2.630,5.00
2023-08-21,2023,8,21,233,282,1410.0,97.9,86.52,98.24,2023-08-21T14:40:00-05:00,78.26,2023-08-21T05:20:00-05:00,77.50,80.04,75.32,76.21,94.00,50.00,1015.86,1016.90,1014.80,0.89,2.91,0.00,8.95,2023-08-21T17:15:00-05:00,99.6,E,ENE,0.0000,0.0000,0.0,0,,,2.600,5.00
2023-08-22,2023,8,22,234,285,1425.0,99.0,86.04,95.54,2023-08-22T14:50:00-05:00,75.74,2023-08-22T06:30:00-05:00,77.63,80.38,74.69,77.72,97.00,53.00,1015.30,1017.00,1013.50,0.84,3.13,0.00,8.72,2023-08-22T14:05:00-05:00,179.0,S,S,0.0000,0.0000,0.0,0,,,2.600,5.00
2023-08-23,2023,8,23,235,284,1420.0,98.6,89.38,102.20,2023-08-23T13:25:00-05:00,78.80,2023-08-23T06:50:00-05:00,79.42,82.65,76.93,74.65,95.00,48.00,1013.67,1015.70,1011.20,0.65,2.46,0.00,7.38,2023-08-23T16:25:00-05:00,102.2,ESE,ENE,0.0000,0.0000,0.0,0,,,2.600,5.00
2023-08-24,2023,8,24,236,282,1410.0,97.9,89.21,98.60,2023-08-24T11:35:00-05:00,80.78,2023-08-24T06:45:00-05:00,80.08,83.26,74.87,75.97,93.00,51.00,1013.59,1015.00,1012.20,0.89,3.58,0.00,9.17,2023-08-24T18:25:00-05:00,166.6,SSE,SSW,0.0000,0.0000,0.0,0,,,2.600,5.00
2023-08-25,2023,8,25,237,287,1435.0,99.7,87.37,94.82,2023-08-25T14:10:00-05:00,78.98,2023-08-25T06:40:00-05:00,79.17,81.50,76.41,77.89,98.00,60.00,1013.87,1015.60,1011.90,0.75,2.68,0.00,7.61,2023-08-25T11:45:00-05:00,183.2,S,SSW,0.0000,0.0000,0.0,0,,,2.600,5.00
2023-08-26,2023,8,26,238,283,1415.0,98.3,89.42,101.30,2023-08-26T12:35:00-05:00,80.42,2023-08-26T06:15:00-05:00,78.20,83.31,72.60,71.71,93.00,45.00,1011.02,1013.70,1007.50,0.60,2.46,0.00,6.93,2023-08-26T14:55:00-05:00,93.9,E,NE,0.0000,0.0000,0.0,263,11.58,3.73,2.600,5.00
2023-08-27,2023,8,27,239,287,1435.0,99.7,87.37,104.72,2023-08-27T12:50:00-05:00,79.16,2023-08-27T17:10:00-05:00,76.23,82.29,73.31,71.06,90.00,42.00,1007.51,1009.40,1005.40,0.66,3.13,0.00,7.16,2023-08-27T15:10:00-05:00,88.5,E,NE,0.0718,0.0718,40.0,976,6.41,1.86,2.600,5.00
2023-08-28,2023,8,28,240,282,1410.0,97.9,82.36,94.10,2023-08-28T13:45:00-05:00,74.84,2023-08-28T19:40:00-05:00,76.19,81.61,73.01,82.78,99.00,60.00,1008.10,1010.50,1006.10,1.43,7.16,0.00,23.49,2023-08-28T19:25:00-05:00,36.3,NE,ENE,1.4174,1.4174,160.0,2625,13.05,3.11,2.600,5.00
2023-08-29,2023,8,29,241,287,1435.0,99.7,79.68,93.38,2023-08-29T15:15:00-05:00,74.30,2023-08-29T07:05:00-05:00,76.26,81.19,74.00,90.44,100.00,62.00,1007.81,1009.80,1005.50,1.15,3.13,0.00,7.83,2023-08-29T13:20:00-05:00,61.5,ENE,ENE,0.9226,0.9226,235.0,804,15.23,0.62,2.580,5.00
2023-08-30,2023,8,30,242,287,1435.0,99.7,81.92,95.18,2023-08-30T15:30:00-05:00,73.58,2023-08-30T06:45:00-05:00,74.21,77.53,68.35,80.14,99.00,47.00,1006.22,1008.20,1004.50,0.69,2.68,0.00,6.04,2023-08-30T13:25:00-05:00,66.1,ENE,ENE,0.0000,0.0000,0.0,0,,,2.590,5.00
2023-08-31,2023,8,31,243,280,1400.0,97.2,81.59,94.10,2023-08-31T13:40:00-05:00,71.24,2023-08-31T07:00:00-05:00,68.77,73.73,63.19,67.04,86.00,41.00,1009.54,1012.10,1008.10,0.62,2.46,0.00,5.59,2023-08-31T17:10:00-05:00,64.4,ENE,ENE,0.0000,0.0000,0.0,0,,,2.600,5.00
2023-09-01,2023,9,1,244,287,1435.0,99.7,81.85,91.58,2023-09-01T13:25:00-05:00,74.84,2023-09-01T05:30:00-05:00,74.63,79.81,69.32,79.45,91.00,60.00,1013.87,1016.00,1012.10,0.59,3.58,0.00,6.93,2023-09-01T16:25:00-05:00,140.8,SE,ENE,0.0000,0.0000,0.0,0,,,2.600,5.00
2023-09-02,2023,9,2,245,281,1405.0,97.6,79.32,85.10,2023-09-02T15:30:00-05:00,76.10,2023-09-02T06:20:00-05:00,77.43,81.24,75.49,94.12,100.00,79.00,1016.03,1017.80,1014.90,0.38,2.46,0.00,7.38,2023-09-02T15:00:00-05:00,76.4,ENE,ENE,0.6183,0.6183,130.0,186,14.39,1.86,2.580,5.00
2023-09-03,2023,9,3,246,282,1410.0,97.9,81.47,90.14,2023-09-03T11:35:00-05:00,75.38,2023-09-03T06:00:00-05:00,77.86,82.74,75.08,89.46,99.00,69.00,1015.01,1016.80,1012.90,0.72,2.91,0.00,7.38,2023-09-03T17:10:00-05:00,145.7,SE,E,0.5147,0.5147,50.0,36,15.19,2.49,2.550,5.00
2023-09-04,2023,9,4,247,282,1410.0,97.9,78.54,82.40,2023-09-04T10:40:00-05:00,76.10,2023-09-04T06:35:00-05:00,77.14,79.21,74.64,95.55,99.00,88.00,1013.70,1015.80,1012.00,0.38,3.36,0.00,7.83,2023-09-04T11:15:00-05:00,74.1,ENE,ENE,0.0469,0.0469,25.0,328,14.14,1.86,2.540,5.00
2023-09-05,2023,9,5,248,280,1400.0,97.2,81.65,90.32,2023-09-05T12:10:00-05:00,75.38,2023-09-05T02:05:00-05:00,75.15,79.25,70.68,82.20,99.00,58.00,1014.29,1016.00,1013.10,0.82,3.13,0.00,8.28,2023-09-05T17:20:00-05:00,191.5,SSW,SSW,0.0000,0.0000,0.0,0,,,2.500,5.00
2023-09-06,2023,9,6,249,287,1435.0,99.7,82.28,92.30,2023-09-06T12:45:00-05:00,72.68,2023-09-06T05:50:00-05:00,76.11,80.16,71.47,82.52,97.00,64.00,1013.96,1015.90,1011.80,0.61,3.13,0.00,7.83,2023-09-06T14:35:00-05:00,190.0,S,SSW,0.0000,0.0000,0.0,0,,,2.520,5.00
2023-09-07,2023,9,7,250,283,1415.0,98.3,81.72,93.92,2023-09-07T11:30:00-05:00,75.02,2023-09-07T23:05:00-05:00,77.31,82.30,72.57,87.51,98.00,65.00,1012.34,1013.60,1009.70,0.48,2.91,0.00,8.05,2023-09-07T14:10:00-05:00,181.4,S,SW,0.0523,0.0523,85.0,3485,10.87,1.24,2.540,5.00
2023-09-08,2023,9,8,251,271,1355.0,94.1,80.17,91.94,2023-09-08T13:20:00-05:00,71.78,2023-09-08T06:10:00-05:00,75.26,79.69,71.18,86.08,99.00,64.00,1012.18,1014.10,1009.00,0.34,2.46,0.00,5.37,2023-09-08T13:55:00-05:00,62.2,ENE,ENE,0.0000,0.0000,0.0,0,,,2.550,5.00
2023-09-09,2023,9,9,252,287,1435.0,99.7,80.47,91.94,2023-09-09T14:25:00-05:00,70.88,2023-09-09T07:10:00-05:00,71.40,75.72,67.37,76.66,98.00,46.00,1012.52,1014.20,1011.20,0.67,2.46,0.00,7.38,2023-09-09T09:20:00-05:00,67.6,ENE,ENE,0.0000,0.0000,0.0,0,,,2.560,5.00
2023-09-10,2023,9,10,253,286,1430.0,99.3,80.42,91.40,2023-09-10T13:10:00-05:00,70.70,2023-09-10T06:55:00-05:00,70.29,73.43,66.31,72.51,87.00,51.00,1014.07,1015.80,1012.60,0.61,3.13,0.00,7.38,2023-09-10T15:25:00-05:00,162.5,SSE,ENE,0.0000,0.0000,0.0,0,,,2.600,5.00
2023-09-11,2023,9,11,254,287,1435.0,99.7,80.65,91.22,2023-09-11T11:40:00-05:00,69.08,2023-09-11T07:00:00-05:00,69.64,76.57,63.43,70.69,91.00,46.00,1014.39,1016.10,1012.80,0.67,3.13,0.00,7.83,2023-09-11T18:35:00-05:00,197.5,SSW,SW,0.0000,0.0000,0.0,0,,,2.600,5.00
2023-09-12,2023,9,12,255,254,1270.0,88.2,81.98,91.94,2023-09-12T12:55:00-05:00,73.40,2023-09-12T06:35:00-05:00,75.14,77.91,72.80,81.14,98.00,61.00,1013.67,1015.70,1011.40,0.68,3.13,0.00,8.95,2023-09-12T15:50:00-05:00,188.4,S,SW,0.0000,0.0000,0.0,2,6.84,4.97,2.600,5.00
2023-09-13,2023,9,13,256,287,1435.0,99.7,82.96,93.02,2023-09-13T13:55:00-05:00,73.76,2023-09-13T07:10:00-05:00,74.34,78.15,70.69,76.58,96.00,53.00,1012.61,1014.30,1010.60,0.59,2.46,0.00,7.16,2023-09-13T12:30:00-05:00,182.5,S,SW,0.0000,0.0000,0.0,258,13.06,1.86,2.600,5.00
2023-09-14,2023,9,14,257,283,1415.0,98.3,81.13,90.68,2023-09-14T14:35:00-05:00,74.48,2023-09-14T07:10:00-05:00,74.26,77.75,70.71,80.34,91.00,59.00,1012.52,1013.90,1011.20,0.51,2.01,0.00,6.04,2023-09-14T08:15:00-05:00,67.5,ENE,ENE,0.0000,0.0000,0.0,31,5.75,3.11,2.590,5.00
2023-09-15,2023,9,15,258,286,1430.0,99.3,81.60,90.50,2023-09-15T13:15:00-05:00,74.48,2023-09-15T06:50:00-05:00,75.06,78.13,72.50,81.51,95.00,60.00,1013.32,1015.00,1011.60,0.75,2.91,0.00,7.38,2023-09-15T14:35:00-05:00,137.9,SE,ENE,0.0000,0.0000,0.0,0,,,2.560,5.00
2023-09-16,2023,9,16,259,287,1435.0,99.7,84.09,92.84,2023-09-16T13:50:00-05:00,75.02,2023-09-16T06:40:00-05:00,74.59,79.18,64.95,74.94,97.00,56.00,1012.88,1014.50,1011.10,0.48,2.46,0.00,8.05,2023-09-16T14:10:00-05:00,189.8,S,SSW,0.0000,0.0000,0.0,0,,,2.570,5.00
2023-09-17,2023,9,17,260,280,1400.0,97.2,81.83,94.10,2023-09-17T16:05:00-05:00,73.22,2023-09-17T07:30:00-05:00,64.26,69.68,61.00,57.07,72.00,36.00,1012.85,1014.30,1011.10,0.68,2.91,0.00,7.16,2023-09-17T09:25:00-05:00,64.1,ENE,ENE,0.0000,0.0000,0.0,0,,,2.590,5.00
2023-09-18,2023,9,18,261,287,1435.0,99.7,77.60,92.48,2023-09-18T13:20:00-05:00,64.94,2023-09-18T07:00:00-05:00,61.78,65.97,56.79,61.23,88.00,32.00,1014.34,1016.20,1012.70,0.59,3.13,0.00,8.72,2023-09-18T15:00:00-05:00,191.7,SSW,SW,0.0000,0.0000,0.0,0,,,2.600,5.00
2023-09-19,2023,9,19,262,280,1400.0,97.2,77.73,88.88,2023-09-19T11:45:00-05:00,64.94,2023-09-19T07:10:00-05:00,63.45,68.77,57.23,63.99,87.00,35.00,1014.17,1015.70,1012.40,0.78,3.13,0.00,10.07,2023-09-19T12:45:00-05:00,182.6,S,SSW,0.0000,0.0000,0.0,0,,,2.600,5.00
2023-09-20,2023,9,20,263,283,1415.0,98.3,77.94,88.88,2023-09-20T11:50:00-05:00,64.94,2023-09-20T07:20:00-05:00,68.65,75.50,62.87,74.79,94.00,52.00,1013.89,1015.40,1012.50,0.64,3.36,0.00,10.74,2023-09-20T15:15:00-05:00,174.5,S,SW,0.0000,0.0000,0.0,0,,,2.600,5.00
2023-09-21,2023,9,21,264,287,1435.0,99.7,79.65,90.50,2023-09-21T11:45:00-05:00,71.24,2023-09-21T05:35:00-05:00,73.17,78.19,67.86,81.46,95.00,61.00,1015.05,1016.60,1013.80,0.85,3.13,0.00,8.95,2023-09-21T14:20:00-05:00,178.3,S,ENE,0.0000,0.0000,0.0,0,,,2.600,5.00
2023-09-22,2023,9,22,265,279,1395.0,96.9,80.09,89.78,2023-09-22T12:15:00-05:00,72.86,2023-09-22T07:15:00-05:00,73.06,76.05,70.91,80.41,97.00,57.00,1014.56,1016.30,1012.50,0.73,3.58,0.00,7.83,2023-09-22T15:00:00-05:00,187.5,S,SW,0.0000,0.0000,0.0,0,,,2.600,5.00
2023-09-23,2023,9,23,266,252,1260.0,87.5,80.65,88.88,2023-09-23T13:15:00-05:00,74.12,2023-09-23T06:40:00-05:00,73.36,76.73,70.09,79.60,95.00,54.00,1012.96,1014.70,1010.80,0.50,2.68,0.00,7.16,2023-09-23T12:30:00-05:00,205.3,SSW,SW,0.0038,0.0038,15.0,0,,,2.600,5.00
2023-09-24,2023,9,24,267,277,1385.0,96.2,80.81,89.96,2023-09-24T13:35:00-05:00,76.10,2023-09-24T06:55:00-05:00,75.73,79.01,73.68,85.21,97.00,64.00,1012.67,1013.90,1011.40,0.51,3.13,0.00,7.83,2023-09-24T14:20:00-05:00,199.1,SSW,SSW,0.0021,0.0021,25.0,723,15.23,3.11,0.000,5.00
2023-09-25,2023,9,25,268,287,1435.0,99.7,81.02,89.96,2023-09-25T12:15:00-05:00,75.56,2023-09-25T23:50:00-05:00,74.60,77.18,72.28,81.82,100.00,62.00,1014.48,1015.80,1013.50,0.46,2.01,0.00,5.59,2023-09-25T11:15:00-05:00,123.4,ESE,ENE,0.1889,0.1889,55.0,331,14.45,1.86,2.600,5.00
2023-09-26,2023,9,26,269,283,1415.0,98.3,79.25,90.68,2023-09-26T12:55:00-05:00,72.68,2023-09-26T06:30:00-05:00,74.61,78.49,72.38,87.01,100.00,58.00,1014.63,1016.30,1012.90,0.51,2.46,0.00,7.83,2023-09-26T14:10:00-05:00,105.1,ESE,ENE,0.0100,0.0100,15.0,0,,,2.590,5.00
2023-09-27,2023,9,27,270,280,1400.0,97.2,80.46,91.40,2023-09-27T13:00:00-05:00,71.42,2023-09-27T07:05:00-05:00,73.36,77.15,70.38,81.19,99.00,53.00,1013.75,1015.10,1011.80,0.84,2.91,0.00,8.50,2023-09-27T15:10:00-05:00,67.8,ENE,ENE,0.0000,0.0000,0.0,0,,,2.600,5.00
2023-09-28,2023,9,28,271,286,1430.0,99.3,78.27,88.88,2023-09-28T14:15:00-05:00,70.16,2023-09-28T07:00:00-05:00,71.96,75.71,68.83,82.02,97.00,61.00,1013.97,1015.20,1012.30,0.97,2.46,0.00,8.05,2023-09-28T08:40:00-05:00,74.4,ENE,ENE,0.0000,0.0000,0.0,0,,,2.600,5.00
2023-09-29,2023,9,29,272,280,1400.0,97.2,77.31,89.60,2023-09-29T12:30:00-05:00,67.82,2023-09-29T07:00:00-05:00,69.26,72.79,66.30,78.15,97.00,53.00,1014.76,1016.10,1013.70,0.88,2.68,0.00,6.93,2023-09-29T11:45:00-05:00,72.9,ENE,ENE,0.0000,0.0000,0.0,0,,,2.600,5.00
2023-09-30,2023,9,30,273,287,1435.0,99.7,78.74,92.84,2023-09-30T13:15:00-05:00,67.10,2023-09-30T05:25:00-05:00,67.89,73.16,63.48,72.65,96.00,41.00,1015.92,1017.50,1014.50,0.81,2.91,0.00,9.62,2023-09-30T12:10:00-05:00,74.4,ENE,ENE,0.0000,0.0000,0.0,0,,,2.600,5.00
2023-10-01,2023,10,1,274,286,1430.0,99.3,78.58,91.58,2023-10-01T13:15:00-05:00,69.62,2023-10-01T04:50:00-05:00,67.40,71.14,61.32,72.03,97.00,37.00,1016.76,1018.40,1015.20,0.77,3.36,0.00,8.50,2023-10-01T14:10:00-05:00,82.4,E,ENE,0.0000,0.0000,0.0,0,,,2.600,5.00
2023-10-02,2023,10,2,275,281,1405.0,97.6,76.32,89.60,2023-10-02T13:30:00-05:00,66.56,2023-10-02T06:50:00-05:00,66.04,71.95,61.24,72.16,92.00,45.00,1016.77,1018.30,1014.80,0.86,3.58,0.00,10.96,2023-10-02T12:25:00-05:00,106.0,ESE,ENE,0.0000,0.0000,0.0,0,,,2.600,5.00
2023-10-03,2023,10,3,276,281,1405.0,97.6,76.55,88.52,2023-10-03T13:05:00-05:00,66.74,2023-10-03T03:05:00-05:00,69.64,74.11,64.56,80.50,96.00,60.00,1015.85,1017.50,1014.50,0.91,3.36,0.00,8.95,2023-10-03T14:45:00-05:00,153.8,SSE,ENE,0.0000,0.0000,0.0,0,,,2.600,5.00
2023-10-04,2023,10,4,277,280,1400.0,97.2,76.43,87.80,2023-10-04T12:00:00-05:00,66.20,2023-10-04T05:20:00-05:00,69.92,73.27,65.91,82.13,100.00,55.00,1015.29,1017.40,1014.00,0.93,4.25,0.00,10.74,2023-10-04T11:45:00-05:00,192.6,SSW,SSW,0.0000,0.0000,0.0,0,,,2.600,5.00
2023-10-05,2023,10,5,278,287,1435.0,99.7,77.51,87.62,2023-10-05T13:35:00-05:00,68.90,2023-10-05T06:55:00-05:00,72.24,76.72,68.31,85.11,100.00,63.00,1013.69,1015.90,1011.00,0.67,3.36,0.00,8.50,2023-10-05T18:40:00-05:00,190.4,S,SSW,0.3379,0.3379,140.0,0,,,2.600,5.00
2023-10-06,2023,10,6,279,285,1425.0,99.0,75.38,84.38,2023-10-06T15:50:00-05:00,71.06,2023-10-06T02:40:00-05:00,71.46,74.20,67.50,88.42,100.00,67.00,1013.95,1016.50,1012.20,0.63,2.24,0.00,6.04,2023-10-06T13:00:00-05:00,66.8,ENE,ENE,0.0000,0.0000,0.0,0,,,2.580,5.00
2023-10-07,2023,10,7,280,285,1425.0,99.0,69.52,78.08,2023-10-07T14:20:00-05:00,62.06,2023-10-07T23:55:00-05:00,53.86,67.30,40.64,59.84,91.00,37.00,1017.70,1020.30,1016.00,1.06,2.68,0.00,6.26,2023-10-07T17:10:00-05:00,64.6,ENE,ENE,0.0000,0.0000,0.0,0,,,2.550,5.00
2023-10-08,2023,10,8,281,282,1410.0,97.9,63.19,75.20,2023-10-08T13:10:00-05:00,51.62,2023-10-08T07:50:00-05:00,47.23,54.21,41.24,58.46,88.00,31.00,1017.57,1020.90,1014.60,0.80,2.91,0.00,7.61,2023-10-08T12:40:00-05:00,92.6,E,ENE,0.0000,0.0000,0.0,0,,,2.570,5.00
2023-10-09,2023,10,9,282,279,1395.0,96.9,65.00,79.34,2023-10-09T17:10:00-05:00,49.64,2023-10-09T07:15:00-05:00,51.12,59.80,45.39,66.13,100.00,32.00,1013.93,1016.30,1011.50,0.68,2.91,0.00,7.38,2023-10-09T14:00:00-05:00,192.2,SSW,SSW,0.0000,0.0000,0.0,0,,,2.600,5.00
2023-10-10,2023,10,10,283,287,1435.0,99.7,68.09,78.98,2023-10-10T11:25:00-05:00,56.30,2023-10-10T07:20:00-05:00,58.24,64.26,53.91,73.03,96.00,44.00,1012.52,1015.30,1010.70,0.36,2.24,0.00,5.59,2023-10-10T13:40:00-05:00,197.1,SSW,SSW,0.0000,0.0000,0.0,0,,,2.600,5.00
2023-10-11,2023,10,11,284,284,1420.0,98.6,63.48,67.82,2023-10-11T06:50:00-05:00,57.74,2023-10-11T17:05:00-05:00,60.35,64.34,57.46,89.99,100.00,73.00,1007.05,1010.60,1001.40,1.82,4.92,0.00,14.99,2023-10-11T20:30:00-05:00,63.7,ENE,ENE,0.7710,0.7710,465.0,0,,,2.520,5.00
2023-10-12,2023,10,12,285,286,1430.0,99.3,65.31,70.70,2023-10-12T16:10:00-05:00,59.36,2023-10-12T01:15:00-05:00,62.68,65.62,59.08,91.51,100.00,81.00,1006.32,1009.50,1002.80,0.94,2.46,0.00,8.72,2023-10-12T12:40:00-05:00,65.0,ENE,ENE,0.0000,0.0000,0.0,0,,,2.450,5.00
2023-10-13,2023,10,13,286,279,1395.0,96.9,71.95,81.32,2023-10-13T12:30:00-05:00,66.56,2023-10-13T06:50:00-05:00,66.37,69.68,63.22,83.31,99.00,62.00,1010.17,1012.70,1008.60,0.53,2.91,0.00,7.16,2023-10-13T14:20:00-05:00,201.7,SSW,SSW,0.0000,0.0000,0.0,0,,,2.430,5.00
2023-10-14,2023,10,14,287,287,1435.0,99.7,71.16,80.96,2023-10-14T17:05:00-05:00,62.24,2023-10-14T23:50:00-05:00,59.35,68.97,49.98,70.07,100.00,38.00,1012.63,1015.00,1010.60,0.52,1.79,0.00,5.37,2023-10-14T15:40:00-05:00,75.9,ENE,ENE,0.0000,0.0000,0.0,0,,,2.500,5.00
2023-10-15,2023,10,15,288,284,1420.0,98.6,61.36,68.00,2023-10-15T13:30:00-05:00,53.96,2023-10-15T07:10:00-05:00,51.87,54.07,50.51,71.74,90.00,57.00,1015.23,1018.10,1013.70,0.87,2.46,0.00,6.49,2023-10-15T09:40:00-05:00,68.6,ENE,ENE,0.0000,0.0000,0.0,0,,,2.520,5.00
2023-10-16,2023,10,16,289,285,1425.0,99.0,59.97,70.16,2023-10-16T17:05:00-05:00,50.36,2023-10-16T07:05:00-05:00,47.68,51.80,45.00,65.87,86.00,42.00,1018.37,1020.70,1015.80,0.84,3.13,0.00,8.50,2023-10-16T13:10:00-05:00,71.2,ENE,ENE,0.0000,0.0000,0.0,0,,,2.510,5.00
2023-10-17,2023,10,17,290,283,1415.0,98.3,59.51,73.94,2023-10-17T12:35:00-05:00,47.12,2023-10-17T07:20:00-05:00,49.67,57.36,44.52,72.26,94.00,41.00,1019.16,1021.40,1017.10,0.69,3.13,0.00,8.28,2023-10-17T14:45:00-05:00,167.5,SSE,SSW,0.0000,0.0000,0.0,0,,,2.600,5.00
2023-10-18,2023,10,18,291,281,1405.0,97.6,62.81,74.66,2023-10-18T11:10:00-05:00,49.64,2023-10-18T07:10:00-05:00,53.99,59.71,49.10,75.79,99.00,46.00,1018.55,1020.50,1016.80,0.79,3.13,0.00,8.05,2023-10-18T12:55:00-05:00,180.2,S,SSW,0.0000,0.0000,0.0,0,,,2.610,5.00
2023-10-19,2023,10,19,292,279,1395.0,96.9,67.90,79.88,2023-10-19T13:50:00-05:00,54.14,2023-10-19T06:40:00-05:00,60.75,67.22,53.86,80.19,99.00,53.00,1015.84,1018.00,1013.10,1.00,2.91,0.00,7.83,2023-10-19T15:40:00-05:00,193.9,SSW,SSW,0.0000,0.0000,0.0,0,,,2.600,5.00
2023-10-20,2023,10,20,293,279,1395.0,96.9,74.47,85.82,2023-10-20T11:40:00-05:00,65.48,2023-10-20T06:50:00-05:00,67.48,71.20,65.36,80.92,100.00,54.00,1011.15,1013.30,1007.70,0.69,3.13,0.00,7.38,2023-10-20T13:55:00-05:00,214.7,SW,SW,0.0000,0.0000,0.0,0,,,2.600,5.00
2023-10-21,2023,10,21,294,285,1425.0,99.0,71.27,82.04,2023-10-21T15:35:00-05:00,59.90,2023-10-21T07:20:00-05:00,58.78,66.91,46.47,68.08,97.00,30.00,1012.68,1014.40,1010.50,0.79,3.80,0.00,8.95,2023-10-21T13:45:00-05:00,207.3,SSW,SW,0.0000,0.0000,0.0,0,,,2.610,5.00
2023-10-22,2023,10,22,295,287,1435.0,99.7,70.87,82.94,2023-10-22T14:30:00-05:00,60.80,2023-10-22T07:15:00-05:00,64.74,71.56,60.52,82.70,99.00,48.00,1014.68,1016.30,1013.40,0.50,3.13,0.00,5.59,2023-10-22T14:40:00-05:00,212.7,SSW,SW,0.0000,0.0000,0.0,0,,,2.600,5.00
2023-10-23,2023,10,23,296,281,1405.0,97.6,70.61,84.74,2023-10-23T11:45:00-05:00,60.62,2023-10-23T04:20:00-05:00,65.06,71.72,60.05,84.62,100.00,50.00,1016.75,1018.30,1015.30,0.93,3.80,0.00,8.72,2023-10-23T13:10:00-05:00,182.1,S,NE,0.0000,0.0000,0.0,0,,,2.580,5.00
2023-10-24,2023,10,24,297,287,1435.0,99.7,73.20,84.56,2023-10-24T14:05:00-05:00,63.68,2023-10-24T04:50:00-05:00,68.32,72.07,63.39,86.19,100.00,60.00,1018.72,1020.40,1017.50,0.99,3.80,0.00,10.07,2023-10-24T13:35:00-05:00,157.5,SSE,ESE,0.0000,0.0000,0.0,0,,,2.600,5.00
2023-10-25,2023,10,25,298,281,1405.0,97.6,73.59,84.38,2023-10-25T12:15:00-05:00,64.04,2023-10-25T06:30:00-05:00,68.95,72.64,63.75,86.64,100.00,64.00,1019.44,1020.70,1018.10,1.07,3.58,0.00,9.17,2023-10-25T10:20:00-05:00,166.3,SSE,E,0.0000,0.0000,0.0,0,,,2.600,5.00
2023-10-26,2023,10,26,299,281,1405.0,97.6,74.75,86.18,2023-10-26T13:15:00-05:00,66.02,2023-10-26T05:40:00-05:00,70.04,73.94,65.73,86.52,100.00,64.00,1018.51,1020.00,1016.90,1.12,3.80,0.00,10.96,2023-10-26T15:25:00-05:00,166.5,SSE,E,0.0000,0.0000,0.0,0,,,2.590,5.00
2023-10-27,2023,10,27,300,287,1435.0,99.7,74.83,84.02,2023-10-27T12:00:00-05:00,68.00,2023-10-27T07:15:00-05:00,69.64,73.07,68.00,85.24,100.00,64.00,1019.27,1021.20,1018.00,0.70,3.13,0.00,7.83,2023-10-27T13:45:00-05:00,190.0,S,SW,0.0000,0.0000,0.0,0,,,2.600,5.00
2023-10-28,2023,10,28,301,279,1395.0,96.9,73.62,82.76,2023-10-28T11:15:00-05:00,66.02,2023-10-28T07:10:00-05:00,68.47,72.02,65.73,85.30,100.00,63.00,1018.49,1020.70,1016.40,0.81,3.58,0.00,9.17,2023-10-28T14:10:00-05:00,192.3,SSW,SSW,0.0000,0.0000,0.0,0,,,2.600,5.00
2023-10-29,2023,10,29,302,287,1435.0,99.7,74.42,84.56,2023-10-29T11:45:00-05:00,66.02,2023-10-29T06:05:00-05:00,68.15,72.46,60.57,83.15,100.00,45.00,1015.83,1017.50,1013.50,0.86,3.36,0.00,8.50,2023-10-29T11:30:00-05:00,195.3,SSW,SSW,0.0000,0.0000,0.0,0,,,2.600,5.00
2023-10-30,2023,10,30,303,281,1405.0,97.6,65.63,76.28,2023-10-30T12:25:00-05:00,53.06,2023-10-30T23:55:00-05:00,60.94,71.24,47.71,85.71,100.00,64.00,1015.86,1018.40,1014.30,1.27,3.36,0.00,8.05,2023-10-30T20:35:00-05:00,62.7,ENE,ENE,0.0000,0.0000,0.0,0,,,2.590,5.00
2023-10-31,2023,10,31,304,249,1245.0,86.5,52.67,58.64,2023-10-31T13:05:00-05:00,47.66,2023-10-31T23:55:00-05:00,41.48,47.71,32.20,67.93,91.00,41.00,1019.73,1024.40,1017.70,1.87,3.13,0.00,8.50,2023-10-31T17:05:00-05:00,57.4,ENE,ENE,0.0000,0.0000,0.0,0,,,2.540,5.00
2023-11-01,2023,11,1,305,281,1405.0,97.6,48.63,58.82,2023-11-01T15:55:00-05:00,39.74,2023-11-01T23:55:00-05:00,29.61,34.74,24.27,50.36,76.00,27.00,1025.90,1028.20,1024.30,1.77,3.58,0.00,9.40,2023-11-01T12:40:00-05:00,57.5,ENE,NE,0.0000,0.0000,0.0,0,,,2.500,5.00
2023-11-02,2023,11,2,306,279,1395.0,96.9,50.96,68.18,2023-11-02T12:35:00-05:00,36.86,2023-11-02T04:30:00-05:00,40.69,54.62,27.63,69.30,93.00,45.00,1027.02,1028.80,1025.30,1.26,3.36,0.00,7.83,2023-11-02T09:30:00-05:00,95.7,E,NE,0.0000,0.0000,0.0,0,,,2.580,5.00
2023-11-03,2023,11,3,307,287,1435.0,99.7,57.65,76.28,2023-11-03T12:20:00-05:00,44.60,2023-11-03T03:00:00-05:00,50.09,59.63,36.99,77.37,97.00,50.00,1024.97,1027.10,1022.50,1.10,3.58,0.00,7.83,2023-11-03T13:00:00-05:00,119.7,ESE,NE,0.0000,0.0000,0.0,0,,,2.590,5.00
2023-11-04,2023,11,4,308,282,1410.0,97.9,61.78,78.26,2023-11-04T11:55:00-05:00,49.82,2023-11-04T06:55:00-05:00,55.88,62.29,48.77,83.11,100.00,54.00,1022.23,1024.80,1019.70,0.84,3.58,0.00,7.83,2023-11-04T13:40:00-05:00,178.5,S,NE,0.0000,0.0000,0.0,0,,,2.590,5.00
2023-11-05,2023,11,5,309,286,1430.0,95.3,64.05,81.68,2023-11-05T11:15:00-06:00,52.52,2023-11-05T03:30:00-06:00,56.93,61.80,52.25,80.41,100.00,46.00,1019.59,1021.90,1016.70,0.73,3.36,0.00,8.05,2023-11-05T12:25:00-06:00,199.6,SSW,NE,0.0000,0.0000,0.0,0,,,2.580,5.00
2023-11-06,2023,11,6,310,285,1425.0,99.0,66.06,79.16,2023-11-06T10:30:00-06:00,53.24,2023-11-06T06:25:00-06:00,58.25,62.81,52.69,78.78,99.00,45.00,1017.94,1019.90,1016.30,0.59,2.91,0.00,6.49,2023-11-06T13:50:00-06:00,192.8,SSW,SSW,0.0000,0.0000,0.0,0,,,2.590,5.00
2023-11-07,2023,11,7,311,284,1420.0,98.6,69.12,80.24,2023-11-07T14:00:00-06:00,55.76,2023-11-07T06:20:00-06:00,63.03,67.80,55.48,82.67,100.00,60.00,1016.84,1018.90,1015.00,0.85,3.13,0.00,7.16,2023-11-07T12:10:00-06:00,202.3,SSW,SSW,0.0000,0.0000,0.0,0,,,2.590,5.00
2023-11-08,2023,11,8,312,287,1435.0,99.7,69.96,80.24,2023-11-08T13:55:00-06:00,58.46,2023-11-08T06:35:00-06:00,64.78,69.32,58.46,85.26,100.00,61.00,1015.97,1018.20,1014.00,0.94,3.13,0.00,8.05,2023-11-08T12:45:00-06:00,188.9,S,S,0.0000,0.0000,0.0,0,,,2.590,5.00
2023-11-09,2023,11,9,313,280,1400.0,97.2,71.00,79.52,2023-11-09T11:50:00-06:00,61.88,2023-11-09T06:35:00-06:00,66.24,69.01,61.60,85.92,100.00,65.00,1015.21,1017.40,1013.20,1.23,3.80,0.00,8.95,2023-11-09T09:40:00-06:00,186.4,S,S,0.0001,0.0001,5.0,0,,,2.590,5.00
2023-11-10,2023,11,10,314,287,1435.0,99.7,69.79,75.20,2023-11-10T12:20:00-06:00,65.66,2023-11-10T23:55:00-06:00,68.11,70.72,65.37,94.60,100.00,86.00,1015.93,1018.50,1014.20,0.80,2.24,0.00,6.71,2023-11-10T20:15:00-06:00,69.4,ENE,ENE,0.1195,0.1195,100.0,0,,,2.540,5.00
2023-11-11,2023,11,11,315,281,1405.0,97.6,63.11,66.38,2023-11-11T13:45:00-06:00,60.62,2023-11-11T03:40:00-06:00,61.84,65.19,60.19,95.70,100.00,90.00,1019.41,1021.50,1017.20,1.34,2.68,0.00,7.61,2023-11-11T03:40:00-06:00,59.6,ENE,ENE,0.1152,0.1152,150.0,0,,,2.470,5.00
2023-11-12,2023,11,12,316,285,1425.0,99.0,65.37,73.40,2023-11-12T12:45:00-06:00,60.08,2023-11-12T06:00:00-06:00,62.51,66.86,59.69,90.80,99.00,79.00,1022.30,1024.50,1020.50,1.34,2.46,0.00,7.38,2023-11-12T19:25:00-06:00,63.4,ENE,ENE,0.0000,0.0000,0.0,0,,,2.430,5.00
2023-11-13,2023,11,13,317,287,1435.0,99.7,60.68,64.40,2023-11-13T00:05:00-06:00,57.56,2023-11-13T23:35:00-06:00,59.74,61.72,57.56,96.79,100.00,91.00,1023.56,1025.20,1021.90,1.50,3.36,0.00,6.49,2023-11-13T22:00:00-06:00,61.0,ENE,ENE,0.4569,0.4569,670.0,0,,,2.390,5.00
2023-11-14,2023,11,14,318,288,1440.0,100.0,57.80,60.26,2023-11-14T14:15:00-06:00,55.58,2023-11-14T07:45:00-06:00,57.80,60.26,55.58,100.00,100.00,100.00,1019.87,1022.30,1017.50,1.73,3.13,0.22,6.93,2023-11-14T20:15:00-06:00,56.9,ENE,NE,0.3897,0.3897,595.0,0,,,2.350,5.00
2023-11-15,2023,11,15,319,287,1435.0,99.7,59.30,61.70,2023-11-15T12:30:00-06:00,56.84,2023-11-15T01:45:00-06:00,59.09,61.34,56.84,99.26,100.00,93.00,1016.95,1018.30,1015.90,1.77,2.91,0.22,5.37,2023-11-15T02:35:00-06:00,64.0,ENE,ENE,0.2454,0.2454,210.0,0,,,2.340,5.00
2023-11-16,2023,11,16,320,282,1410.0,97.9,63.40,67.82,2023-11-16T15:35:00-06:00,60.80,2023-11-16T04:35:00-06:00,62.39,65.23,60.80,96.61,100.00,89.00,1016.18,1018.00,1014.30,,,,,,,,,0.0000,0.0000,0.0,0,,,2.340,5.00
2023-11-17,2023,11,17,321,285,1425.0,99.0,67.02,74.84,2023-11-17T14:55:00-06:00,61.70,2023-11-17T00:25:00-06:00,64.95,68.62,61.42,93.42,99.00,78.00,1013.13,1014.80,1010.90,0.41,1.79,0.00,4.03,2023-11-17T14:40:00-06:00,137.0,SE,ENE,0.0000,0.0000,0.0,0,,,2.320,5.00
2023-11-18,2023,11,18,322,285,1425.0,99.0,63.77,70.16,2023-11-18T15:15:00-06:00,55.04,2023-11-18T23:50:00-06:00,60.27,63.93,49.65,89.03,99.00,71.00,1013.98,1015.70,1012.70,0.68,2.91,0.00,4.92,2023-11-18T02:10:00-06:00,59.1,ENE,NE,0.0000,0.0000,0.0,0,,,2.320,5.00
2023-11-19,2023,11,19,323,285,1425.0,99.0,57.34,70.70,2023-11-19T10:45:00-06:00,45.68,2023-11-19T06:35:00-06:00,47.17,54.04,42.53,71.87,99.00,42.00,1013.36,1015.80,1010.50,0.93,4.25,0.00,6.26,2023-11-19T11:25:00-06:00,73.5,ENE,NE,0.0000,0.0000,0.0,0,,,2.310,5.00
2023-11-20,2023,11,20,324,287,1435.0,99.7,68.68,78.98,2023-11-20T14:00:00-06:00,54.68,2023-11-20T00:05:00-06:00,65.69,72.49,54.40,90.75,99.00,74.00,1010.04,1011.60,1008.10,1.55,6.26,0.00,9.17,2023-11-20T17:30:00-06:00,190.2,S,SW,0.0000,0.0000,0.0,0,,,2.340,5.00
2023-11-21,2023,11,21,325,288,1440.0,100.0,65.06,72.50,2023-11-21T00:10:00-06:00,55.76,2023-11-21T23:50:00-06:00,62.51,72.02,51.81,91.59,100.00,76.00,1013.48,1018.40,1008.00,1.68,7.83,0.00,11.86,2023-11-21T01:35:00-06:00,51.2,NE,NE,0.0000,0.0000,0.0,0,,,2.340,5.00
2023-11-22,2023,11,22,326,283,1415.0,98.3,54.19,62.78,2023-11-22T11:20:00-06:00,47.12,2023-11-22T23:00:00-06:00,47.66,52.26,44.40,79.89,94.00,56.00,1019.11,1021.40,1017.00,0.94,2.91,0.00,4.47,2023-11-22T13:30:00-06:00,53.3,NE,NE,0.0000,0.0000,0.0,0,,,2.340,5.00
2023-11-23,2023,11,23,327,284,1420.0,98.6,49.61,53.24,2023-11-23T16:05:00-06:00,44.78,2023-11-23T06:20:00-06:00,45.97,49.91,42.49,87.33,93.00,77.00,1019.68,1021.30,1017.80,1.06,2.46,0.00,3.80,2023-11-23T09:00:00-06:00,48.8,NE,NE,0.0000,0.0000,0.0,0,,,2.120,5.00
2023-11-24,2023,11,24,328,284,1420.0,98.6,53.59,59.72,2023-11-24T14:45:00-06:00,48.38,2023-11-24T23:20:00-06:00,49.07,52.96,46.56,85.14,98.00,68.00,1020.84,1022.50,1019.30,0.22,0.89,0.00,1.12,2023-11-24T22:50:00-06:00,41.5,NE,NE,0.0000,0.0000,0.0,0,,,2.120,5.00
2023-11-25,2023,11,25,329,286,1430.0,99.3,56.99,65.84,2023-11-25T12:50:00-06:00,46.76,2023-11-25T04:10:00-06:00,50.79,57.86,44.74,80.95,98.00,60.00,1018.95,1021.80,1015.20,1.08,2.91,0.00,3.58,2023-11-25T12:10:00-06:00,65.2,ENE,NE,0.0000,0.0000,0.0,0,,,2.230,5.00
2023-11-26,2023,11,26,330,278,1390.0,96.5,61.65,67.46,2023-11-26T15:05:00-06:00,51.80,2023-11-26T23:55:00-06:00,59.71,65.12,48.36,93.54,100.00,78.00,1015.35,1021.30,1012.30,0.99,3.36,0.00,7.16,2023-11-26T04:35:00-06:00,111.6,ESE,NE,0.0000,0.0000,0.0,0,,,2.130,5.00
2023-11-27,2023,11,27,331,280,1400.0,97.2,48.44,55.94,2023-11-27T14:30:00-06:00,40.46,2023-11-27T07:00:00-06:00,39.68,48.00,34.04,73.11,92.00,49.00,1023.57,1026.10,1021.20,2.15,2.91,0.00,4.25,2023-11-27T10:30:00-06:00,59.3,ENE,ENE,0.0000,0.0000,0.0,0,,,2.110,5.00
2023-11-28,2023,11,28,332,279,1395.0,96.9,48.59,60.80,2023-11-28T14:50:00-06:00,39.02,2023-11-28T07:20:00-06:00,37.58,40.30,33.98,68.64,95.00,38.00,1026.23,1028.80,1024.20,1.05,3.36,0.00,5.59,2023-11-28T10:00:00-06:00,57.9,ENE,NE,0.0000,0.0000,0.0,0,,,2.350,5.00
2023-11-29,2023,11,29,333,281,1405.0,97.6,47.50,63.32,2023-11-29T10:35:00-06:00,34.88,2023-11-29T04:35:00-06:00,37.98,42.50,32.98,73.28,97.00,35.00,1023.97,1026.30,1021.60,0.86,2.91,0.00,6.93,2023-11-29T14:35:00-06:00,139.3,SE,NE,0.0000,0.0000,0.0,0,,,2.380,5.00
2023-11-30,2023,11,30,334,287,1435.0,99.7,53.84,65.48,2023-11-30T13:50:00-06:00,41.72,2023-11-30T00:35:00-06:00,50.30,62.57,40.12,88.24,99.00,69.00,1016.66,1021.70,1011.60,0.97,3.36,0.00,12.53,2023-11-30T14:15:00-06:00,116.4,ESE,NE,0.0444,0.0444,60.0,0,,,2.410,5.00
2023-12-01,2023,12,1,335,279,1395.0,96.9,68.37,73.94,2023-12-01T14:10:00-06:00,63.14,2023-12-01T08:05:00-06:00,65.85,69.29,61.51,91.92,100.00,80.00,1012.11,1014.10,1009.40,1.19,3.80,0.00,11.18,2023-12-01T23:25:00-06:00,187.1,S,S,2.7947,2.7947,320.0,1640,11.37,1.24,2.410,5.00
2023-12-02,2023,12,2,336,286,1430.0,99.3,68.52,71.06,2023-12-02T13:55:00-06:00,66.92,2023-12-02T23:35:00-06:00,68.30,70.88,66.81,99.26,100.00,96.00,1010.92,1013.40,1009.00,1.70,4.47,0.00,8.05,2023-12-02T08:45:00-06:00,346.7,NNW,NNW,2.0645,2.0645,560.0,1041,12.41,1.24,2.390,5.00
2023-12-03,2023,12,3,337,258,1290.0,89.6,64.32,68.54,2023-12-03T11:50:00-06:00,57.74,2023-12-03T22:05:00-06:00,62.51,67.28,57.74,94.12,100.00,78.00,1014.44,1016.60,1011.00,1.16,3.13,0.00,6.26,2023-12-03T13:15:00-06:00,121.1,ESE,SSW,0.0000,0.0000,0.0,0,,,2.380,5.00
2023-12-04,2023,12,4,338,285,1425.0,99.0,57.93,68.18,2023-12-04T13:50:00-06:00,49.28,2023-12-04T22:50:00-06:00,52.58,58.08,43.37,84.52,100.00,46.00,1017.74,1021.30,1015.20,0.78,2.68,0.00,3.80,2023-12-04T13:25:00-06:00,87.9,E,NE,0.0000,0.0000,0.0,0,,,2.370,5.00
2023-12-05,2023,12,5,339,287,1435.0,99.7,52.15,63.68,2023-12-05T14:45:00-06:00,43.52,2023-12-05T07:05:00-06:00,46.06,51.75,41.07,81.08,95.00,50.00,1022.26,1024.40,1020.30,0.61,2.01,0.00,4.03,2023-12-05T12:35:00-06:00,54.3,NE,NE,0.0000,0.0000,0.0,0,,,2.380,5.00
2023-12-06,2023,12,6,340,242,1210.0,84.0,51.69,58.10,2023-12-06T14:45:00-06:00,43.70,2023-12-06T07:20:00-06:00,40.62,46.63,37.37,67.18,93.00,47.00,1025.50,1028.50,1023.10,1.11,2.68,0.00,7.38,2023-12-06T11:40:00-06:00,57.1,ENE,NE,0.0000,0.0000,0.0,0,,,2.380,5.00
2023-12-07,2023,12,7,341,287,1435.0,99.7,48.69,60.98,2023-12-07T12:00:00-06:00,36.86,2023-12-07T05:45:00-06:00,44.24,51.63,35.83,85.93,100.00,60.00,1022.28,1025.20,1018.40,0.78,2.46,0.00,7.16,2023-12-07T12:50:00-06:00,89.0,E,NE,0.0000,0.0000,0.0,0,,,2.410,5.00
2023-12-08,2023,12,8,342,288,1440.0,100.0,60.22,70.70,2023-12-08T13:25:00-06:00,48.56,2023-12-08T00:00:00-06:00,59.09,65.84,48.56,96.31,100.00,79.00,1016.38,1018.40,1014.70,0.81,3.36,0.00,7.61,2023-12-08T13:20:00-06:00,132.1,SE,NE,0.0219,0.0219,35.0,0,,,2.400,5.00
2023-12-09,2023,12,9,343,229,1145.0,79.5,70.55,78.26,2023-12-09T14:10:00-06:00,64.76,2023-12-09T02:55:00-06:00,67.08,70.53,64.76,89.59,100.00,68.00,1015.58,1017.80,1014.50,1.66,3.80,0.00,9.62,2023-12-09T13:15:00-06:00,189.2,S,SSW,0.0000,0.0000,0.0,0,,,2.390,5.00
2023-12-10,2023,12,10,344,281,1405.0,97.6,54.01,67.82,2023-12-10T00:05:00-06:00,40.10,2023-12-10T23:45:00-06:00,46.63,67.82,37.07,78.03,100.00,47.00,1017.79,1022.90,1013.00,1.21,2.91,0.00,6.71,2023-12-10T15:00:00-06:00,58.0,ENE,NE,0.7191,0.7191,175.0,0,,,2.390,5.00
2023-12-11,2023,12,11,345,286,1430.0,99.3,45.23,59.54,2023-12-11T14:25:00-06:00,33.80,2023-12-11T06:25:00-06:00,36.75,43.58,30.63,76.77,99.00,35.00,1024.17,1027.00,1022.10,0.80,2.68,0.00,6.93,2023-12-11T10:45:00-06:00,55.8,NE,NE,0.0000,0.0000,0.0,0,,,2.390,5.00
2023-12-12,2023,12,12,346,285,1425.0,99.0,47.51,61.34,2023-12-12T14:25:00-06:00,36.32,2023-12-12T06:20:00-06:00,38.27,46.52,32.97,74.79,97.00,35.00,1029.00,1030.90,1026.60,1.01,2.91,0.00,7.83,2023-12-12T10:05:00-06:00,54.6,NE,NE,0.0000,0.0000,0.0,0,,,2.440,5.00
2023-12-13,2023,12,13,347,287,1435.0,99.7,51.64,63.50,2023-12-13T13:20:00-06:00,40.64,2023-12-13T04:10:00-06:00,37.32,41.10,33.70,59.83,82.00,37.00,1029.93,1032.00,1028.40,1.45,3.36,0.00,9.17,2023-12-13T10:15:00-06:00,54.3,NE,NE,0.0000,0.0000,0.0,0,,,2.470,5.00
2023-12-14,2023,12,14,348,283,1415.0,98.3,55.19,64.94,2023-12-14T14:15:00-06:00,47.30,2023-12-14T06:45:00-06:00,40.32,44.06,38.16,58.18,73.00,41.00,1028.96,1031.40,1026.80,1.67,2.91,0.00,7.16,2023-12-14T09:00:00-06:00,60.0,ENE,ENE,0.0000,0.0000,0.0,0,,,2.470,5.00
2023-12-15,2023,12,15,349,286,1430.0,99.3,58.81,69.62,2023-12-15T12:30:00-06:00,50.00,2023-12-15T04:30:00-06:00,49.53,58.89,38.87,71.49,83.00,58.00,1023.91,1027.00,1020.70,1.64,3.13,0.00,10.96,2023-12-15T14:10:00-06:00,76.0,ENE,ENE,0.0000,0.0000,0.0,0,,,2.470,5.00
2023-12-16,2023,12,16,350,287,1435.0,99.7,58.57,65.66,2023-12-16T11:40:00-06:00,55.76,2023-12-16T22:45:00-06:00,56.12,61.00,51.77,91.84,100.00,80.00,1016.94,1020.60,1013.90,1.24,2.46,0.00,6.71,2023-12-16T11:20:00-06:00,66.6,ENE,ENE,0.8856,0.8856,285.0,0,,,2.460,5.00
2023-12-17,2023,12,17,351,282,1410.0,97.9,54.84,62.06,2023-12-17T13:15:00-06:00,43.34,2023-12-17T23:55:00-06:00,49.07,55.76,40.78,82.38,100.00,52.00,1014.49,1016.10,1012.40,1.13,2.46,0.00,6.71,2023-12-17T05:45:00-06:00,52.3,NE,NE,0.0000,0.0000,0.0,0,,,2.430,5.00
2023-12-18,2023,12,18,352,287,1435.0,99.7,52.38,67.46,2023-12-18T14:15:00-06:00,40.64,2023-12-18T04:05:00-06:00,43.20,48.90,39.22,74.03,100.00,44.00,1018.57,1022.70,1015.80,0.64,1.79,0.00,6.49,2023-12-18T11:50:00-06:00,67.0,ENE,NE,0.0000,0.0000,0.0,0,,,2.420,5.00
2023-12-19,2023,12,19,353,283,1415.0,98.3,45.18,55.94,2023-12-19T12:45:00-06:00,36.50,2023-12-19T07:15:00-06:00,35.01,39.66,28.90,69.65,95.00,38.00,1025.35,1027.60,1022.50,1.11,3.36,0.00,6.26,2023-12-19T09:45:00-06:00,55.9,NE,NE,0.0000,0.0000,0.0,0,,,2.480,5.00
2023-12-20,2023,12,20,354,283,1415.0,98.3,49.05,63.32,2023-12-20T15:00:00-06:00,39.20,2023-12-20T01:25:00-06:00,41.10,51.49,30.54,74.64,97.00,59.00,1026.83,1028.50,1025.40,1.17,2.68,0.00,6.71,2023-12-20T13:25:00-06:00,61.6,ENE,NE,0.0000,0.0000,0.0,0,,,2.550,5.00
2023-12-21,2023,12,21,355,286,1430.0,99.3,54.54,68.00,2023-12-21T13:10:00-06:00,41.90,2023-12-21T06:10:00-06:00,48.79,57.43,37.29,81.44,94.00,66.00,1026.21,1028.40,1024.60,1.12,2.91,0.00,6.49,2023-12-21T13:35:00-06:00,68.5,ENE,NE,0.0000,0.0000,0.0,0,,,2.530,5.00
2023-12-22,2023,12,22,356,288,1440.0,100.0,60.52,71.60,2023-12-22T10:55:00-06:00,51.62,2023-12-22T07:25:00-06:00,56.79,61.60,50.52,88.19,100.00,67.00,1023.53,1025.20,1021.90,1.02,3.80,0.00,6.71,2023-12-22T14:45:00-06:00,98.5,E,NE,0.0000,0.0000,0.0,0,,,2.530,5.00
2023-12-23,2023,12,23,357,287,1435.0,99.7,63.19,74.12,2023-12-23T11:00:00-06:00,55.58,2023-12-23T07:15:00-06:00,58.35,61.60,55.58,85.68,100.00,62.00,1021.61,1023.90,1019.50,0.93,2.91,0.00,8.95,2023-12-23T11:45:00-06:00,144.6,SE,ENE,0.0000,0.0000,0.0,0,,,2.550,5.00
2023-12-24,2023,12,24,358,287,1435.0,99.7,63.21,66.20,2023-12-24T03:10:00-06:00,60.98,2023-12-24T15:00:00-06:00,62.50,64.76,60.55,97.59,100.00,88.00,1013.78,1019.30,1007.10,1.53,5.14,0.00,20.58,2023-12-24T20:30:00-06:00,194.4,SSW,SSE,2.1466,2.1466,920.0,0,,,2.520,5.00
2023-12-25,2023,12,25,359,282,1410.0,97.9,61.13,66.38,2023-12-25T14:45:00-06:00,53.96,2023-12-25T23:55:00-06:00,58.98,64.76,51.87,92.92,100.00,78.00,1012.48,1016.90,1007.70,0.98,2.91,0.00,8.05,2023-12-25T00:30:00-06:00,27.8,NNE,NE,0.0000,0.0000,0.0,0,,,2.470,5.00
2023-12-26,2023,12,26,360,283,1415.0,98.3,51.30,57.74,2023-12-26T14:10:00-06:00,46.76,2023-12-26T08:05:00-06:00,47.33,51.91,43.63,86.75,100.00,68.00,1016.69,1018.80,1015.40,0.93,2.68,0.00,6.49,2023-12-26T09:45:00-06:00,53.4,NE,NE,0.0000,0.0000,0.0,0,,,2.440,5.00
2023-12-27,2023,12,27,361,283,1415.0,98.3,52.10,59.54,2023-12-27T11:45:00-06:00,46.94,2023-12-27T07:05:00-06:00,49.25,52.08,44.56,90.71,100.00,69.00,1015.35,1017.10,1013.20,0.63,2.46,0.00,5.37,2023-12-27T12:10:00-06:00,125.9,SE,NE,0.0000,0.0000,0.0,0,,,2.420,5.00
2023-12-28,2023,12,28,362,281,1405.0,97.6,45.98,54.32,2023-12-28T11:10:00-06:00,38.12,2023-12-28T07:20:00-06:00,35.68,43.90,31.61,69.11,92.00,46.00,1016.74,1019.60,1014.50,0.90,2.46,0.00,5.37,2023-12-28T14:50:00-06:00,57.1,ENE,NE,0.0000,0.0000,0.0,0,,,2.410,5.00
2023-12-29,2023,12,29,363,280,1400.0,97.2,43.95,53.06,2023-12-29T15:00:00-06:00,33.80,2023-12-29T07:00:00-06:00,34.90,39.16,30.62,71.22,89.00,53.00,1019.75,1022.60,1017.70,0.80,2.91,0.00,9.40,2023-12-29T13:20:00-06:00,194.8,SSW,NE,0.0000,0.0000,0.0,0,,,2.490,5.00
2023-12-30,2023,12,30,364,284,1420.0,98.6,45.05,57.20,2023-12-30T10:55:00-06:00,35.60,2023-12-30T07:10:00-06:00,38.15,43.58,33.51,78.37,98.00,50.00,1020.97,1022.40,1019.80,0.84,2.91,0.00,6.71,2023-12-30T13:25:00-06:00,146.4,SSE,NE,0.0000,0.0000,0.0,0,,,2.600,5.00
2023-12-31,2023,12,31,365,282,1410.0,97.9,47.62,62.60,2023-12-31T14:45:00-06:00,33.08,2023-12-31T06:30:00-06:00,41.79,48.64,32.83,82.65,100.00,52.00,1021.30,1023.20,1019.60,0.75,2.68,0.00,6.71,2023-12-31T12:25:00-06:00,186.4,S,NE,0.0000,0.0000,0.0,0,,,2.610,5.00
2024-01-01,2024,1,1,1,279,1395.0,96.9,51.41,65.30,2024-01-01T10:40:00-06:00,42.44,2024-01-01T23:45:00-06:00,45.90,55.73,33.70,82.68,99.00,62.00,1022.29,1025.50,1020.30,0.95,2.68,0.00,6.49,2024-01-01T16:40:00-06:00,56.8,ENE,NE,0.0051,0.0051,10.0,0,,,2.600,5.00
2024-01-02,2024,1,2,2,265,1325.0,92.0,43.14,54.14,2024-01-02T11:30:00-06:00,32.72,2024-01-02T07:10:00-06:00,35.61,41.69,29.46,75.75,94.00,50.00,1023.95,1027.00,1019.80,1.40,3.13,0.00,7.61,2024-01-02T09:20:00-06:00,58.0,ENE,NE,0.0000,0.0000,0.0,0,,,2.600,5.00
2024-01-03,2024,1,3,3,281,1405.0,97.6,48.03,59.00,2024-01-03T15:15:00-06:00,41.00,2024-01-03T23:45:00-06:00,43.95,50.50,37.43,86.40,100.00,67.00,1018.06,1020.60,1015.10,1.46,3.13,0.00,7.16,2024-01-03T14:50:00-06:00,54.6,NE,NE,0.4804,0.4804,380.0,0,,,2.600,5.00
2024-01-04,2024,1,4,4,286,1430.0,99.3,44.67,60.44,2024-01-04T13:30:00-06:00,34.70,2024-01-04T07:15:00-06:00,38.70,43.62,34.37,81.95,99.00,47.00,1020.99,1023.60,1019.40,0.98,2.91,0.00,10.29,2024-01-04T11:30:00-06:00,59.2,ENE,NE,0.0000,0.0000,0.0,0,,,2.580,5.00
2024-01-05,2024,1,5,5,285,1425.0,99.0,52.31,62.96,2024-01-05T12:30:00-06:00,37.22,2024-01-05T02:40:00-06:00,49.22,60.34,35.73,89.52,99.00,74.00,1012.03,1021.00,1003.50,1.77,4.03,0.00,12.75,2024-01-05T17:50:00-06:00,93.3,E,ENE,1.0237,1.0237,325.0,33,8.83,4.35,2.540,5.00
2024-01-06,2024,1,6,6,279,1395.0,96.9,49.14,58.64,2024-01-06T00:05:00-06:00,42.08,2024-01-06T23:50:00-06:00,45.79,58.36,41.02,88.75,99.00,66.00,1012.12,1018.10,1005.90,1.04,2.46,0.00,7.61,2024-01-06T00:40:00-06:00,65.6,ENE,NE,0.0000,0.0000,0.0,0,,,2.520,5.00
2024-01-07,2024,1,7,7,285,1425.0,99.0,47.62,59.00,2024-01-07T14:20:00-06:00,40.10,2024-01-07T07:15:00-06:00,43.10,46.73,39.84,85.82,99.00,54.00,1021.10,1023.60,1018.20,0.76,2.68,0.00,6.04,2024-01-07T11:45:00-06:00,64.7,ENE,NE,0.0000,0.0000,0.0,0,,,2.530,5.00
2024-01-08,2024,1,8,8,287,1435.0,99.7,57.15,67.46,2024-01-08T23:00:00-06:00,46.04,2024-01-08T00:00:00-06:00,54.30,66.87,40.85,90.32,99.00,75.00,1010.57,1020.40,1000.10,2.59,8.95,0.00,18.12,2024-01-08T19:25:00-06:00,136.2,SE,ENE,3.7428,3.7428,350.0,3959,6.05,1.86,2.540,5.00
2024-01-09,2024,1,9,9,278,1390.0,96.5,51.69,68.72,2024-01-09T00:50:00-06:00,41.18,2024-01-09T23:55:00-06:00,43.88,68.43,35.85,76.20,99.00,51.00,1005.56,1012.90,997.40,1.54,5.37,0.00,15.66,2024-01-09T00:25:00-06:00,189.3,S,SW,1.1522,1.1522,220.0,1600,8.51,2.49,2.500,5.00
2024-01-10,2024,1,10,10,279,1395.0,96.9,46.60,55.40,2024-01-10T14:35:00-06:00,35.78,2024-01-10T07:10:00-06:00,37.78,46.45,32.70,73.93,99.00,44.00,1014.16,1016.60,1012.40,0.70,2.91,0.00,7.16,2024-01-10T12:35:00-06:00,208.7,SSW,SW,0.0000,0.0000,0.0,0,,,2.610,5.00
2024-01-11,2024,1,11,11,281,1405.0,97.6,58.54,68.18,2024-01-11T13:10:00-06:00,46.58,2024-01-11T03:25:00-06:00,55.11,62.69,45.38,89.07,99.00,69.00,1011.88,1015.00,1007.10,1.51,4.03,0.00,10.07,2024-01-11T11:50:00-06:00,178.3,S,S,0.0000,0.0000,0.0,0,,,2.590,5.00
2024-01-12,2024,1,12,12,287,1435.0,99.7,62.69,76.10,2024-01-12T13:45:00-06:00,43.16,2024-01-12T23:55:00-06:00,51.49,67.35,26.66,70.73,99.00,32.00,1005.76,1015.00,1001.50,2.03,4.25,0.00,14.09,2024-01-12T09:15:00-06:00,181.6,S,SSW,0.0664,0.0664,55.0,0,,,2.600,5.00
2024-01-13,2024,1,13,13,278,1390.0,96.5,42.48,55.94,2024-01-13T11:45:00-06:00,31.46,2024-01-13T07:05:00-06:00,31.58,39.43,26.57,67.15,91.00,37.00,1018.65,1021.10,1015.10,0.90,2.91,0.00,7.83,2024-01-13T12:10:00-06:00,100.2,E,NE,0.0000,0.0000,0.0,0,,,2.610,5.00
2024-01-14,2024,1,14,14,287,1435.0,99.7,48.90,64.22,2024-01-14T14:20:00-06:00,33.80,2024-01-14T07:05:00-06:00,40.36,47.08,23.65,77.12,99.00,22.00,1019.91,1022.60,1017.90,1.05,3.13,0.00,8.28,2024-01-14T15:45:00-06:00,172.0,S,NE,0.0000,0.0000,0.0,0,,,2.610,5.00
2024-01-15,2024,1,15,15,280,1400.0,97.2,48.29,63.68,2024-01-15T13:40:00-06:00,33.26,2024-01-15T23:55:00-06:00,43.31,54.87,31.72,83.65,99.00,69.00,1016.66,1018.90,1013.60,1.66,4.03,0.00,9.84,2024-01-15T21:40:00-06:00,57.5,ENE,NE,0.0000,0.0000,0.0,0,,,2.600,5.00
2024-01-16,2024,1,16,16,284,1420.0,98.6,28.02,34.34,2024-01-16T14:00:00-06:00,21.38,2024-01-16T08:35:00-06:00,22.12,31.45,15.05,79.01,97.00,63.00,1023.15,1028.40,1017.60,2.63,4.92,0.00,11.86,2024-01-16T15:55:00-06:00,53.6,NE,NE,0.0402,0.0402,90.0,0,,,2.580,5.00
2024-01-17,2024,1,17,17,287,1435.0,99.7,29.21,43.16,2024-01-17T12:45:00-06:00,17.78,2024-01-17T06:45:00-06:00,19.46,26.71,13.49,68.85,87.00,34.00,1027.11,1030.30,1022.70,1.30,3.36,0.00,7.61,2024-01-17T10:00:00-06:00,53.0,NE,NE,0.0000,0.0000,0.0,0,,,2.600,5.00
2024-01-18,2024,1,18,18,278,1390.0,96.5,49.38,61.16,2024-01-18T22:55:00-06:00,32.54,2024-01-18T00:05:00-06:00,46.29,60.88,26.75,89.08,99.00,77.00,1017.47,1022.70,1013.50,0.87,2.91,0.00,7.16,2024-01-18T12:25:00-06:00,115.8,ESE,NE,0.0120,0.0120,75.0,0,,,2.550,5.00
2024-01-19,2024,1,19,19,287,1435.0,99.7,50.33,60.80,2024-01-19T00:05:00-06:00,35.78,2024-01-19T23:50:00-06:00,39.83,60.52,26.22,69.52,99.00,46.00,1022.09,1028.20,1015.60,2.11,4.92,0.00,11.86,2024-01-19T09:45:00-06:00,56.4,ENE,NE,0.0000,0.0000,0.0,0,,,2.520,5.00
2024-01-20,2024,1,20,20,286,1430.0,99.3,35.71,45.68,2024-01-20T14:15:00-06:00,27.68,2024-01-20T07:00:00-06:00,21.11,26.78,17.73,56.95,79.00,38.00,1030.35,1032.30,1028.10,2.36,5.14,0.00,9.84,2024-01-20T09:45:00-06:00,52.4,NE,NE,0.0000,0.0000,0.0,0,,,2.600,5.00
2024-01-21,2024,1,21,21,287,1435.0,99.7,36.95,47.12,2024-01-21T15:50:00-06:00,26.78,2024-01-21T07:25:00-06:00,20.01,28.30,15.04,50.82,63.00,35.00,1031.40,1033.80,1028.40,1.81,4.03,0.00,10.07,2024-01-21T08:35:00-06:00,56.5,ENE,NE,0.0000,0.0000,0.0,0,,,2.600,5.00
2024-01-22,2024,1,22,22,286,1430.0,99.3,52.68,66.92,2024-01-22T13:00:00-06:00,38.48,2024-01-22T03:10:00-06:00,44.80,59.24,22.58,75.15,94.00,51.00,1024.76,1028.60,1021.40,1.70,3.13,0.00,9.40,2024-01-22T13:10:00-06:00,78.8,E,NE,0.0008,0.0008,10.0,0,,,2.600,5.00
2024-01-23,2024,1,23,23,286,1430.0,99.3,64.90,67.82,2024-01-23T11:15:00-06:00,60.62,2024-01-23T00:35:00-06:00,63.37,66.09,59.54,94.84,99.00,88.00,1019.16,1021.30,1016.70,1.45,2.91,0.00,9.84,2024-01-23T15:15:00-06:00,141.5,SE,SSE,0.0000,0.0000,0.0,0,,,2.540,5.00
2024-01-24,2024,1,24,24,287,1435.0,99.7,67.56,72.32,2024-01-24T11:55:00-06:00,65.84,2024-01-24T00:05:00-06:00,67.11,70.63,65.55,98.48,100.00,94.00,1016.05,1017.20,1014.70,2.17,4.70,0.00,15.88,2024-01-24T11:55:00-06:00,227.1,SW,NE,4.4948,4.4948,400.0,3186,12.48,1.24,2.470,5.00
2024-01-25,2024,1,25,25,287,1435.0,99.7,64.37,68.36,2024-01-25T07:50:00-06:00,61.16,2024-01-25T17:25:00-06:00,64.08,68.07,60.88,99.01,100.00,99.00,1016.11,1019.50,1013.90,1.50,3.36,0.00,8.72,2024-01-25T09:35:00-06:00,306.8,NW,NW,0.3426,0.3426,325.0,193,8.63,1.86,2.410,5.00
2024-01-26,2024,1,26,26,283,1415.0,98.3,62.77,64.40,2024-01-26T10:50:00-06:00,60.98,2024-01-26T23:40:00-06:00,62.49,64.11,60.70,99.00,99.00,99.00,1016.84,1019.20,1014.60,2.64,6.93,0.45,10.29,2024-01-26T12:05:00-06:00,341.0,NNW,NNW,0.5100,0.5100,175.0,59,7.73,1.24,2.380,5.00
2024-01-27,2024,1,27,27,288,1440.0,100.0,61.45,71.96,2024-01-27T14:35:00-06:00,50.00,2024-01-27T23:50:00-06:00,58.69,65.63,49.08,91.22,100.00,67.00,1015.63,1019.90,1012.90,3.33,8.28,0.00,9.62,2024-01-27T00:15:00-06:00,341.0,NNW,NNW,1.6621,1.6621,445.0,154,8.19,0.62,2.370,5.00
2024-01-28,2024,1,28,28,283,1415.0,98.3,50.71,57.92,2024-01-28T12:45:00-06:00,39.92,2024-01-28T23:55:00-06:00,46.85,50.80,39.40,87.13,99.00,69.00,1023.23,1026.30,1019.60,1.19,2.91,0.00,6.26,2024-01-28T13:20:00-06:00,66.3,ENE,NE,0.0000,0.0000,0.0,0,,,2.380,5.00
2024-01-29,2024,1,29,29,286,1430.0,99.3,48.22,65.66,2024-01-29T14:30:00-06:00,35.24,2024-01-29T07:05:00-06:00,41.93,49.59,34.99,82.34,99.00,42.00,1024.54,1027.10,1022.20,0.79,2.68,0.00,6.49,2024-01-29T11:25:00-06:00,76.1,ENE,NE,0.0000,0.0000,0.0,0,,,2.400,5.00
2024-01-30,2024,1,30,30,284,1420.0,98.6,52.72,66.56,2024-01-30T14:45:00-06:00,37.58,2024-01-30T06:15:00-06:00,46.21,52.81,37.32,80.50,100.00,55.00,1021.17,1023.70,1018.40,1.07,3.36,0.00,8.05,2024-01-30T14:05:00-06:00,206.6,SSW,SSW,0.0000,0.0000,0.0,0,,,2.530,5.00
2024-01-31,2024,1,31,31,279,1395.0,96.9,57.32,72.14,2024-01-31T12:35:00-06:00,45.14,2024-01-31T23:45:00-06:00,45.28,50.12,40.28,68.78,97.00,35.00,1020.64,1023.10,1019.00,1.01,3.58,0.00,8.95,2024-01-31T14:50:00-06:00,62.2,ENE,ENE,0.0000,0.0000,0.0,0,,,2.610,5.00
2024-02-01,2024,2,1,32,287,1435.0,99.7,53.16,64.58,2024-02-01T14:35:00-06:00,41.54,2024-02-01T06:30:00-06:00,46.07,51.09,40.53,78.57,98.00,48.00,1020.29,1022.50,1017.20,0.89,3.36,0.00,8.95,2024-02-01T13:40:00-06:00,176.7,S,NE,0.0000,0.0000,0.0,0,,,2.610,5.00
2024-02-02,2024,2,2,33,278,1390.0,96.5,56.93,70.52,2024-02-02T15:35:00-06:00,43.70,2024-02-02T07:00:00-06:00,48.68,53.97,43.44,76.88,99.00,41.00,1014.98,1017.30,1012.20,1.04,3.58,0.00,8.50,2024-02-02T12:25:00-06:00,198.1,SSW,NE,0.0000,0.0000,0.0,0,,,2.610,5.00
2024-02-03,2024,2,3,34,282,1410.0,97.9,54.53,60.44,2024-02-03T23:25:00-06:00,46.22,2024-02-03T02:35:00-06:00,53.35,60.16,45.59,95.89,99.00,82.00,1006.05,1012.60,997.00,2.10,12.97,0.00,17.22,2024-02-03T19:30:00-06:00,356.2,N,ENE,2.2845,2.2845,580.0,0,,,2.540,5.00
2024-02-04,2024,2,4,35,284,1420.0,98.6,58.16,67.28,2024-02-04T15:25:00-06:00,48.56,2024-02-04T19:15:00-06:00,54.41,60.34,47.93,88.55,100.00,61.00,1000.59,1002.60,998.70,1.37,9.40,0.00,13.87,2024-02-04T00:00:00-06:00,218.4,SW,SW,0.9015,0.9015,100.0,112,10.98,0.62,2.510,5.00
2024-02-05,2024,2,5,36,276,1380.0,95.8,50.74,58.10,2024-02-05T15:30:00-06:00,45.14,2024-02-05T23:50:00-06:00,47.72,51.35,44.88,90.01,99.00,71.00,1007.55,1015.20,1001.10,1.86,4.47,0.00,13.20,2024-02-05T12:35:00-06:00,55.9,NE,NE,0.0495,0.0495,135.0,0,,,2.600,5.00
2024-02-06,2024,2,6,37,287,1435.0,99.7,55.22,72.86,2024-02-06T14:35:00-06:00,44.42,2024-02-06T07:00:00-06:00,45.59,48.90,43.53,74.60,99.00,38.00,1017.12,1019.40,1015.00,1.04,3.36,0.00,6.93,2024-02-06T08:25:00-06:00,66.3,ENE,NE,0.0000,0.0000,0.0,0,,,2.560,5.00
2024-02-07,2024,2,7,38,279,1395.0,96.9,55.00,70.34,2024-02-07T10:55:00-06:00,41.00,2024-02-07T07:00:00-06:00,46.59,55.20,39.08,75.49,95.00,45.00,1020.16,1021.80,1019.00,1.26,5.59,0.00,10.74,2024-02-07T12:35:00-06:00,142.1,SE,NE,0.0000,0.0000,0.0,0,,,2.600,5.00
2024-02-08,2024,2,8,39,283,1415.0,98.3,62.88,69.80,2024-02-08T14:05:00-06:00,52.34,2024-02-08T00:05:00-06:00,56.88,60.73,50.66,81.16,96.00,70.00,1019.20,1021.60,1017.60,1.53,3.80,0.00,13.65,2024-02-08T05:40:00-06:00,163.3,SSE,SSE,0.0000,0.0000,0.0,0,,,2.590,5.00
2024-02-09,2024,2,9,40,280,1400.0,97.2,67.09,75.38,2024-02-09T12:00:00-06:00,59.18,2024-02-09T07:00:00-06:00,62.67,66.34,58.90,86.55,99.00,68.00,1017.14,1019.10,1015.70,1.43,3.58,0.00,8.95,2024-02-09T12:45:00-06:00,194.7,SSW,SSW,0.0000,0.0000,0.0,0,,,2.560,5.00
2024-02-10,2024,2,10,41,276,1380.0,95.8,67.67,74.48,2024-02-10T14:30:00-06:00,62.24,2024-02-10T04:05:00-06:00,64.49,67.53,61.56,90.00,99.00,72.00,1013.31,1016.50,1010.00,1.61,3.80,0.00,11.41,2024-02-10T16:50:00-06:00,192.8,SSW,SSW,0.0000,0.0000,0.0,0,,,2.590,5.00
2024-02-11,2024,2,11,42,287,1435.0,99.7,69.53,72.86,2024-02-11T11:20:00-06:00,67.10,2024-02-11T03:40:00-06:00,68.58,70.40,66.70,96.83,99.00,91.00,1007.81,1010.30,1005.10,2.15,4.47,0.00,10.51,2024-02-11T11:10:00-06:00,200.2,SSW,SSW,0.0355,0.0355,10.0,2,4.35,4.35,2.520,5.00
2024-02-12,2024,2,12,43,285,1425.0,99.0,60.07,69.98,2024-02-12T12:25:00-06:00,46.76,2024-02-12T23:25:00-06:00,53.37,69.33,38.56,79.95,99.00,52.00,1009.54,1017.20,1003.70,1.74,7.16,0.00,12.30,2024-02-12T03:00:00-06:00,156.0,SSE,ENE,2.3459,2.3459,250.0,2220,7.49,0.62,2.500,5.00
2024-02-13,2024,2,13,44,286,1430.0,99.3,51.43,64.22,2024-02-13T13:40:00-06:00,44.60,2024-02-13T23:45:00-06:00,42.98,48.89,37.51,73.92,97.00,46.00,1020.52,1023.00,1017.20,1.32,3.13,0.00,8.72,2024-02-13T14:10:00-06:00,66.1,ENE,NE,0.0000,0.0000,0.0,0,,,2.540,5.00
2024-02-14,2024,2,14,45,279,1395.0,96.9,51.77,66.20,2024-02-14T11:20:00-06:00,39.02,2024-02-14T05:50:00-06:00,43.94,47.79,38.76,77.54,99.00,42.00,1022.66,1025.10,1020.10,1.14,3.80,0.00,8.95,2024-02-14T14:15:00-06:00,187.6,S,NE,0.0000,0.0000,0.0,0,,,2.590,5.00
2024-02-15,2024,2,15,46,287,1435.0,99.7,56.47,66.20,2024-02-15T11:45:00-06:00,48.92,2024-02-15T05:00:00-06:00,51.50,55.06,46.88,84.20,96.00,65.00,1021.20,1023.90,1019.20,0.81,3.13,0.00,7.16,2024-02-15T12:40:00-06:00,175.4,S,SSW,0.0000,0.0000,0.0,0,,,2.580,5.00
2024-02-16,2024,2,16,47,286,1430.0,99.3,58.00,62.24,2024-02-16T12:35:00-06:00,54.14,2024-02-16T05:35:00-06:00,56.79,60.30,53.31,95.84,99.00,78.00,1015.83,1019.40,1012.30,0.58,2.68,0.00,6.93,2024-02-16T17:45:00-06:00,161.1,SSE,NE,0.0671,0.0671,295.0,0,,,2.470,5.00
2024-02-17,2024,2,17,48,286,1430.0,99.3,49.19,59.72,2024-02-17T03:30:00-06:00,42.08,2024-02-17T23:30:00-06:00,44.39,59.44,31.16,84.03,99.00,65.00,1016.51,1020.40,1012.00,2.33,5.37,0.00,10.07,2024-02-17T07:50:00-06:00,52.2,NE,NE,0.1363,0.1363,125.0,0,,,2.400,5.00
2024-02-18,2024,2,18,49,284,1420.0,98.6,45.18,60.44,2024-02-18T16:15:00-06:00,36.14,2024-02-18T06:50:00-06:00,30.91,36.09,25.40,60.49,86.00,27.00,1019.86,1021.40,1017.70,1.70,4.25,0.00,9.40,2024-02-18T09:40:00-06:00,52.5,NE,NE,0.0000,0.0000,0.0,0,,,2.380,5.00
2024-02-19,2024,2,19,50,286,1430.0,99.3,47.63,61.88,2024-02-19T11:15:00-06:00,33.98,2024-02-19T06:50:00-06:00,34.26,43.43,28.81,63.09,90.00,31.00,1022.36,1024.30,1020.90,1.08,4.25,0.00,7.61,2024-02-19T12:10:00-06:00,171.3,S,NE,0.0000,0.0000,0.0,0,,,2.450,5.00
2024-02-20,2024,2,20,51,280,1400.0,97.2,54.24,68.90,2024-02-20T16:20:00-06:00,38.84,2024-02-20T06:30:00-06:00,47.51,55.37,37.80,79.58,97.00,58.00,1023.92,1026.10,1022.40,1.12,3.36,0.00,7.61,2024-02-20T14:00:00-06:00,202.4,SSW,SSW,0.0000,0.0000,0.0,0,,,2.610,5.00
2024-02-21,2024,2,21,52,287,1435.0,99.7,58.89,72.14,2024-02-21T14:50:00-06:00,46.22,2024-02-21T05:45:00-06:00,53.14,60.02,45.95,83.12,99.00,55.00,1022.16,1025.50,1017.80,1.63,4.25,0.00,10.29,2024-02-21T15:10:00-06:00,201.4,SSW,SSW,0.0000,0.0000,0.0,0,,,2.600,5.00
2024-02-22,2024,2,22,53,280,1400.0,97.2,62.05,73.04,2024-02-22T14:35:00-06:00,51.08,2024-02-22T04:30:00-06:00,58.63,63.35,51.08,89.42,100.00,70.00,1013.49,1018.10,1008.90,1.89,4.92,0.00,12.08,2024-02-22T14:35:00-06:00,210.2,SSW,SSW,0.0000,0.0000,0.0,0,,,2.580,5.00
2024-02-23,2024,2,23,54,287,1435.0,99.7,66.47,79.16,2024-02-23T13:05:00-06:00,52.88,2024-02-23T23:45:00-06:00,56.04,63.99,45.52,73.55,100.00,34.00,1010.47,1015.70,1007.70,0.93,3.58,0.00,8.28,2024-02-23T15:00:00-06:00,99.1,E,ENE,0.0015,0.0015,5.0,0,,,2.580,5.00
2024-02-24,2024,2,24,55,287,1435.0,99.7,60.55,79.34,2024-02-24T12:45:00-06:00,44.06,2024-02-24T06:30:00-06:00,43.76,53.58,38.31,60.54,94.00,25.00,1017.79,1019.90,1015.70,0.65,3.58,0.00,9.40,2024-02-24T10:35:00-06:00,168.7,SSE,SSW,0.0000,0.0000,0.0,0,,,2.590,5.00
2024-02-25,2024,2,25,56,287,1435.0,99.7,60.03,74.84,2024-02-25T15:30:00-06:00,42.44,2024-02-25T06:30:00-06:00,46.31,55.96,39.85,64.57,92.00,31.00,1019.68,1021.70,1017.30,1.62,4.47,0.00,11.41,2024-02-25T12:20:00-06:00,201.3,SSW,SSW,0.0000,0.0000,0.0,0,,,2.580,5.00
2024-02-26,2024,2,26,57,280,1400.0,97.2,64.30,76.82,2024-02-26T14:30:00-06:00,50.00,2024-02-26T05:10:00-06:00,59.61,65.14,49.46,85.90,100.00,65.00,1016.81,1019.10,1014.00,2.31,4.92,0.00,10.74,2024-02-26T19:55:00-06:00,215.0,SW,SW,0.0000,0.0000,0.0,0,,,2.590,5.00
2024-02-27,2024,2,27,58,287,1435.0,99.7,69.34,76.46,2024-02-27T14:50:00-06:00,63.50,2024-02-27T03:10:00-06:00,65.79,67.67,63.50,89.03,100.00,72.00,1012.57,1014.60,1011.00,3.23,5.37,0.00,12.53,2024-02-27T14:50:00-06:00,215.7,SW,SW,0.0000,0.0000,0.0,0,,,2.580,5.00
2024-02-28,2024,2,28,59,279,1395.0,96.9,68.05,79.34,2024-02-28T15:20:00-06:00,55.94,2024-02-28T23:10:00-06:00,60.87,69.59,41.54,79.05,97.00,49.00,1016.53,1023.70,1011.40,2.50,5.14,0.00,12.08,2024-02-28T20:55:00-06:00,173.2,S,SSW,0.0000,0.0000,0.0,0,,,2.550,5.00
2024-02-29,2024,2,29,60,283,1415.0,98.3,54.41,58.64,2024-02-29T12:55:00-06:00,49.10,2024-02-29T23:45:00-06:00,34.37,42.08,30.13,46.94,73.00,38.00,1023.90,1026.90,1020.30,2.00,3.80,0.00,10.74,2024-02-29T01:05:00-06:00,57.0,ENE,NE,0.0000,0.0000,0.0,5,3.36,3.11,2.470,5.00
2024-03-01,2024,3,1,61,286,1430.0,99.3,53.29,58.28,2024-03-01T16:45:00-06:00,45.32,2024-03-01T00:55:00-06:00,53.11,58.28,43.70,99.33,100.00,88.00,1018.05,1021.20,1016.70,1.05,2.24,0.00,6.49,2024-03-01T02:35:00-06:00,65.4,ENE,ENE,1.0693,1.0693,520.0,104,6.34,1.24,2.390,5.00
2024-03-02,2024,3,2,62,282,1410.0,97.9,59.53,68.90,2024-03-02T15:00:00-06:00,53.78,2024-03-02T04:00:00-06:00,58.40,63.99,53.51,96.25,100.00,83.00,1017.67,1019.80,1016.10,1.16,4.70,0.00,5.14,2024-03-02T15:35:00-06:00,107.0,ESE,ENE,0.0000,0.0000,0.0,0,,,2.370,5.00
2024-03-03,2024,3,3,63,281,1405.0,97.6,68.28,78.08,2024-03-03T15:45:00-06:00,61.70,2024-03-03T06:55:00-06:00,65.27,69.26,61.42,90.73,99.00,72.00,1015.99,1017.80,1014.50,1.05,4.03,0.00,7.83,2024-03-03T13:05:00-06:00,175.7,S,S,0.0047,0.0047,5.0,0,,,2.350,5.00
2024-03-04,2024,3,4,64,287,1435.0,99.7,67.83,73.04,2024-03-04T11:25:00-06:00,63.32,2024-03-04T23:55:00-06:00,67.17,71.11,63.03,97.78,99.00,89.00,1013.64,1016.10,1010.10,0.57,1.79,0.00,2.91,2024-03-04T12:55:00-06:00,109.4,ESE,E,0.0000,0.0000,0.0,99,14.52,1.24,2.340,5.00
2024-03-05,2024,3,5,65,277,1385.0,96.2,64.91,70.52,2024-03-05T13:25:00-06:00,58.82,2024-03-05T23:45:00-06:00,64.00,68.19,58.54,96.95,99.00,88.00,1010.10,1012.80,1006.40,,,,,,,,,0.0000,0.0000,0.0,0,,,2.330,5.00
2024-03-06,2024,3,6,66,284,1420.0,98.6,65.72,79.88,2024-03-06T12:40:00-06:00,57.38,2024-03-06T04:55:00-06:00,61.60,68.77,57.10,87.92,99.00,60.00,1011.34,1013.00,1009.50,1.04,4.25,0.00,7.16,2024-03-06T15:05:00-06:00,213.8,SW,SW,0.0000,0.0000,0.0,0,,,2.340,5.00
2024-03-07,2024,3,7,67,275,1375.0,95.5,66.68,78.98,2024-03-07T11:15:00-06:00,56.84,2024-03-07T04:40:00-06:00,61.47,65.80,56.36,84.86,100.00,59.00,1012.13,1013.70,1010.80,1.20,4.70,0.00,10.07,2024-03-07T12:05:00-06:00,173.6,S,E,0.0000,0.0000,0.0,0,,,2.370,5.00
2024-03-08,2024,3,8,68,287,1435.0,99.7,67.98,74.66,2024-03-08T12:40:00-06:00,61.88,2024-03-08T22:40:00-06:00,67.37,72.50,61.88,97.98,100.00,93.00,1007.30,1010.60,1003.20,2.01,6.93,0.00,9.17,2024-03-08T07:30:00-06:00,195.4,SSW,S,0.3610,0.3610,255.0,703,15.13,3.11,2.370,5.00
2024-03-09,2024,3,9,69,285,1425.0,99.0,62.53,68.18,2024-03-09T13:20:00-06:00,55.76,2024-03-09T23:50:00-06:00,58.38,62.24,48.48,86.90,100.00,72.00,1012.46,1018.50,1006.70,1.39,3.36,0.00,5.37,2024-03-09T04:20:00-06:00,50.1,NE,NE,0.0000,0.0000,0.0,0,,,2.350,5.00
2024-03-10,2024,3,10,70,264,1320.0,95.7,57.71,70.16,2024-03-10T16:25:00-05:00,46.58,2024-03-10T07:35:00-05:00,44.96,48.49,40.28,65.67,96.00,35.00,1021.08,1023.00,1018.80,1.22,2.91,0.00,6.49,2024-03-10T12:20:00-05:00,71.3,ENE,ENE,0.0000,0.0000,0.0,0,,,2.340,5.00
2024-03-11,2024,3,11,71,287,1435.0,99.7,56.46,69.80,2024-03-11T14:05:00-05:00,48.20,2024-03-11T02:35:00-05:00,43.82,49.36,39.14,64.83,91.00,35.00,1023.37,1025.50,1022.10,1.10,4.25,0.00,6.93,2024-03-11T09:00:00-05:00,116.0,ESE,NE,0.0000,0.0000,0.0,0,,,2.400,5.00
2024-03-12,2024,3,12,72,286,1430.0,99.3,59.17,71.96,2024-03-12T11:15:00-05:00,44.60,2024-03-12T06:50:00-05:00,52.75,58.15,44.34,81.33,100.00,52.00,1019.72,1022.10,1016.40,1.25,3.58,0.00,10.51,2024-03-12T14:40:00-05:00,184.9,S,SSW,0.0000,0.0000,0.0,0,,,2.410,5.00
2024-03-13,2024,3,13,73,286,1430.0,99.3,64.79,75.20,2024-03-13T12:50:00-05:00,55.58,2024-03-13T03:55:00-05:00,59.98,63.78,55.02,85.50,99.00,63.00,1015.59,1017.40,1014.10,1.29,3.80,0.00,8.50,2024-03-13T15:25:00-05:00,182.6,S,S,0.0000,0.0000,0.0,0,,,2.480,5.00
2024-03-14,2024,3,14,74,286,1430.0,99.3,71.69,82.58,2024-03-14T13:05:00-05:00,61.70,2024-03-14T03:35:00-05:00,68.83,74.79,61.02,91.14,99.00,77.00,1014.94,1016.70,1013.50,1.42,3.80,0.00,8.50,2024-03-14T16:05:00-05:00,191.2,S,S,0.0048,0.0048,15.0,0,,,2.460,5.00
2024-03-15,2024,3,15,75,287,1435.0,99.7,69.81,83.30,2024-03-15T11:40:00-05:00,62.60,2024-03-15T23:50:00-05:00,68.43,75.23,62.15,95.56,99.00,76.00,1015.15,1020.00,1012.90,1.13,6.93,0.00,10.74,2024-03-15T12:55:00-05:00,165.2,SSE,S,1.6243,1.6243,285.0,3890,8.37,1.24,2.460,5.00
2024-03-16,2024,3,16,76,280,1400.0,97.2,66.32,73.76,2024-03-16T17:05:00-05:00,59.90,2024-03-16T07:05:00-05:00,63.58,66.69,59.62,91.45,99.00,76.00,1014.67,1017.80,1012.60,0.75,2.91,0.00,5.59,2024-03-16T12:15:00-05:00,162.4,SSE,NE,0.1016,0.1016,85.0,0,,,2.440,5.00
2024-03-17,2024,3,17,77,277,1385.0,96.2,63.87,69.26,2024-03-17T17:30:00-05:00,60.80,2024-03-17T05:50:00-05:00,63.00,66.27,60.49,97.04,99.00,89.00,1011.54,1014.10,1009.60,0.36,2.24,0.00,5.37,2024-03-17T13:50:00-05:00,57.8,ENE,ENE,1.2363,1.2363,315.0,550,14.38,0.00,2.410,5.00
2024-03-18,2024,3,18,78,287,1435.0,99.7,60.64,69.98,2024-03-18T13:15:00-05:00,48.38,2024-03-18T23:55:00-05:00,45.56,61.13,30.57,61.47,98.00,33.00,1017.68,1022.70,1013.10,1.50,3.58,0.00,8.72,2024-03-18T14:30:00-05:00,39.7,NE,NE,0.0000,0.0000,0.0,0,,,2.390,5.00
2024-03-19,2024,3,19,79,286,1430.0,99.3,49.27,60.98,2024-03-19T13:05:00-05:00,36.14,2024-03-19T07:20:00-05:00,35.20,43.73,26.97,60.69,92.00,30.00,1021.98,1025.80,1019.10,0.92,4.03,0.00,9.62,2024-03-19T14:55:00-05:00,134.8,SE,NE,0.0000,0.0000,0.0,0,,,2.420,5.00
2024-03-20,2024,3,20,80,277,1385.0,96.2,55.32,68.18,2024-03-20T13:45:00-05:00,42.62,2024-03-20T06:55:00-05:00,43.71,50.91,36.25,69.78,100.00,32.00,1018.73,1021.00,1016.50,0.61,3.36,0.00,6.04,2024-03-20T14:05:00-05:00,165.2,SSE,S,0.0000,0.0000,0.0,0,,,2.480,5.00
2024-03-21,2024,3,21,81,286,1430.0,99.3,56.67,65.66,2024-03-21T10:25:00-05:00,47.84,2024-03-21T07:00:00-05:00,51.64,55.97,46.54,84.89,100.00,51.00,1016.53,1019.00,1013.20,0.49,2.24,0.00,4.25,2024-03-21T14:40:00-05:00,99.2,E,NE,0.3396,0.3396,235.0,0,,,2.440,5.00
2024-03-22,2024,3,22,82,277,1385.0,96.2,62.76,73.22,2024-03-22T15:30:00-05:00,54.50,2024-03-22T02:00:00-05:00,58.48,64.04,54.22,87.02,99.00,65.00,1008.73,1013.00,1005.70,0.88,3.13,0.00,8.05,2024-03-22T12:30:00-05:00,145.5,SE,NE,0.8418,0.8418,195.0,61,7.27,1.86,2.400,5.00
2024-03-23,2024,3,23,83,284,1420.0,98.6,64.48,75.74,2024-03-23T15:40:00-05:00,57.02,2024-03-23T06:10:00-05:00,54.18,58.61,49.32,70.89,89.00,48.00,1012.78,1016.00,1008.60,1.00,3.36,0.00,8.95,2024-03-23T10:05:00-05:00,42.2,NE,NE,0.0000,0.0000,0.0,0,,,2.410,5.00
2024-03-24,2024,3,24,84,285,1425.0,99.0,59.63,67.28,2024-03-24T16:45:00-05:00,48.74,2024-03-24T07:30:00-05:00,52.54,61.65,43.72,77.96,89.00,58.00,1012.92,1015.90,1009.30,1.29,2.68,0.00,6.71,2024-03-24T13:25:00-05:00,114.7,ESE,NE,0.0000,0.0000,0.0,0,,,2.420,5.00
2024-03-25,2024,3,25,85,287,1435.0,99.7,69.79,74.30,2024-03-25T11:10:00-05:00,65.30,2024-03-25T00:00:00-05:00,65.45,69.14,60.85,86.23,96.00,78.00,1006.58,1010.00,1003.60,2.27,5.14,0.00,11.41,2024-03-25T17:20:00-05:00,166.8,SSE,SSE,0.0000,0.0000,35.0,0,,,2.380,5.00
2024-03-26,2024,3,26,86,279,1395.0,96.9,63.91,75.56,2024-03-26T13:35:00-05:00,55.22,2024-03-26T07:00:00-05:00,59.80,69.68,55.12,87.65,100.00,54.00,1009.07,1012.40,1004.00,1.11,3.58,0.00,6.93,2024-03-26T14:40:00-05:00,106.3,ESE,S,0.2958,0.2958,130.0,48,10.47,1.86,2.370,5.00
2024-03-27,2024,3,27,87,287,1435.0,99.7,60.35,71.78,2024-03-27T15:20:00-05:00,51.98,2024-03-27T07:10:00-05:00,51.01,56.92,47.47,73.11,100.00,49.00,1015.04,1018.50,1011.50,0.98,3.13,0.00,5.37,2024-03-27T09:55:00-05:00,37.8,NE,NE,0.0000,0.0000,0.0,0,,,2.370,5.00
2024-03-28,2024,3,28,88,287,1435.0,99.7,59.51,74.48,2024-03-28T15:20:00-05:00,46.76,2024-03-28T06:00:00-05:00,42.15,48.26,35.36,57.99,86.00,25.00,1020.50,1022.80,1018.50,0.65,2.01,0.00,6.49,2024-03-28T14:00:00-05:00,41.9,NE,NE,0.0000,0.0000,0.0,0,,,2.370,5.00
2024-03-29,2024,3,29,89,287,1435.0,99.7,59.95,74.30,2024-03-29T13:20:00-05:00,44.60,2024-03-29T07:10:00-05:00,47.56,53.82,42.70,67.83,94.00,34.00,1020.82,1022.80,1018.50,0.82,3.13,0.00,9.84,2024-03-29T17:20:00-05:00,167.3,SSE,S,0.0000,0.0000,0.0,0,,,2.400,5.00
2024-03-30,2024,3,30,90,287,1435.0,99.7,65.30,77.90,2024-03-30T13:35:00-05:00,52.70,2024-03-30T05:45:00-05:00,58.65,63.88,52.33,80.79,100.00,54.00,1018.20,1020.10,1016.80,0.83,3.58,0.00,8.50,2024-03-30T16:30:00-05:00,176.5,S,S,0.0000,0.0000,0.0,0,,,2.420,5.00
2024-03-31,2024,3,31,91,287,1435.0,99.7,70.73,78.80,2024-03-31T13:35:00-05:00,65.12,2024-03-31T01:20:00-05:00,65.32,68.08,61.71,83.60,93.00,65.00,1016.28,1018.80,1013.40,0.86,2.91,0.00,8.50,2024-03-31T18:10:00-05:00,166.1,SSE,S,0.0000,0.0000,5.0,0,,,2.580,5.00
2024-04-01,2024,4,1,92,288,1440.0,100.0,73.22,79.34,2024-04-01T12:25:00-05:00,68.90,2024-04-01T05:35:00-05:00,68.44,70.21,67.19,85.52,96.00,70.00,1012.58,1014.50,1009.60,1.16,3.58,0.00,8.95,2024-04-01T13:30:00-05:00,165.7,SSE,SSE,0.0000,0.0000,0.0,0,,,2.610,5.00
2024-04-02,2024,4,2,93,287,1435.0,99.7,74.05,78.44,2024-04-02T14:00:00-05:00,69.08,2024-04-02T07:20:00-05:00,70.23,72.14,67.59,88.01,96.00,79.00,1007.14,1009.70,1004.00,0.95,2.68,0.00,7.83,2024-04-02T01:25:00-05:00,166.9,SSE,SSW,0.0000,0.0000,5.0,0,,,2.580,5.00
2024-04-03,2024,4,3,94,287,1435.0,99.7,65.64,74.48,2024-04-03T15:30:00-05:00,55.76,2024-04-03T08:20:00-05:00,48.13,68.69,40.44,55.03,90.00,34.00,1008.02,1010.70,1005.10,0.84,2.46,0.00,8.05,2024-04-03T11:15:00-05:00,359.2,N,NNE,0.0000,0.0000,0.0,0,,,2.610,5.00
2024-04-04,2024,4,4,95,287,1435.0,99.7,61.95,76.10,2024-04-04T15:00:00-05:00,44.78,2024-04-04T07:05:00-05:00,42.03,54.13,34.78,51.69,88.00,26.00,1012.70,1014.50,1010.80,0.68,3.36,0.00,8.28,2024-04-04T12:40:00-05:00,322.6,NW,NE,0.0000,0.0000,0.0,0,,,2.640,5.00
2024-04-05,2024,4,5,96,287,1435.0,99.7,66.63,79.70,2024-04-05T13:15:00-05:00,54.50,2024-04-05T07:25:00-05:00,53.04,58.29,43.74,65.48,95.00,31.00,1015.92,1018.00,1014.40,0.47,2.01,0.00,7.83,2024-04-05T14:35:00-05:00,230.4,SW,SW,0.0000,0.0000,0.0,0,,,2.610,5.00
2024-04-06,2024,4,6,97,287,1435.0,99.7,64.01,74.66,2024-04-06T11:45:00-05:00,54.68,2024-04-06T07:10:00-05:00,54.27,60.91,45.37,72.68,96.00,43.00,1017.01,1018.90,1015.00,0.72,3.58,0.00,8.95,2024-04-06T12:50:00-05:00,184.8,S,SSW,0.0000,0.0000,0.0,0,,,2.650,5.00
2024-04-07,2024,4,7,98,287,1435.0,99.7,70.32,77.54,2024-04-07T14:15:00-05:00,62.24,2024-04-07T00:05:00-05:00,66.08,68.17,61.08,87.23,100.00,69.00,1015.10,1017.00,1013.10,0.88,3.36,0.00,9.62,2024-04-07T14:55:00-05:00,171.0,S,S,0.0000,0.0000,0.0,0,,,2.650,5.00
2024-04-08,2024,4,8,99,288,1440.0,100.0,69.54,72.68,2024-04-08T12:55:00-05:00,68.00,2024-04-08T17:35:00-05:00,67.79,69.33,65.45,94.27,100.00,84.00,1015.97,1018.40,1014.30,0.97,4.70,0.00,25.95,2024-04-08T17:10:00-05:00,300.5,WNW,S,0.1986,0.1986,105.0,41,6.59,2.49,2.570,5.00
2024-04-09,2024,4,9,100,287,1435.0,99.7,72.60,76.28,2024-04-09T15:45:00-05:00,69.62,2024-04-09T00:05:00-05:00,69.89,71.77,68.08,91.27,97.00,84.00,1011.93,1015.30,1009.60,1.28,2.68,0.00,12.08,2024-04-09T10:05:00-05:00,164.7,SSE,S,0.0000,0.0000,0.0,0,,,2.550,5.00
2024-04-10,2024,4,10,101,287,1435.0,99.7,68.47,72.86,2024-04-10T07:15:00-05:00,63.86,2024-04-10T12:00:00-05:00,67.77,71.72,63.57,97.65,100.00,93.00,1004.94,1009.70,1000.30,1.02,3.58,0.00,14.09,2024-04-10T08:00:00-05:00,157.4,SSE,SSE,8.6917,8.6917,445.0,1234,9.92,0.00,2.550,5.00
2024-04-11,2024,4,11,102,287,1435.0,99.7,64.06,72.86,2024-04-11T16:10:00-05:00,59.18,2024-04-11T23:30:00-05:00,56.96,68.54,51.29,79.36,100.00,47.00,1009.31,1017.00,1003.70,0.82,2.24,0.00,17.00,2024-04-11T00:15:00-05:00,2.0,N,NE,0.0000,0.0000,0.0,0,,,2.550,5.00
2024-04-12,2024,4,12,103,259,1295.0,89.9,65.74,79.52,2024-04-12T15:45:00-05:00,50.36,2024-04-12T06:45:00-05:00,49.44,57.38,40.82,60.78,98.00,30.00,1021.91,1024.80,1017.10,0.70,2.24,0.00,6.49,2024-04-12T09:45:00-05:00,51.9,NE,NE,0.0000,0.0000,0.0,0,,,2.540,5.00
2024-04-13,2024,4,13,104,262,1310.0,91.0,66.52,77.72,2024-04-13T16:30:00-05:00,50.36,2024-04-13T06:55:00-05:00,54.25,61.23,47.13,68.25,100.00,39.00,1024.12,1026.50,1022.00,0.95,3.13,0.00,8.28,2024-04-13T11:45:00-05:00,191.0,S,SSW,0.0000,0.0000,0.0,0,,,2.630,5.00
2024-04-14,2024,4,14,105,287,1435.0,99.7,68.26,77.72,2024-04-14T14:30:00-05:00,55.94,2024-04-14T06:55:00-05:00,60.30,64.05,55.66,77.55,100.00,53.00,1019.88,1022.00,1017.20,0.87,2.91,0.00,10.07,2024-04-14T14:05:00-05:00,167.6,SSE,S,0.0000,0.0000,0.0,0,,,2.640,5.00
2024-04-15,2024,4,15,106,287,1435.0,99.7,71.33,80.60,2024-04-15T14:50:00-05:00,60.62,2024-04-15T07:15:00-05:00,65.80,69.86,60.34,83.91,99.00,62.00,1016.39,1018.20,1015.20,1.02,2.68,0.00,8.05,2024-04-15T11:45:00-05:00,165.3,SSE,SSE,0.0000,0.0000,0.0,0,,,2.640,5.00
2024-04-16,2024,4,16,107,287,1435.0,99.7,73.72,79.88,2024-04-16T13:40:00-05:00,67.10,2024-04-16T05:50:00-05:00,69.49,70.91,66.81,87.16,100.00,71.00,1015.97,1017.30,1014.50,1.39,3.58,0.00,9.84,2024-04-16T11:30:00-05:00,162.5,SSE,SSE,0.0000,0.0000,0.0,0,,,2.610,5.00
2024-04-17,2024,4,17,108,287,1435.0,99.7,74.03,77.54,2024-04-17T14:50:00-05:00,70.52,2024-04-17T06:55:00-05:00,71.34,72.73,70.22,91.54,100.00,80.00,1016.59,1018.50,1014.60,0.66,2.46,0.00,7.16,2024-04-17T12:00:00-05:00,150.3,SSE,SE,0.0000,0.0000,0.0,0,,,2.620,5.00
2024-04-18,2024,4,18,109,287,1435.0,99.7,74.46,79.16,2024-04-18T16:45:00-05:00,70.34,2024-04-18T05:05:00-05:00,71.83,73.75,70.05,91.89,100.00,76.00,1016.48,1018.20,1013.70,0.54,2.46,0.00,7.38,2024-04-18T09:55:00-05:00,155.7,SSE,SSE,0.0000,0.0000,0.0,0,,,2.600,5.00
2024-04-19,2024,4,19,110,288,1440.0,100.0,76.60,82.22,2024-04-19T14:25:00-05:00,71.42,2024-04-19T01:00:00-05:00,72.39,74.24,69.56,87.70,100.00,66.00,1016.26,1018.40,1015.00,0.53,2.01,0.00,6.49,2024-04-19T15:25:00-05:00,162.4,SSE,S,0.0000,0.0000,0.0,0,,,2.580,5.00
2024-04-20,2024,4,20,111,287,1435.0,99.7,76.17,83.48,2024-04-20T13:00:00-05:00,66.20,2024-04-20T23:55:00-05:00,71.06,74.08,63.98,85.11,100.00,61.00,1015.48,1017.90,1013.20,0.79,2.68,0.00,7.61,2024-04-20T15:35:00-05:00,137.2,SE,NE,0.0000,0.0000,0.0,6,8.18,3.73,2.610,5.00
2024-04-21,2024,4,21,112,287,1435.0,99.7,63.06,71.78,2024-04-21T16:10:00-05:00,56.66,2024-04-21T09:10:00-05:00,53.93,63.94,45.65,73.92,95.00,50.00,1017.36,1021.00,1012.40,1.22,2.91,0.00,8.72,2024-04-21T11:00:00-05:00,42.5,NE,NE,0.0005,0.0005,5.0,0,,,2.640,5.00
2024-04-22,2024,4,22,113,287,1435.0,99.7,60.24,73.76,2024-04-22T15:35:00-05:00,48.74,2024-04-22T06:50:00-05:00,43.48,48.41,37.85,56.42,83.00,33.00,1021.14,1023.50,1019.10,0.90,2.46,0.00,8.28,2024-04-22T10:30:00-05:00,22.3,NNE,NE,0.0000,0.0000,0.0,0,,,2.610,5.00
2024-04-23,2024,4,23,114,288,1440.0,100.0,62.22,74.30,2024-04-23T16:30:00-05:00,48.02,2024-04-23T06:50:00-05:00,51.31,57.14,45.40,70.12,93.00,45.00,1019.89,1021.70,1017.80,0.97,3.36,0.00,9.17,2024-04-23T11:10:00-05:00,191.3,SSW,SSW,0.0000,0.0000,0.0,0,,,2.600,5.00
2024-04-24,2024,4,24,115,287,1435.0,99.7,67.95,78.44,2024-04-24T16:10:00-05:00,55.22,2024-04-24T06:00:00-05:00,59.54,65.58,54.66,76.70,99.00,49.00,1019.12,1020.80,1018.20,0.61,2.46,0.00,7.61,2024-04-24T12:25:00-05:00,189.1,S,SSW,0.0000,0.0000,0.0,0,,,2.650,5.00
2024-04-25,2024,4,25,116,285,1425.0,99.0,71.93,80.78,2024-04-25T14:40:00-05:00,61.34,2024-04-25T06:20:00-05:00,64.83,68.57,61.06,80.12,100.00,53.00,1018.10,1019.70,1015.90,0.80,2.68,0.00,8.05,2024-04-25T12:20:00-05:00,164.0,SSE,SSE,0.0000,0.0000,0.0,0,,,2.650,5.00
2024-04-26,2024,4,26,117,287,1435.0,99.7,74.53,81.50,2024-04-26T15:00:00-05:00,67.64,2024-04-26T05:55:00-05:00,68.65,71.53,65.81,82.66,97.00,63.00,1015.47,1016.70,1013.80,1.36,3.36,0.00,10.96,2024-04-26T22:55:00-05:00,162.5,SSE,SSE,0.0000,0.0000,0.0,0,,,2.630,5.00
2024-04-27,2024,4,27,118,287,1435.0,99.7,75.57,81.68,2024-04-27T13:40:00-05:00,70.70,2024-04-27T23:50:00-05:00,69.42,71.53,67.21,81.62,92.00,68.00,1017.42,1018.90,1015.50,1.21,3.36,0.00,10.96,2024-04-27T12:40:00-05:00,158.8,SSE,SSE,0.0000,0.0000,0.0,0,,,2.620,5.00
2024-04-28,2024,4,28,119,287,1435.0,99.7,75.20,81.14,2024-04-28T13:40:00-05:00,70.34,2024-04-28T00:20:00-05:00,70.17,72.72,67.04,84.62,93.00,74.00,1015.66,1017.50,1014.10,1.31,3.58,0.00,10.96,2024-04-28T11:35:00-05:00,165.7,SSE,S,0.0002,0.0002,10.0,0,,,2.650,5.00
2024-04-29,2024,4,29,120,287,1435.0,99.7,70.27,76.10,2024-04-29T09:10:00-05:00,64.40,2024-04-29T10:50:00-05:00,68.78,72.77,64.29,95.15,100.00,81.00,1013.76,1016.90,1010.20,0.62,2.68,0.00,9.17,2024-04-29T08:40:00-05:00,152.2,SSE,S,0.5378,0.5378,175.0,1,3.11,3.11,2.620,5.00
2024-04-30,2024,4,30,121,287,1435.0,99.7,72.99,85.64,2024-04-30T14:05:00-05:00,61.52,2024-04-30T06:35:00-05:00,66.13,70.80,61.24,81.78,100.00,48.00,1012.99,1015.00,1011.60,0.33,1.79,0.00,10.96,2024-04-30T12:05:00-05:00,18.0,NNE,NE,0.0000,0.0000,0.0,0,,,2.560,5.00
2024-05-01,2024,5,1,122,287,1435.0,99.7,74.63,85.46,2024-05-01T16:25:00-05:00,62.78,2024-05-01T06:25:00-05:00,68.93,74.77,62.49,84.25,100.00,54.00,1012.86,1014.50,1011.40,0.52,2.91,0.00,7.83,2024-05-01T12:35:00-05:00,162.7,SSE,SSW,0.0000,0.0000,0.0,0,,,2.630,5.00
2024-05-02,2024,5,2,123,287,1435.0,99.7,76.64,82.40,2024-05-02T14:05:00-05:00,69.98,2024-05-02T06:10:00-05:00,73.03,74.72,69.69,89.10,100.00,72.00,1011.64,1013.40,1009.00,0.62,2.46,0.00,7.83,2024-05-02T09:55:00-05:00,144.5,SE,SE,0.0082,0.0082,60.0,0,,,2.650,5.00
2024-05-03,2024,5,3,124,287,1435.0,99.7,73.50,78.62,2024-05-03T16:15:00-05:00,67.64,2024-05-03T23:50:00-05:00,70.60,75.13,66.81,91.11,100.00,70.00,1013.18,1016.40,1011.10,0.20,1.57,0.00,5.59,2024-05-03T10:35:00-05:00,163.9,SSE,S,0.1969,0.1969,200.0,14,11.81,9.32,2.620,5.00
2024-05-04,2024,5,4,125,288,1440.0,100.0,75.56,84.74,2024-05-04T15:15:00-05:00,66.38,2024-05-04T05:35:00-05:00,70.93,74.59,66.09,86.64,100.00,67.00,1014.56,1016.10,1013.60,0.44,2.46,0.00,7.16,2024-05-04T14:25:00-05:00,149.4,SSE,S,0.0000,0.0000,0.0,0,,,2.650,5.00
2024-05-05,2024,5,5,126,287,1435.0,99.7,77.10,84.56,2024-05-05T13:40:00-05:00,69.26,2024-05-05T06:35:00-05:00,72.18,74.96,68.75,85.77,100.00,61.00,1014.31,1017.00,1012.80,0.64,2.68,0.00,7.83,2024-05-05T09:30:00-05:00,150.4,SSE,SE,0.0000,0.0000,0.0,0,,,2.650,5.00
2024-05-06,2024,5,6,127,287,1435.0,99.7,79.23,86.18,2024-05-06T15:20:00-05:00,73.76,2024-05-06T06:15:00-05:00,74.35,75.84,73.16,85.69,98.00,67.00,1012.65,1014.40,1010.50,0.99,2.91,0.00,8.95,2024-05-06T15:30:00-05:00,147.1,SSE,SE,0.0000,0.0000,0.0,0,,,2.650,5.00
2024-05-07,2024,5,7,128,287,1435.0,99.7,80.70,85.46,2024-05-07T13:25:00-05:00,77.18,2024-05-07T04:55:00-05:00,76.01,77.43,75.06,86.08,95.00,72.00,1009.46,1011.50,1007.80,1.45,2.91,0.00,10.51,2024-05-07T12:30:00-05:00,147.3,SSE,SSE,0.0000,0.0000,0.0,0,,,2.640,5.00
2024-05-08,2024,5,8,129,286,1430.0,99.3,82.02,86.90,2024-05-08T15:10:00-05:00,78.62,2024-05-08T05:20:00-05:00,77.24,78.41,75.99,85.82,95.00,73.00,1007.82,1009.30,1006.40,1.82,3.58,0.00,9.40,2024-05-08T09:20:00-05:00,152.7,SSE,SE,0.0000,0.0000,0.0,0,,,2.610,5.00
2024-05-09,2024,5,9,130,287,1435.0,99.7,83.21,89.24,2024-05-09T16:00:00-05:00,79.52,2024-05-09T06:25:00-05:00,78.07,80.39,76.27,84.98,93.00,68.00,1008.04,1009.60,1006.30,1.15,2.46,0.00,8.95,2024-05-09T18:35:00-05:00,152.4,SSE,S,0.0000,0.0000,0.0,0,,,2.650,5.00
2024-05-10,2024,5,10,131,286,1430.0,99.3,80.61,89.78,2024-05-10T16:40:00-05:00,72.32,2024-05-10T08:00:00-05:00,72.71,79.10,62.46,78.53,100.00,51.00,1009.75,1012.80,1006.00,0.65,2.24,0.00,6.04,2024-05-10T13:40:00-05:00,41.9,NE,NE,0.0144,0.0144,35.0,54,15.12,3.73,2.640,5.00
2024-05-11,2024,5,11,132,287,1435.0,99.7,73.65,81.68,2024-05-11T14:05:00-05:00,67.10,2024-05-11T07:10:00-05:00,61.27,66.16,57.57,65.88,82.00,47.00,1013.02,1015.50,1011.20,0.65,2.46,0.00,6.71,2024-05-11T09:55:00-05:00,43.2,NE,NNE,0.0000,0.0000,0.0,0,,,2.610,5.00
2024-05-12,2024,5,12,133,287,1435.0,99.7,73.12,81.32,2024-05-12T13:45:00-05:00,67.46,2024-05-12T06:30:00-05:00,65.82,70.00,62.30,78.67,91.00,57.00,1012.34,1016.00,1008.90,0.44,2.24,0.00,7.16,2024-05-12T11:35:00-05:00,89.1,E,NE,0.0186,0.0186,30.0,14,4.31,3.73,2.650,5.00
2024-05-13,2024,5,13,134,287,1435.0,99.7,72.45,78.98,2024-05-13T08:40:00-05:00,66.20,2024-05-13T23:10:00-05:00,71.11,77.70,65.91,95.70,100.00,86.00,1008.12,1010.70,1004.70,1.19,5.37,0.00,16.78,2024-05-13T23:40:00-05:00,144.1,SE,ENE,3.1368,3.1368,410.0,3870,11.06,0.62,2.600,5.00
2024-05-14,2024,5,14,135,288,1440.0,100.0,75.94,82.76,2024-05-14T16:40:00-05:00,66.92,2024-05-14T00:00:00-05:00,70.96,73.55,66.63,85.22,99.00,69.00,1006.16,1008.50,1003.90,0.76,4.25,0.00,11.63,2024-05-14T01:20:00-05:00,194.1,SSW,SW,0.0237,0.0237,65.0,18,2.90,1.86,2.590,5.00
2024-05-15,2024,5,15,136,288,1440.0,100.0,76.96,89.42,2024-05-15T15:45:00-05:00,68.18,2024-05-15T06:25:00-05:00,67.30,70.87,63.15,75.08,100.00,43.00,1009.33,1011.00,1008.00,0.39,2.24,0.00,11.41,2024-05-15T15:35:00-05:00,52.4,NE,NE,0.0000,0.0000,0.0,0,,,2.610,5.00
2024-05-16,2024,5,16,137,287,1435.0,99.7,75.76,86.54,2024-05-16T12:25:00-05:00,66.20,2024-05-16T05:25:00-05:00,68.85,73.02,63.36,80.29,100.00,55.00,1008.74,1012.00,1004.70,0.72,4.70,0.00,18.12,2024-05-16T23:45:00-05:00,144.4,SE,SSW,2.5181,2.5181,185.0,1134,6.75,1.24,2.650,5.00
2024-05-17,2024,5,17,138,288,1440.0,100.0,76.46,83.84,2024-05-17T16:05:00-05:00,65.30,2024-05-17T01:20:00-05:00,74.79,79.66,65.01,94.77,100.00,85.00,1007.01,1011.00,1003.70,0.82,3.36,0.00,12.30,2024-05-17T00:35:00-05:00,101.3,ESE,NE,0.1313,0.1313,105.0,193,10.56,3.11,2.610,5.00
2024-05-18,2024,5,18,139,287,1435.0,99.7,74.82,80.42,2024-05-18T16:40:00-05:00,69.62,2024-05-18T08:05:00-05:00,71.62,75.38,68.49,90.41,100.00,72.00,1011.00,1013.10,1008.20,0.57,2.68,0.00,7.16,2024-05-18T14:40:00-05:00,160.7,SSE,SSW,0.7630,0.7630,340.0,68,7.35,0.62,2.550,5.00
2024-05-19,2024,5,19,140,287,1435.0,99.7,79.20,89.96,2024-05-19T15:10:00-05:00,69.62,2024-05-19T06:15:00-05:00,73.14,76.50,69.33,83.18,100.00,54.00,1012.57,1014.80,1010.60,0.61,2.68,0.00,10.74,2024-05-19T14:15:00-05:00,61.8,ENE,NE,0.0000,0.0000,0.0,0,,,2.650,5.00
2024-05-20,2024,5,20,141,287,1435.0,99.7,79.20,86.90,2024-05-20T15:15:00-05:00,70.70,2024-05-20T06:25:00-05:00,71.87,75.46,67.65,80.12,100.00,56.00,1012.20,1013.60,1011.20,0.77,3.36,0.00,9.40,2024-05-20T13:05:00-05:00,144.9,SE,SSW,0.0001,0.0001,5.0,0,,,2.650,5.00
2024-05-21,2024,5,21,142,287,1435.0,99.7,78.91,85.46,2024-05-21T13:30:00-05:00,71.78,2024-05-21T06:20:00-05:00,72.68,74.67,70.88,81.97,98.00,65.00,1012.52,1014.10,1010.90,0.84,3.58,0.00,11.63,2024-05-21T13:30:00-05:00,166.6,SSE,S,0.0000,0.0000,0.0,0,,,2.630,5.00
2024-05-22,2024,5,22,143,286,1430.0,99.3,79.10,86.18,2024-05-22T15:25:00-05:00,71.78,2024-05-22T02:10:00-05:00,71.74,73.33,69.17,79.09,95.00,58.00,1013.67,1016.70,1011.70,0.86,2.68,0.00,9.40,2024-05-22T15:45:00-05:00,153.4,SSE,SE,0.0000,0.0000,0.0,0,,,2.620,5.00
2024-05-23,2024,5,23,144,220,1100.0,76.4,79.76,87.44,2024-05-23T15:05:00-05:00,72.68,2024-05-23T06:50:00-05:00,73.22,76.23,70.61,81.30,95.00,63.00,1013.50,1016.50,1011.40,1.13,2.91,0.00,9.17,2024-05-23T09:15:00-05:00,121.8,ESE,ENE,0.0000,0.0000,0.0,0,,,2.620,5.00
2024-05-24,2024,5,24,145,149,745.0,51.7,85.49,88.34,2024-05-24T16:20:00-05:00,81.68,2024-05-24T23:50:00-05:00,76.52,77.78,75.58,74.88,88.00,68.00,1010.62,1012.10,1009.50,1.50,3.58,0.00,15.21,2024-05-24T12:50:00-05:00,156.0,SSE,SSW,0.0000,0.0000,0.0,0,,,2.620,5.00
2024-05-25,2024,5,25,146,287,1435.0,99.7,83.77,89.42,2024-05-25T16:10:00-05:00,80.24,2024-05-25T05:55:00-05:00,76.62,77.93,74.85,79.63,90.00,64.00,1011.42,1013.20,1009.60,1.00,2.24,0.00,7.83,2024-05-25T17:40:00-05:00,147.8,SSE,SSE,0.0000,0.0000,0.0,0,,,2.650,5.00
2024-05-26,2024,5,26,147,288,1440.0,100.0,83.49,87.98,2024-05-26T14:30:00-05:00,79.70,2024-05-26T05:15:00-05:00,76.49,77.78,75.32,79.83,89.00,69.00,1010.25,1012.70,1008.40,1.51,3.13,0.00,8.72,2024-05-26T11:30:00-05:00,159.9,SSE,SSE,0.0002,0.0002,10.0,0,,,2.620,5.00
2024-05-27,2024,5,27,148,287,1435.0,99.7,85.13,90.32,2024-05-27T16:15:00-05:00,81.50,2024-05-27T04:15:00-05:00,79.63,82.20,77.60,83.99,91.00,70.00,1011.89,1014.80,1009.20,0.82,2.24,0.00,7.83,2024-05-27T21:35:00-05:00,145.6,SE,SSE,0.0000,0.0000,0.0,0,,,2.640,5.00
2024-05-28,2024,5,28,149,286,1430.0,99.3,83.43,94.28,2024-05-28T13:15:00-05:00,71.78,2024-05-28T18:00:00-05:00,73.90,81.09,56.21,75.01,98.00,41.00,1016.44,1018.90,1014.60,0.34,2.24,0.00,10.51,2024-05-28T18:50:00-05:00,54.5,NE,ENE,0.3023,0.3023,35.0,51,5.98,1.86,2.650,5.00
2024-05-29,2024,5,29,150,287,1435.0,99.7,79.37,92.48,2024-05-29T13:40:00-05:00,69.98,2024-05-29T20:05:00-05:00,69.77,76.23,66.52,73.93,98.00,53.00,1017.22,1019.50,1015.30,0.27,2.68,0.00,8.05,2024-05-29T23:00:00-05:00,94.9,E,SE,0.1988,0.1988,125.0,1432,15.18,3.11,2.560,5.00
2024-05-30,2024,5,30,151,287,1435.0,99.7,74.42,85.28,2024-05-30T11:40:00-05:00,69.26,2024-05-30T01:10:00-05:00,71.59,77.55,68.04,91.29,100.00,75.00,1015.91,1018.90,1014.00,0.44,2.24,0.00,7.83,2024-05-30T01:50:00-05:00,66.6,ENE,NE,2.2333,2.2333,140.0,2435,7.41,1.86,2.580,5.00
2024-05-31,2024,5,31,152,286,1430.0,99.3,74.56,83.66,2024-05-31T13:05:00-05:00,68.72,2024-05-31T03:40:00-05:00,73.26,77.11,68.43,96.05,100.00,75.00,1014.63,1016.10,1012.10,0.91,4.03,0.00,13.42,2024-05-31T13:35:00-05:00,31.9,NNE,NE,1.4691,1.4691,495.0,1365,7.94,1.86,2.580,5.00
2024-06-01,2024,6,1,153,287,1435.0,99.7,77.80,85.82,2024-06-01T12:25:00-05:00,71.96,2024-06-01T18:15:00-05:00,75.76,80.25,71.06,93.71,100.00,79.00,1014.46,1016.00,1013.10,1.19,4.47,0.00,22.37,2024-06-01T12:35:00-05:00,97.9,E,ESE,1.0349,1.0349,310.0,556,12.31,1.86,2.530,5.00
2024-06-02,2024,6,2,154,287,1435.0,99.7,75.00,82.22,2024-06-02T14:00:00-05:00,71.96,2024-06-02T02:05:00-05:00,74.19,77.43,71.66,97.43,100.00,84.00,1014.63,1016.30,1013.10,0.18,2.68,0.00,6.93,2024-06-02T14:30:00-05:00,88.0,E,ESE,0.3492,0.3492,275.0,118,6.58,0.62,2.510,5.00
2024-06-03,2024,6,3,155,287,1435.0,99.7,80.78,87.08,2024-06-03T15:30:00-05:00,73.58,2024-06-03T00:05:00-05:00,76.14,78.55,73.28,86.67,100.00,67.00,1011.79,1014.50,1009.40,0.95,2.68,0.00,8.28,2024-06-03T11:15:00-05:00,91.2,E,E,0.0222,0.0222,20.0,0,,,2.550,5.00
2024-06-04,2024,6,4,156,287,1435.0,99.7,77.51,87.80,2024-06-04T13:40:00-05:00,68.90,2024-06-04T23:55:00-05:00,73.80,78.12,68.49,89.26,100.00,69.00,1010.69,1014.00,1008.80,1.40,7.38,0.00,21.47,2024-06-04T12:55:00-05:00,99.0,E,SE,0.5442,0.5442,200.0,58,6.24,1.86,2.560,5.00
2024-06-05,2024,6,5,157,287,1435.0,99.7,78.85,87.62,2024-06-05T14:25:00-05:00,67.64,2024-06-05T03:30:00-05:00,74.88,80.26,67.35,88.31,100.00,73.00,1009.07,1011.50,1006.80,1.01,4.25,0.00,12.30,2024-06-05T09:15:00-05:00,101.5,ESE,ESE,0.0000,0.0000,0.0,38,11.86,4.35,2.510,5.00
2024-06-06,2024,6,6,158,288,1440.0,100.0,79.89,84.20,2024-06-06T16:15:00-05:00,75.20,2024-06-06T09:25:00-05:00,76.85,78.64,74.25,90.64,98.00,74.00,1008.99,1010.30,1008.00,0.54,1.57,0.00,5.82,2024-06-06T01:55:00-05:00,90.8,E,ESE,0.2487,0.2487,70.0,98,11.72,3.73,2.550,5.00
2024-06-07,2024,6,7,159,287,1435.0,99.7,82.46,93.92,2024-06-07T16:20:00-05:00,73.22,2024-06-07T05:50:00-05:00,74.90,77.85,71.97,79.94,100.00,56.00,1011.38,1012.80,1010.30,0.65,2.24,0.00,4.92,2024-06-07T12:50:00-05:00,30.5,NNE,NNE,0.0000,0.0000,0.0,0,,,2.550,5.00
2024-06-08,2024,6,8,160,287,1435.0,99.7,81.02,91.04,2024-06-08T16:30:00-05:00,69.62,2024-06-08T06:20:00-05:00,71.39,76.73,65.62,73.69,89.00,54.00,1012.45,1014.70,1011.20,0.58,1.79,0.00,5.82,2024-06-08T12:25:00-05:00,90.8,E,E,0.0000,0.0000,0.0,0,,,2.560,5.00
2024-06-09,2024,6,9,161,287,1435.0,99.7,84.30,91.22,2024-06-09T16:05:00-05:00,76.28,2024-06-09T06:35:00-05:00,75.82,77.94,71.19,76.98,98.00,57.00,1011.41,1013.50,1009.00,0.50,2.01,0.00,6.26,2024-06-09T15:50:00-05:00,87.9,E,E,0.0000,0.0000,0.0,0,,,2.550,5.00
2024-06-10,2024,6,10,162,287,1435.0,99.7,83.95,91.04,2024-06-10T15:05:00-05:00,76.64,2024-06-10T06:15:00-05:00,76.54,78.95,71.97,79.34,97.00,55.00,1009.26,1010.80,1007.10,0.51,2.24,0.00,7.16,2024-06-10T17:00:00-05:00,82.3,E,E,0.0000,0.0000,0.0,0,,,2.630,5.00
2024-06-11,2024,6,11,163,287,1435.0,99.7,82.48,91.76,2024-06-11T16:25:00-05:00,74.66,2024-06-11T06:25:00-05:00,72.27,76.66,68.96,72.78,95.00,55.00,1010.33,1011.80,1009.10,0.69,2.24,0.00,5.59,2024-06-11T11:20:00-05:00,24.9,NNE,NNE,0.0000,0.0000,0.0,0,,,2.640,5.00
2024-06-12,2024,6,12,164,287,1435.0,99.7,80.83,89.96,2024-06-12T15:45:00-05:00,71.60,2024-06-12T07:05:00-05:00,70.65,76.35,65.09,71.80,84.00,58.00,1012.20,1013.90,1011.20,0.52,1.79,0.00,5.14,2024-06-12T09:40:00-05:00,50.9,NE,ENE,0.0000,0.0000,0.0,4,3.11,3.11,2.600,5.00
2024-06-13,2024,6,13,165,287,1435.0,99.7,82.84,91.94,2024-06-13T16:30:00-05:00,72.68,2024-06-13T06:25:00-05:00,73.65,77.59,68.92,74.87,89.00,58.00,1011.79,1013.30,1010.80,0.51,2.24,0.00,5.59,2024-06-13T13:00:00-05:00,73.1,ENE,ENE,0.0000,0.0000,0.0,0,,,2.610,5.00
2024-06-14,2024,6,14,166,286,1430.0,99.3,85.23,91.94,2024-06-14T15:00:00-05:00,79.16,2024-06-14T23:55:00-05:00,75.86,78.08,72.98,74.32,88.00,59.00,1012.16,1013.80,1010.90,0.60,2.01,0.00,6.49,2024-06-14T17:20:00-05:00,68.9,ENE,ENE,0.0000,0.0000,0.0,0,,,2.640,5.00
2024-06-15,2024,6,15,167,287,1435.0,99.7,83.81,93.92,2024-06-15T13:15:00-05:00,75.92,2024-06-15T06:15:00-05:00,73.28,76.58,69.25,72.74,96.00,48.00,1012.46,1014.00,1011.20,0.66,2.46,0.00,6.93,2024-06-15T15:15:00-05:00,78.8,E,E,0.0000,0.0000,0.0,0,,,2.630,5.00
2024-06-16,2024,6,16,168,287,1435.0,99.7,79.44,90.14,2024-06-16T11:55:00-05:00,75.74,2024-06-16T05:50:00-05:00,76.32,80.39,72.30,90.59,99.00,66.00,1012.88,1013.90,1011.70,0.65,2.91,0.00,8.50,2024-06-16T12:40:00-05:00,71.7,ENE,NE,0.1832,0.1832,145.0,671,15.74,1.24,2.590,5.00
2024-06-17,2024,6,17,169,288,1440.0,100.0,76.61,80.96,2024-06-17T01:45:00-05:00,72.14,2024-06-17T14:45:00-05:00,75.75,79.62,71.84,97.26,100.00,89.00,1014.01,1016.30,1013.00,1.67,4.92,0.00,11.86,2024-06-17T01:40:00-05:00,77.7,ENE,NE,1.6108,1.6108,400.0,243,10.01,1.24,2.580,5.00
2024-06-18,2024,6,18,170,287,1435.0,99.7,77.20,81.68,2024-06-18T12:25:00-05:00,74.12,2024-06-18T00:30:00-05:00,75.19,79.13,72.48,93.71,100.00,82.00,1012.79,1013.90,1011.90,1.04,4.70,0.00,11.63,2024-06-18T12:35:00-05:00,29.1,NNE,NE,0.0089,0.0089,45.0,0,,,2.550,5.00
2024-06-19,2024,6,19,171,287,1435.0,99.7,79.40,87.08,2024-06-19T13:10:00-05:00,74.48,2024-06-19T05:45:00-05:00,75.51,78.55,71.93,88.11,94.00,73.00,1014.86,1017.80,1012.10,0.73,2.68,0.00,6.93,2024-06-19T14:20:00-05:00,30.7,NNE,NNE,0.0232,0.0232,30.0,0,,,2.510,5.00
2024-06-20,2024,6,20,172,287,1435.0,99.7,80.78,87.80,2024-06-20T14:15:00-05:00,74.66,2024-06-20T05:20:00-05:00,75.45,78.13,73.04,84.51,98.00,67.00,1018.53,1019.90,1016.70,0.56,2.24,0.00,7.38,2024-06-20T13:25:00-05:00,43.4,NE,NNE,0.0000,0.0000,0.0,0,,,2.500,5.00
2024-06-21,2024,6,21,173,287,1435.0,99.7,81.20,89.60,2024-06-21T12:50:00-05:00,74.48,2024-06-21T06:25:00-05:00,75.19,80.16,72.62,82.93,98.00,63.00,1018.70,1020.00,1016.90,0.67,2.91,0.00,7.83,2024-06-21T14:00:00-05:00,86.0,E,E,0.0000,0.0000,10.0,0,,,2.540,5.00
2024-06-22,2024,6,22,174,287,1435.0,99.7,80.78,88.70,2024-06-22T13:20:00-05:00,71.96,2024-06-22T06:10:00-05:00,74.47,77.18,71.66,82.38,99.00,61.00,1016.50,1018.20,1014.40,0.66,2.46,0.00,6.93,2024-06-22T15:45:00-05:00,103.8,ESE,E,0.0000,0.0000,0.0,0,,,2.540,5.00
2024-06-23,2024,6,23,175,287,1435.0,99.7,83.27,91.22,2024-06-23T16:15:00-05:00,74.48,2024-06-23T05:50:00-05:00,76.53,79.72,70.46,81.57,100.00,55.00,1013.95,1015.80,1011.80,0.71,2.24,0.00,6.26,2024-06-23T12:15:00-05:00,91.2,E,E,0.0000,0.0000,0.0,0,,,2.520,5.00
2024-06-24,2024,6,24,176,287,1435.0,99.7,84.44,93.02,2024-06-24T16:30:00-05:00,78.62,2024-06-24T06:20:00-05:00,78.43,81.27,75.84,83.06,99.00,60.00,1013.26,1014.80,1011.90,0.63,2.24,0.00,6.49,2024-06-24T12:30:00-05:00,79.5,E,E,0.0000,0.0000,0.0,884,15.13,4.35,2.590,5.00
2024-06-25,2024,6,25,177,287,1435.0,99.7,84.12,91.58,2024-06-25T13:15:00-05:00,75.92,2024-06-25T05:25:00-05:00,78.36,81.77,74.70,83.47,98.00,71.00,1013.29,1014.80,1011.90,0.55,2.46,0.00,6.71,2024-06-25T14:20:00-05:00,82.0,E,ENE,0.0000,0.0000,0.0,0,,,2.630,5.00
2024-06-26,2024,6,26,178,287,1435.0,99.7,85.81,91.94,2024-06-26T15:10:00-05:00,81.68,2024-06-26T05:00:00-05:00,79.30,80.58,76.79,81.44,93.00,65.00,1011.40,1013.40,1008.90,0.53,2.24,0.00,6.49,2024-06-26T16:25:00-05:00,85.8,E,E,0.0000,0.0000,0.0,56,12.87,2.49,2.640,5.00
2024-06-27,2024,6,27,179,287,1435.0,99.7,84.79,93.74,2024-06-27T17:00:00-05:00,78.62,2024-06-27T06:30:00-05:00,77.19,80.08,74.77,78.68,90.00,57.00,1008.94,1010.90,1007.10,0.55,2.46,0.00,6.26,2024-06-27T13:45:00-05:00,55.0,NE,NE,0.0000,0.0000,0.0,34,9.67,3.73,2.600,5.00
2024-06-28,2024,6,28,180,288,1440.0,100.0,83.71,89.42,2024-06-28T11:55:00-05:00,77.90,2024-06-28T05:15:00-05:00,77.88,81.25,74.36,82.99,96.00,66.00,1010.89,1013.50,1008.50,0.73,2.68,0.00,8.50,2024-06-28T17:45:00-05:00,109.3,ESE,ESE,0.0000,0.0000,0.0,0,,,2.640,5.00
2024-06-29,2024,6,29,181,287,1435.0,99.7,86.89,93.02,2024-06-29T14:20:00-05:00,81.32,2024-06-29T22:45:00-05:00,79.71,81.30,77.54,79.88,90.00,63.00,1016.50,1019.20,1013.00,1.01,3.36,0.00,8.95,2024-06-29T01:45:00-05:00,94.9,E,E,0.0110,0.0110,5.0,147,7.04,0.62,2.630,5.00
2024-06-30,2024,6,30,182,287,1435.0,99.7,85.01,93.20,2024-06-30T14:05:00-05:00,79.70,2024-06-30T20:30:00-05:00,79.58,82.05,77.24,84.33,95.00,68.00,1018.54,1020.20,1016.30,0.55,2.01,0.00,5.82,2024-06-30T13:05:00-05:00,75.7,ENE,E,0.0037,0.0037,10.0,49,12.29,3.73,2.590,5.00
2024-07-01,2024,7,1,183,287,1435.0,99.7,85.95,96.80,2024-07-01T15:40:00-05:00,77.00,2024-07-01T06:15:00-05:00,78.53,82.05,75.21,79.79,96.00,58.00,1014.23,1016.20,1011.90,0.99,4.92,0.00,11.63,2024-07-01T16:30:00-05:00,44.7,NE,NE,0.0002,0.0002,5.0,197,13.82,1.24,2.570,5.00
2024-07-02,2024,7,2,184,287,1435.0,99.7,87.43,95.00,2024-07-02T16:35:00-05:00,78.44,2024-07-02T05:20:00-05:00,78.55,82.18,75.96,76.08,95.00,57.00,1013.44,1014.70,1012.00,1.08,2.91,0.00,15.66,2024-07-02T16:35:00-05:00,74.3,ENE,ENE,0.0004,0.0004,10.0,0,,,2.630,5.00
2024-07-03,2024,7,3,185,287,1435.0,99.7,85.83,91.76,2024-07-03T10:55:00-05:00,81.32,2024-07-03T06:30:00-05:00,80.34,83.44,78.24,84.05,96.00,69.00,1014.95,1016.70,1013.60,0.65,2.46,0.00,6.93,2024-07-03T13:05:00-05:00,86.9,E,E,0.2830,0.2830,90.0,221,13.55,0.62,2.600,5.00
2024-07-04,2024,7,4,186,287,1435.0,99.7,83.74,90.50,2024-07-04T13:40:00-05:00,79.52,2024-07-04T14:55:00-05:00,80.63,82.00,78.90,90.77,100.00,74.00,1013.93,1015.50,1012.00,0.39,1.57,0.00,5.82,2024-07-04T09:25:00-05:00,74.2,ENE,NE,0.3466,0.3466,60.0,445,11.87,1.86,2.570,5.00
2024-07-05,2024,7,5,187,288,1440.0,100.0,82.50,91.58,2024-07-05T17:10:00-05:00,76.64,2024-07-05T19:35:00-05:00,79.60,82.29,76.34,91.78,100.00,69.00,1012.46,1013.70,1010.20,0.55,2.24,0.00,12.53,2024-07-05T13:10:00-05:00,73.5,ENE,NE,0.6072,0.6072,275.0,1498,13.87,2.49,2.590,5.00
2024-07-06,2024,7,6,188,287,1435.0,99.7,81.70,88.52,2024-07-06T11:50:00-05:00,76.46,2024-07-06T04:55:00-05:00,78.31,82.10,75.44,90.05,100.00,74.00,1012.81,1014.00,1010.50,0.76,2.46,0.00,6.71,2024-07-06T14:35:00-05:00,81.0,E,ENE,0.1754,0.1754,25.0,131,10.74,1.86,2.590,5.00
2024-07-07,2024,7,7,189,286,1430.0,99.3,83.94,92.30,2024-07-07T14:25:00-05:00,76.10,2024-07-07T05:55:00-05:00,77.45,81.64,74.89,82.06,98.00,58.00,1012.90,1014.20,1011.90,0.65,2.46,0.00,7.83,2024-07-07T14:35:00-05:00,121.1,ESE,E,0.0000,0.0000,0.0,1,4.35,4.35,2.560,5.00
2024-07-08,2024,7,8,190,287,1435.0,99.7,84.49,91.40,2024-07-08T15:00:00-05:00,77.72,2024-07-08T06:20:00-05:00,78.52,81.26,75.06,83.25,98.00,59.00,1012.96,1014.40,1011.00,1.02,3.13,0.00,9.40,2024-07-08T21:15:00-05:00,131.3,SE,ESE,0.0522,0.0522,25.0,67,9.83,2.49,2.570,5.00
2024-07-09,2024,7,9,191,288,1440.0,100.0,85.10,89.24,2024-07-09T16:55:00-05:00,80.60,2024-07-09T12:15:00-05:00,79.88,81.76,77.96,84.68,95.00,73.00,1012.78,1014.00,1011.50,1.08,2.68,0.00,9.17,2024-07-09T04:15:00-05:00,145.1,SE,SE,0.2629,0.2629,45.0,116,10.52,1.86,2.630,5.00
2024-07-10,2024,7,10,192,287,1435.0,99.7,82.48,89.06,2024-07-10T12:25:00-05:00,78.26,2024-07-10T23:45:00-05:00,77.68,80.40,75.46,85.88,98.00,67.00,1014.68,1016.10,1013.20,0.66,2.24,0.00,6.71,2024-07-10T14:25:00-05:00,95.4,E,NE,0.0004,0.0004,5.0,0,,,2.600,5.00
2024-07-11,2024,7,11,193,287,1435.0,99.7,81.51,88.88,2024-07-11T12:00:00-05:00,75.38,2024-07-11T05:55:00-05:00,76.97,79.25,74.39,86.89,100.00,68.00,1015.42,1016.80,1014.40,0.49,2.01,0.00,6.71,2024-07-11T13:45:00-05:00,95.4,E,ENE,0.0000,0.0000,0.0,10,3.54,0.62,2.570,5.00
2024-07-12,2024,7,12,194,287,1435.0,99.7,82.31,89.24,2024-07-12T15:55:00-05:00,75.74,2024-07-12T06:05:00-05:00,76.82,79.35,74.23,84.41,100.00,65.00,1017.15,1018.60,1015.30,0.40,2.01,0.00,6.04,2024-07-12T13:45:00-05:00,131.2,SE,E,0.0000,0.0000,0.0,38,10.91,4.35,2.610,5.00
2024-07-13,2024,7,13,195,287,1435.0,99.7,86.16,93.56,2024-07-13T15:30:00-05:00,78.98,2024-07-13T06:20:00-05:00,78.27,80.93,75.55,78.59,96.00,59.00,1019.56,1021.10,1018.10,0.64,3.36,0.00,6.71,2024-07-13T15:50:00-05:00,74.5,ENE,NE,0.0000,0.0000,0.0,826,13.66,4.97,2.640,5.00
2024-07-14,2024,7,14,196,287,1435.0,99.7,86.05,94.28,2024-07-14T15:15:00-05:00,77.36,2024-07-14T06:35:00-05:00,77.57,80.53,73.13,76.86,95.00,59.00,1018.49,1020.50,1016.10,0.75,2.46,0.00,8.95,2024-07-14T15:15:00-05:00,76.6,ENE,NE,0.0000,0.0000,0.0,2551,14.05,1.86,2.610,5.00
2024-07-15,2024,7,15,197,287,1435.0,99.7,84.13,93.38,2024-07-15T12:25:00-05:00,76.10,2024-07-15T05:40:00-05:00,76.37,80.54,72.28,78.30,94.00,58.00,1016.35,1018.80,1014.00,0.57,2.46,0.00,6.49,2024-07-15T14:15:00-05:00,92.6,E,NE,0.0000,0.0000,0.0,12,13.41,3.73,2.590,5.00
2024-07-16,2024,7,16,198,288,1440.0,100.0,85.69,92.84,2024-07-16T13:45:00-05:00,78.98,2024-07-16T06:20:00-05:00,78.49,80.73,74.72,79.76,95.00,58.00,1015.32,1016.40,1014.10,0.61,2.24,0.00,6.71,2024-07-16T11:20:00-05:00,109.1,ESE,E,0.0000,0.0000,0.0,1108,14.97,1.86,2.620,5.00
2024-07-17,2024,7,17,199,287,1435.0,99.7,80.83,90.14,2024-07-17T11:35:00-05:00,73.58,2024-07-17T16:15:00-05:00,77.29,80.91,72.85,89.64,100.00,67.00,1015.71,1017.70,1014.30,0.84,4.03,0.00,9.40,2024-07-17T18:15:00-05:00,84.0,E,NE,0.6707,0.6707,250.0,2433,11.76,1.24,2.620,5.00
2024-07-18,2024,7,18,200,287,1435.0,99.7,77.28,90.68,2024-07-18T13:55:00-05:00,73.04,2024-07-18T06:20:00-05:00,75.33,80.62,72.74,94.34,100.00,69.00,1015.66,1017.60,1014.20,0.49,2.01,0.00,7.38,2024-07-18T14:10:00-05:00,90.7,E,E,0.9445,0.9445,175.0,3051,10.79,3.73,2.560,5.00
2024-07-19,2024,7,19,201,287,1435.0,99.7,76.22,84.74,2024-07-19T11:55:00-05:00,71.96,2024-07-19T05:15:00-05:00,75.09,79.43,71.66,96.45,100.00,76.00,1015.24,1018.30,1013.70,0.53,2.68,0.00,7.83,2024-07-19T12:50:00-05:00,120.2,ESE,E,1.1102,1.1102,165.0,2353,9.86,1.24,2.550,5.00
2024-07-20,2024,7,20,202,287,1435.0,99.7,82.72,87.80,2024-07-20T12:50:00-05:00,78.08,2024-07-20T00:05:00-05:00,78.20,80.47,76.86,86.42,98.00,77.00,1015.59,1016.70,1014.10,0.46,1.57,0.00,5.37,2024-07-20T00:25:00-05:00,147.8,SSE,S,0.0000,0.0000,5.0,453,17.53,1.86,2.560,5.00
2024-07-21,2024,7,21,203,287,1435.0,99.7,80.02,86.18,2024-07-21T10:50:00-05:00,76.82,2024-07-21T23:10:00-05:00,77.26,80.24,74.23,91.56,100.00,77.00,1015.69,1017.10,1013.90,0.36,2.24,0.00,7.61,2024-07-21T13:50:00-05:00,145.4,SE,SSE,0.1641,0.1641,170.0,1867,18.55,1.24,2.550,5.00
2024-07-22,2024,7,22,204,287,1435.0,99.7,81.22,88.34,2024-07-22T14:25:00-05:00,74.48,2024-07-22T23:50:00-05:00,76.74,78.41,74.02,87.02,100.00,69.00,1015.57,1017.00,1014.20,0.38,1.57,0.00,6.71,2024-07-22T15:40:00-05:00,114.5,ESE,NE,0.4035,0.4035,65.0,678,12.55,0.62,2.500,5.00
2024-07-23,2024,7,23,205,288,1440.0,100.0,78.74,86.36,2024-07-23T13:15:00-05:00,74.48,2024-07-23T01:25:00-05:00,77.15,81.14,74.18,95.20,100.00,79.00,1017.18,1018.90,1015.60,0.23,2.01,0.00,6.04,2024-07-23T13:40:00-05:00,97.9,E,E,0.2446,0.2446,140.0,567,13.77,0.62,2.540,5.00
2024-07-24,2024,7,24,206,278,1390.0,96.5,79.01,90.68,2024-07-24T15:30:00-05:00,74.30,2024-07-24T23:30:00-05:00,75.80,79.31,74.00,91.06,100.00,63.00,1019.17,1020.60,1017.60,0.22,1.34,0.00,4.70,2024-07-24T17:50:00-05:00,59.8,ENE,NE,0.3421,0.3421,255.0,677,16.82,3.11,2.540,5.00
2024-07-25,2024,7,25,207,287,1435.0,99.7,80.68,91.22,2024-07-25T14:45:00-05:00,73.76,2024-07-25T02:05:00-05:00,75.84,80.61,73.20,86.33,99.00,64.00,1019.13,1020.40,1017.30,0.51,2.01,0.00,5.82,2024-07-25T12:10:00-05:00,66.5,ENE,NNE,0.0257,0.0257,10.0,91,10.05,1.86,2.500,5.00
2024-07-26,2024,7,26,208,287,1435.0,99.7,78.52,87.44,2024-07-26T12:45:00-05:00,74.66,2024-07-26T23:50:00-05:00,76.16,79.25,74.16,92.97,100.00,72.00,1016.23,1018.80,1014.30,0.32,2.24,0.00,7.16,2024-07-26T13:35:00-05:00,73.2,ENE,NE,0.6810,0.6810,155.0,1807,10.88,1.86,2.500,5.00
2024-07-27,2024,7,27,209,287,1435.0,99.7,79.87,88.34,2024-07-27T12:50:00-05:00,73.58,2024-07-27T06:10:00-05:00,76.86,80.41,73.28,91.07,99.00,73.00,1015.08,1016.10,1014.00,0.33,1.57,0.00,7.38,2024-07-27T14:35:00-05:00,94.1,E,NE,0.0000,0.0000,0.0,802,17.99,2.49,2.540,5.00
2024-07-28,2024,7,28,210,287,1435.0,99.7,83.98,91.76,2024-07-28T15:10:00-05:00,76.10,2024-07-28T06:50:00-05:00,78.87,80.93,75.80,85.60,100.00,65.00,1016.58,1018.20,1015.30,0.50,2.68,0.00,7.83,2024-07-28T14:20:00-05:00,91.1,E,ENE,0.0000,0.0000,0.0,38,11.30,4.97,2.540,5.00
2024-07-29,2024,7,29,211,287,1435.0,99.7,86.61,92.66,2024-07-29T14:45:00-05:00,80.24,2024-07-29T06:45:00-05:00,80.06,81.94,78.78,81.49,97.00,66.00,1016.91,1018.40,1015.00,0.54,1.79,0.00,6.71,2024-07-29T12:20:00-05:00,86.6,E,ENE,0.0010,0.0010,5.0,29,9.98,4.35,2.500,5.00
2024-07-30,2024,7,30,212,287,1435.0,99.7,86.85,93.38,2024-07-30T15:40:00-05:00,78.98,2024-07-30T06:35:00-05:00,79.91,81.84,77.74,80.68,97.00,65.00,1016.16,1018.00,1014.40,0.55,2.24,0.00,8.05,2024-07-30T15:10:00-05:00,75.0,ENE,ENE,0.0000,0.0000,0.0,0,,,2.580,5.00
2024-07-31,2024,7,31,213,286,1430.0,99.3,87.19,94.28,2024-07-31T16:00:00-05:00,80.60,2024-07-31T06:45:00-05:00,80.48,82.20,78.54,81.18,96.00,66.00,1016.72,1017.80,1015.80,0.54,2.01,0.00,7.61,2024-07-31T15:40:00-05:00,72.9,ENE,NE,0.0000,0.0000,0.0,0,,,2.620,5.00
2024-08-01,2024,8,1,214,287,1435.0,99.7,87.43,95.00,2024-08-01T15:50:00-05:00,80.24,2024-08-01T06:40:00-05:00,79.28,81.34,77.37,77.74,95.00,61.00,1018.00,1020.00,1016.60,0.51,2.46,0.00,7.38,2024-08-01T14:40:00-05:00,61.7,ENE,NE,0.0000,0.0000,0.0,0,,,2.650,5.00
2024-08-02,2024,8,2,215,287,1435.0,99.7,88.01,95.00,2024-08-02T12:30:00-05:00,81.32,2024-08-02T06:35:00-05:00,80.41,82.64,78.47,79.02,93.00,61.00,1016.28,1018.20,1013.70,0.68,2.91,0.00,7.83,2024-08-02T11:50:00-05:00,51.4,NE,NE,0.0000,0.0000,0.0,0,,,2.600,5.00
2024-08-03,2024,8,3,216,286,1430.0,99.3,82.90,93.38,2024-08-03T13:25:00-05:00,77.54,2024-08-03T23:45:00-05:00,78.25,83.46,74.26,86.52,97.00,64.00,1012.93,1014.90,1010.50,0.43,2.46,0.00,7.16,2024-08-03T13:25:00-05:00,53.8,NE,NE,0.0166,0.0166,30.0,842,13.10,3.11,2.630,5.00
2024-08-04,2024,8,4,217,287,1435.0,99.7,84.87,95.54,2024-08-04T15:50:00-05:00,76.64,2024-08-04T06:05:00-05:00,77.59,80.21,74.46,80.26,97.00,52.00,1011.83,1012.70,1010.90,0.82,3.13,0.00,10.51,2024-08-04T15:45:00-05:00,49.4,NE,NE,0.0000,0.0000,0.0,72,7.47,1.86,2.630,5.00
2024-08-05,2024,8,5,218,287,1435.0,99.7,85.94,94.64,2024-08-05T17:25:00-05:00,77.72,2024-08-05T06:15:00-05:00,77.94,80.61,75.53,78.21,94.00,58.00,1013.33,1014.90,1011.90,0.51,2.91,0.00,5.82,2024-08-05T11:45:00-05:00,46.1,NE,NE,0.0015,0.0015,10.0,0,,,2.600,5.00
2024-08-06,2024,8,6,219,248,1240.0,86.1,86.30,97.34,2024-08-06T16:40:00-05:00,78.44,2024-08-06T06:50:00-05:00,77.91,81.39,74.62,77.93,97.00,51.00,1013.29,1015.10,1010.90,0.79,3.36,0.00,12.97,2024-08-06T11:50:00-05:00,43.2,NE,NE,0.0000,0.0000,0.0,0,,,2.630,5.00
2024-08-07,2024,8,7,220,287,1435.0,99.7,87.34,99.86,2024-08-07T15:50:00-05:00,76.46,2024-08-07T06:40:00-05:00,75.22,78.31,71.97,70.08,94.00,44.00,1009.69,1011.90,1007.00,1.13,4.47,0.00,15.66,2024-08-07T13:00:00-05:00,47.0,NE,NE,0.0000,0.0000,0.0,1,4.35,4.35,2.640,5.00
2024-08-08,2024,8,8,221,287,1435.0,99.7,86.98,98.78,2024-08-08T15:35:00-05:00,78.98,2024-08-08T06:45:00-05:00,74.82,79.92,69.50,68.38,86.00,50.00,1008.10,1010.50,1006.90,1.25,4.25,0.00,14.09,2024-08-08T13:35:00-05:00,45.1,NE,NE,0.0000,0.0000,0.0,0,,,2.650,5.00
2024-08-09,2024,8,9,222,287,1435.0,99.7,83.57,93.92,2024-08-09T16:20:00-05:00,73.40,2024-08-09T05:35:00-05:00,72.81,77.02,69.84,71.35,90.00,55.00,1012.20,1014.60,1010.00,0.87,3.58,0.00,10.29,2024-08-09T10:30:00-05:00,41.5,NE,NE,0.0000,0.0000,0.0,0,,,2.610,5.00
2024-08-10,2024,8,10,223,287,1435.0,99.7,84.65,95.54,2024-08-10T15:30:00-05:00,74.84,2024-08-10T07:10:00-05:00,73.07,76.09,70.03,69.56,86.00,50.00,1015.83,1017.50,1014.70,0.97,2.91,0.00,9.40,2024-08-10T14:50:00-05:00,40.8,NE,NE,0.0000,0.0000,0.0,0,,,2.640,5.00
2024-08-11,2024,8,11,224,287,1435.0,99.7,84.05,94.46,2024-08-11T15:45:00-05:00,74.48,2024-08-11T07:00:00-05:00,73.08,77.30,67.49,70.49,88.00,54.00,1016.11,1017.40,1014.70,0.61,2.68,0.00,6.26,2024-08-11T15:55:00-05:00,56.7,ENE,NE,0.0000,0.0000,0.0,0,,,2.630,5.00
2024-08-12,2024,8,12,225,287,1435.0,99.7,86.17,95.00,2024-08-12T15:05:00-05:00,76.64,2024-08-12T06:45:00-05:00,76.54,80.51,73.37,75.07,97.00,52.00,1015.52,1017.10,1014.50,0.59,2.46,0.00,6.71,2024-08-12T19:50:00-05:00,85.4,E,NE,0.0000,0.0000,0.0,0,,,2.650,5.00
2024-08-13,2024,8,13,226,287,1435.0,99.7,86.66,94.28,2024-08-13T15:10:00-05:00,78.26,2024-08-13T06:45:00-05:00,77.16,82.26,70.93,75.21,96.00,48.00,1015.69,1017.30,1014.50,0.55,2.46,0.00,10.07,2024-08-13T15:05:00-05:00,86.4,E,NE,0.0184,0.0184,5.0,26,9.22,2.49,2.610,5.00
2024-08-14,2024,8,14,227,287,1435.0,99.7,86.91,96.08,2024-08-14T12:30:00-05:00,75.02,2024-08-14T20:40:00-05:00,78.27,81.64,72.06,77.07,97.00,55.00,1015.17,1016.70,1013.30,0.81,3.58,0.00,9.62,2024-08-14T20:05:00-05:00,57.8,ENE,NE,0.0632,0.0632,45.0,1572,14.07,1.24,2.640,5.00
2024-08-15,2024,8,15,228,287,1435.0,99.7,81.36,92.84,2024-08-15T13:45:00-05:00,75.74,2024-08-15T20:00:00-05:00,77.14,81.94,72.70,88.03,98.00,68.00,1014.61,1016.00,1012.50,0.60,2.68,0.00,6.71,2024-08-15T15:10:00-05:00,69.7,ENE,NE,0.3380,0.3380,55.0,4427,9.22,1.24,2.640,5.00
2024-08-16,2024,8,16,229,287,1435.0,99.7,83.19,91.94,2024-08-16T11:40:00-05:00,74.48,2024-08-16T06:10:00-05:00,78.11,81.59,74.18,85.78,100.00,63.00,1014.98,1016.50,1013.80,0.66,2.46,0.00,5.82,2024-08-16T13:00:00-05:00,86.1,E,ENE,0.0000,0.0000,0.0,487,19.38,2.49,2.600,5.00
2024-08-17,2024,8,17,230,287,1435.0,99.7,84.23,93.56,2024-08-17T15:15:00-05:00,73.94,2024-08-17T19:15:00-05:00,78.18,81.79,71.54,83.91,100.00,49.00,1014.61,1016.60,1012.20,0.69,2.68,0.00,9.17,2024-08-17T18:15:00-05:00,95.9,E,ENE,0.7942,0.7942,200.0,3848,12.75,2.49,2.640,5.00
2024-08-18,2024,8,18,231,287,1435.0,99.7,84.75,94.28,2024-08-18T13:35:00-05:00,73.94,2024-08-18T06:35:00-05:00,79.57,84.68,73.64,85.62,100.00,66.00,1013.43,1015.60,1011.30,0.73,2.46,0.00,8.95,2024-08-18T13:30:00-05:00,73.8,ENE,NE,0.0000,0.0000,0.0,0,,,2.640,5.00
2024-08-19,2024,8,19,232,287,1435.0,99.7,84.52,93.02,2024-08-19T14:15:00-05:00,77.18,2024-08-19T06:50:00-05:00,75.94,83.96,73.48,76.15,91.00,60.00,1012.91,1015.50,1010.50,0.75,2.24,0.00,5.37,2024-08-19T14:20:00-05:00,36.8,NE,NE,0.0000,0.0000,0.0,1,4.97,4.97,2.620,5.00
2024-08-20,2024,8,20,233,287,1435.0,99.7,82.73,93.74,2024-08-20T16:00:00-05:00,73.58,2024-08-20T06:30:00-05:00,71.24,74.25,68.97,70.03,88.00,47.00,1013.91,1015.80,1012.60,0.84,2.68,0.00,4.92,2024-08-20T12:40:00-05:00,38.1,NE,NE,0.0000,0.0000,0.0,0,,,2.600,5.00
2024-08-21,2024,8,21,234,287,1435.0,99.7,81.32,91.94,2024-08-21T15:35:00-05:00,70.70,2024-08-21T06:40:00-05:00,69.20,72.93,65.46,68.10,85.00,49.00,1014.92,1016.40,1013.30,0.55,2.24,0.00,5.37,2024-08-21T13:30:00-05:00,54.4,NE,NE,0.0000,0.0000,0.0,0,,,2.640,5.00
2024-08-22,2024,8,22,235,287,1435.0,99.7,81.85,91.22,2024-08-22T13:45:00-05:00,72.14,2024-08-22T07:05:00-05:00,72.86,75.48,70.85,76.00,96.00,53.00,1015.41,1017.10,1014.00,0.43,2.01,0.00,7.38,2024-08-22T15:50:00-05:00,60.8,ENE,NE,0.0000,0.0000,0.0,0,,,2.650,5.00
2024-08-23,2024,8,23,236,287,1435.0,99.7,81.82,92.48,2024-08-23T15:10:00-05:00,73.22,2024-08-23T06:20:00-05:00,73.75,76.98,71.35,78.00,95.00,53.00,1017.46,1019.10,1016.00,0.71,2.91,0.00,7.83,2024-08-23T14:05:00-05:00,46.9,NE,NE,0.0000,0.0000,0.0,0,,,2.620,5.00
2024-08-24,2024,8,24,237,287,1435.0,99.7,80.81,92.12,2024-08-24T14:20:00-05:00,70.52,2024-08-24T06:40:00-05:00,71.71,77.64,62.96,74.92,91.00,48.00,1017.77,1019.70,1016.50,0.88,3.58,0.00,13.87,2024-08-24T15:15:00-05:00,59.2,ENE,NE,0.0000,0.0000,0.0,0,,,2.640,5.00
2024-08-25,2024,8,25,238,287,1435.0,99.7,80.15,89.60,2024-08-25T12:40:00-05:00,75.02,2024-08-25T06:55:00-05:00,76.04,80.07,74.03,87.90,100.00,65.00,1018.33,1020.10,1016.40,0.70,3.58,0.00,9.84,2024-08-25T12:50:00-05:00,55.9,NE,NE,0.2015,0.2015,105.0,105,12.71,3.11,2.640,5.00
2024-08-26,2024,8,26,239,287,1435.0,99.7,82.37,93.56,2024-08-26T12:45:00-05:00,74.48,2024-08-26T03:40:00-05:00,75.28,77.68,72.70,80.93,99.00,54.00,1018.52,1020.00,1016.90,0.91,5.14,0.00,14.32,2024-08-26T10:30:00-05:00,87.5,E,NE,0.0000,0.0000,0.0,0,,,2.630,5.00
2024-08-27,2024,8,27,240,287,1435.0,99.7,83.84,94.82,2024-08-27T13:45:00-05:00,74.12,2024-08-27T06:30:00-05:00,75.87,78.59,73.52,78.89,99.00,53.00,1016.92,1018.40,1015.20,0.67,2.68,0.00,8.05,2024-08-27T15:55:00-05:00,69.7,ENE,NE,0.0000,0.0000,0.0,2,9.32,9.32,2.650,5.00
2024-08-28,2024,8,28,241,287,1435.0,99.7,84.30,93.56,2024-08-28T12:35:00-05:00,78.08,2024-08-28T06:45:00-05:00,78.38,80.21,76.55,83.35,97.00,60.00,1016.21,1017.20,1014.60,0.58,2.68,0.00,6.93,2024-08-28T13:15:00-05:00,62.1,ENE,NE,0.0000,0.0000,0.0,365,14.49,3.11,2.650,5.00
2024-08-29,2024,8,29,242,287,1435.0,99.7,79.30,87.08,2024-08-29T10:20:00-05:00,74.84,2024-08-29T19:55:00-05:00,77.12,80.78,74.54,93.41,100.00,77.00,1016.44,1018.00,1015.30,0.51,2.01,0.00,7.16,2024-08-29T18:05:00-05:00,63.9,ENE,NE,0.2598,0.2598,210.0,809,15.11,1.86,2.620,5.00
2024-08-30,2024,8,30,243,287,1435.0,99.7,77.39,80.78,2024-08-30T09:05:00-05:00,74.12,2024-08-30T11:05:00-05:00,76.73,79.53,73.82,97.89,100.00,93.00,1016.05,1018.70,1014.90,0.41,2.91,0.00,6.71,2024-08-30T10:20:00-05:00,89.0,E,ENE,0.7345,0.7345,240.0,537,17.23,1.24,2.540,5.00
2024-08-31,2024,8,31,244,287,1435.0,99.7,77.84,83.12,2024-08-31T17:05:00-05:00,73.22,2024-08-31T05:50:00-05:00,75.83,78.08,72.92,93.87,100.00,79.00,1014.61,1016.80,1012.80,1.11,4.25,0.00,16.55,2024-08-31T10:45:00-05:00,59.0,ENE,NE,2.7767,2.7767,280.0,0,,,2.530,5.00
2024-09-01,2024,9,1,245,287,1435.0,99.7,80.13,88.88,2024-09-01T11:45:00-05:00,73.58,2024-09-01T05:00:00-05:00,75.80,78.64,72.06,87.40,100.00,68.00,1013.17,1014.50,1011.30,0.70,4.03,0.00,12.97,2024-09-01T11:35:00-05:00,108.4,ESE,NE,0.0000,0.0000,10.0,0,,,2.550,5.00
2024-09-02,2024,9,2,246,286,1430.0,99.3,82.23,93.20,2024-09-02T13:20:00-05:00,73.58,2024-09-02T04:10:00-05:00,76.25,80.38,73.03,83.58,100.00,55.00,1012.95,1014.40,1011.70,0.55,2.46,0.00,6.26,2024-09-02T15:15:00-05:00,66.9,ENE,NE,0.0000,0.0000,0.0,0,,,2.580,5.00
2024-09-03,2024,9,3,247,287,1435.0,99.7,83.23,93.20,2024-09-03T12:25:00-05:00,75.56,2024-09-03T07:00:00-05:00,75.84,81.62,71.08,79.13,93.00,61.00,1013.67,1015.60,1012.40,0.65,2.01,0.00,5.82,2024-09-03T14:50:00-05:00,63.3,ENE,NE,0.0213,0.0213,15.0,18,7.80,3.11,2.610,5.00
2024-09-04,2024,9,4,248,286,1430.0,99.3,78.63,83.30,2024-09-04T11:20:00-05:00,75.92,2024-09-04T23:50:00-05:00,76.52,79.21,74.85,93.40,100.00,82.00,1015.49,1017.00,1014.20,0.81,2.01,0.00,7.83,2024-09-04T10:25:00-05:00,52.5,NE,NE,0.3149,0.3149,340.0,5,10.07,4.35,2.620,5.00
2024-09-05,2024,9,5,249,288,1440.0,100.0,75.79,76.64,2024-09-05T16:45:00-05:00,75.20,2024-09-05T02:25:00-05:00,75.49,76.34,74.90,99.01,100.00,99.00,1015.52,1016.90,1014.50,0.57,1.79,0.00,4.47,2024-09-05T05:15:00-05:00,61.1,ENE,ENE,3.2666,3.2666,1160.0,4,6.68,2.49,2.580,5.00
2024-09-06,2024,9,6,250,288,1440.0,100.0,75.03,77.36,2024-09-06T14:30:00-05:00,72.68,2024-09-06T20:55:00-05:00,74.76,77.18,72.38,99.08,100.00,99.00,1012.45,1014.60,1011.10,0.63,2.46,0.00,5.82,2024-09-06T20:15:00-05:00,7.8,N,N,0.5466,0.5466,705.0,0,,,2.560,5.00
2024-09-07,2024,9,7,251,287,1435.0,99.7,74.10,78.44,2024-09-07T17:20:00-05:00,71.06,2024-09-07T04:00:00-05:00,73.27,76.13,70.76,97.32,100.00,89.00,1011.67,1012.80,1010.50,0.46,1.79,0.00,5.14,2024-09-07T09:20:00-05:00,16.6,NNE,N,0.2941,0.2941,325.0,0,,,2.550,5.00
2024-09-08,2024,9,8,252,287,1435.0,99.7,75.85,86.36,2024-09-08T15:55:00-05:00,66.92,2024-09-08T07:35:00-05:00,67.80,72.46,60.65,76.90,95.00,60.00,1013.21,1014.90,1011.70,0.71,2.46,0.00,5.14,2024-09-08T13:10:00-05:00,41.5,NE,NE,0.0000,0.0000,0.0,0,,,2.540,5.00
2024-09-09,2024,9,9,253,287,1435.0,99.7,75.41,81.86,2024-09-09T13:35:00-05:00,69.26,2024-09-09T07:00:00-05:00,68.93,76.10,57.84,80.79,97.00,67.00,1014.93,1016.20,1013.60,0.42,1.79,0.00,3.80,2024-09-09T15:50:00-05:00,40.3,NE,NE,0.0000,0.0000,0.0,0,,,2.600,5.00
2024-09-10,2024,9,10,254,287,1435.0,99.7,75.19,77.00,2024-09-10T14:55:00-05:00,73.76,2024-09-10T06:50:00-05:00,74.79,76.16,73.46,98.68,100.00,96.00,1013.37,1014.80,1011.50,0.46,1.79,0.00,4.03,2024-09-10T20:30:00-05:00,52.5,NE,NE,0.4145,0.4145,550.0,0,,,2.580,5.00
2024-09-11,2024,9,11,255,287,1435.0,99.7,72.79,75.56,2024-09-11T23:45:00-05:00,71.42,2024-09-11T22:45:00-05:00,72.47,75.56,71.12,98.92,100.00,98.00,1007.00,1012.10,995.80,1.20,4.70,0.00,31.09,2024-09-11T22:35:00-05:00,53.4,NE,NE,9.1486,9.1486,1040.0,16,5.44,2.49,2.550,5.00
2024-09-12,2024,9,12,256,212,1060.0,73.6,77.75,83.48,2024-09-12T16:20:00-05:00,72.68,2024-09-12T10:25:00-05:00,74.18,75.77,71.96,89.20,100.00,75.00,1005.37,1008.90,993.80,1.13,8.05,0.00,37.80,2024-09-12T00:50:00-05:00,164.2,SSE,S,0.1878,0.1878,145.0,0,,,2.550,5.00
2024-09-13,2024,9,13,257,287,1435.0,99.7,78.48,85.82,2024-09-13T15:05:00-05:00,72.68,2024-09-13T07:05:00-05:00,74.10,75.77,72.01,87.36,100.00,67.00,1010.23,1011.70,1008.80,0.38,1.57,0.00,4.92,2024-09-13T15:20:00-05:00,107.6,ESE,NNE,0.0000,0.0000,0.0,0,,,2.560,5.00
2024-09-14,2024,9,14,258,287,1435.0,99.7,78.15,87.44,2024-09-14T16:40:00-05:00,69.62,2024-09-14T06:30:00-05:00,73.69,77.90,69.03,86.98,99.00,69.00,1011.13,1012.80,1009.90,0.45,2.01,0.00,7.38,2024-09-14T13:35:00-05:00,131.7,SE,ESE,0.0000,0.0000,0.0,0,,,2.590,5.00
2024-09-15,2024,9,15,259,287,1435.0,99.7,77.56,85.46,2024-09-15T15:45:00-05:00,73.04,2024-09-15T06:35:00-05:00,73.81,75.01,72.74,88.91,100.00,68.00,1011.01,1012.20,1010.10,0.37,1.57,0.00,4.70,2024-09-15T16:30:00-05:00,51.2,NE,NNE,0.0000,0.0000,0.0,1,3.73,3.73,2.630,5.00
2024-09-16,2024,9,16,260,287,1435.0,99.7,78.79,87.08,2024-09-16T16:25:00-05:00,70.52,2024-09-16T06:55:00-05:00,73.65,76.74,70.22,85.50,100.00,65.00,1011.87,1013.10,1010.50,0.38,1.79,0.00,6.93,2024-09-16T14:55:00-05:00,140.6,SE,SSW,0.0000,0.0000,0.0,22,13.92,4.35,2.620,5.00
2024-09-17,2024,9,17,261,287,1435.0,99.7,76.34,83.30,2024-09-17T14:15:00-05:00,73.22,2024-09-17T06:50:00-05:00,74.59,77.79,72.49,94.51,100.00,82.00,1012.14,1013.90,1010.90,0.38,1.57,0.00,4.47,2024-09-17T14:45:00-05:00,53.5,NE,NE,0.2766,0.2766,90.0,0,,,2.640,5.00
2024-09-18,2024,9,18,262,287,1435.0,99.7,78.63,86.54,2024-09-18T12:00:00-05:00,71.78,2024-09-18T05:50:00-05:00,76.36,81.46,71.48,93.14,100.00,78.00,1011.48,1012.80,1010.10,0.35,1.34,0.00,4.25,2024-09-18T11:55:00-05:00,88.3,E,ESE,0.1582,0.1582,45.0,0,,,2.600,5.00
2024-09-19,2024,9,19,263,287,1435.0,99.7,80.94,90.50,2024-09-19T14:55:00-05:00,74.48,2024-09-19T07:05:00-05:00,77.52,81.03,74.18,90.20,100.00,68.00,1011.24,1012.90,1009.80,0.40,2.24,0.00,5.37,2024-09-19T14:15:00-05:00,67.6,ENE,NE,0.0553,0.0553,20.0,0,,,2.630,5.00
2024-09-20,2024,9,20,264,287,1435.0,99.7,80.70,91.04,2024-09-20T14:00:00-05:00,73.22,2024-09-20T06:50:00-05:00,75.64,79.89,72.92,86.19,100.00,57.00,1010.93,1012.30,1009.80,0.57,2.24,0.00,4.47,2024-09-20T11:10:00-05:00,44.6,NE,NE,0.0000,0.0000,0.0,0,,,2.640,5.00
2024-09-21,2024,9,21,265,287,1435.0,99.7,80.22,90.50,2024-09-21T12:05:00-05:00,71.78,2024-09-21T07:05:00-05:00,74.00,76.52,71.48,83.14,100.00,55.00,1012.28,1013.50,1011.40,0.45,2.01,0.00,6.71,2024-09-21T13:10:00-05:00,105.3,ESE,NE,0.0000,0.0000,0.0,0,,,2.640,5.00
2024-09-22,2024,9,22,266,287,1435.0,99.7,79.81,89.78,2024-09-22T11:35:00-05:00,71.78,2024-09-22T06:40:00-05:00,74.48,78.67,71.48,85.15,100.00,63.00,1012.46,1013.80,1011.10,0.34,2.01,0.00,7.83,2024-09-22T13:15:00-05:00,92.1,E,NE,0.0000,0.0000,0.0,0,,,2.640,5.00
2024-09-23,2024,9,23,267,287,1435.0,99.7,80.24,88.88,2024-09-23T13:25:00-05:00,71.60,2024-09-23T06:40:00-05:00,74.25,77.17,71.30,83.62,100.00,60.00,1012.28,1013.80,1010.50,0.35,1.79,0.00,5.82,2024-09-23T16:50:00-05:00,138.7,SE,E,0.0000,0.0000,0.0,0,,,2.640,5.00
2024-09-24,2024,9,24,268,287,1435.0,99.7,80.28,88.88,2024-09-24T11:20:00-05:00,72.68,2024-09-24T07:00:00-05:00,74.58,76.98,70.52,84.27,100.00,58.00,1011.36,1012.80,1009.80,0.32,1.79,0.00,7.16,2024-09-24T13:15:00-05:00,146.2,SE,E,0.0000,0.0000,0.0,0,,,2.650,5.00
2024-09-25,2024,9,25,269,287,1435.0,99.7,78.63,89.24,2024-09-25T12:10:00-05:00,71.06,2024-09-25T14:40:00-05:00,75.99,78.98,70.76,92.35,100.00,63.00,1009.19,1010.70,1007.20,0.31,4.03,0.00,8.95,2024-09-25T14:30:00-05:00,37.9,NE,NE,0.8267,0.8267,120.0,284,14.60,3.11,2.650,5.00
2024-09-26,2024,9,26,270,287,1435.0,99.7,75.61,84.74,2024-09-26T15:20:00-05:00,68.90,2024-09-26T07:15:00-05:00,68.19,73.58,62.24,79.64,100.00,53.00,1005.61,1008.20,1003.10,1.11,2.68,0.00,6.04,2024-09-26T12:00:00-05:00,56.8,ENE,NE,0.0000,0.0000,0.0,0,,,2.640,5.00
2024-09-27,2024,9,27,271,287,1435.0,99.7,74.16,84.92,2024-09-27T16:05:00-05:00,63.68,2024-09-27T07:05:00-05:00,62.88,68.41,60.06,70.14,91.00,45.00,1005.68,1008.30,1004.10,0.51,1.79,0.00,6.71,2024-09-27T12:25:00-05:00,50.3,NE,NE,0.0000,0.0000,0.0,0,,,2.640,5.00
2024-09-28,2024,9,28,272,287,1435.0,99.7,77.18,87.62,2024-09-28T17:00:00-05:00,67.28,2024-09-28T07:10:00-05:00,68.67,72.51,64.38,76.76,98.00,52.00,1008.72,1010.50,1007.40,0.50,1.79,0.00,6.93,2024-09-28T12:30:00-05:00,187.6,S,S,0.0000,0.0000,0.0,0,,,2.650,5.00
2024-09-29,2024,9,29,273,287,1435.0,99.7,76.65,85.82,2024-09-29T11:40:00-05:00,66.38,2024-09-29T07:10:00-05:00,68.82,73.55,65.20,78.59,98.00,53.00,1010.62,1012.10,1009.50,0.42,1.57,0.00,4.92,2024-09-29T12:10:00-05:00,176.1,S,S,0.0000,0.0000,0.0,0,,,2.620,5.00
2024-09-30,2024,9,30,274,287,1435.0,99.7,76.63,88.16,2024-09-30T12:50:00-05:00,68.00,2024-09-30T06:50:00-05:00,70.69,73.13,67.71,83.37,99.00,57.00,1012.28,1014.00,1011.00,0.36,1.57,0.00,4.03,2024-09-30T12:50:00-05:00,56.1,NE,NE,0.0000,0.0000,0.0,0,,,2.610,5.00
2024-10-01,2024,10,1,275,287,1435.0,99.7,76.66,87.26,2024-10-01T13:50:00-05:00,67.64,2024-10-01T07:00:00-05:00,70.55,73.09,67.53,82.97,100.00,60.00,1014.07,1015.80,1012.40,0.60,2.24,0.00,4.70,2024-10-01T13:40:00-05:00,51.0,NE,NE,0.0000,0.0000,0.0,0,,,2.640,5.00
2024-10-02,2024,10,2,276,287,1435.0,99.7,76.84,87.44,2024-10-02T15:20:00-05:00,68.90,2024-10-02T05:45:00-05:00,70.60,74.28,68.01,82.55,98.00,55.00,1013.12,1014.80,1011.10,0.70,2.01,0.00,5.59,2024-10-02T15:25:00-05:00,62.8,ENE,NE,0.0000,0.0000,0.0,0,,,2.650,5.00
2024-10-03,2024,10,3,277,287,1435.0,99.7,77.00,86.36,2024-10-03T14:30:00-05:00,68.00,2024-10-03T07:05:00-05:00,71.77,76.10,67.12,85.37,100.00,60.00,1013.01,1014.90,1011.40,0.48,2.01,0.00,5.59,2024-10-03T13:55:00-05:00,66.4,ENE,NE,0.0125,0.0125,35.0,0,,,2.640,5.00
2024-10-04,2024,10,4,278,287,1435.0,99.7,75.10,78.98,2024-10-04T12:10:00-05:00,72.68,2024-10-04T23:10:00-05:00,74.71,77.52,72.38,98.71,100.00,93.00,1015.97,1017.30,1013.80,0.68,1.57,0.00,3.58,2024-10-04T11:40:00-05:00,78.9,E,E,1.2839,1.2839,410.0,0,,,2.610,5.00
2024-10-05,2024,10,5,279,287,1435.0,99.7,75.66,84.02,2024-10-05T15:35:00-05:00,69.80,2024-10-05T06:05:00-05:00,71.93,73.90,69.51,89.02,100.00,66.00,1015.45,1017.10,1013.50,1.11,2.46,0.00,4.92,2024-10-05T12:50:00-05:00,72.9,ENE,E,0.0000,0.0000,0.0,0,,,2.610,5.00
2024-10-06,2024,10,6,280,287,1435.0,99.7,76.78,86.54,2024-10-06T16:50:00-05:00,70.52,2024-10-06T06:45:00-05:00,72.70,78.03,69.63,88.09,97.00,65.00,1013.52,1014.80,1011.70,0.84,2.46,0.00,5.59,2024-10-06T11:50:00-05:00,59.0,ENE,NE,0.0438,0.0438,20.0,0,,,2.620,5.00
2024-10-07,2024,10,7,281,287,1435.0,99.7,77.50,88.34,2024-10-07T13:50:00-05:00,69.44,2024-10-07T06:45:00-05:00,69.39,72.07,65.72,78.32,97.00,50.00,1011.84,1013.70,1009.60,1.01,3.36,0.00,7.83,2024-10-07T13:00:00-05:00,59.6,ENE,NE,0.0000,0.0000,0.0,0,,,2.620,5.00
2024-10-08,2024,10,8,282,287,1435.0,99.7,72.20,81.86,2024-10-08T15:35:00-05:00,63.68,2024-10-08T07:20:00-05:00,59.37,65.55,55.78,65.21,84.00,44.00,1010.58,1011.80,1008.80,0.85,2.01,0.00,5.82,2024-10-08T13:45:00-05:00,55.3,NE,NE,0.0000,0.0000,0.0,0,,,2.640,5.00
2024-10-09,2024,10,9,283,287,1435.0,99.7,72.56,85.64,2024-10-09T13:10:00-05:00,60.44,2024-10-09T07:10:00-05:00,63.07,70.16,55.81,73.11,86.00,53.00,1011.42,1012.80,1010.00,0.80,2.24,0.00,4.70,2024-10-09T14:05:00-05:00,51.0,NE,NE,0.0000,0.0000,0.0,0,,,2.620,5.00
2024-10-10,2024,10,10,284,287,1435.0,99.7,73.21,84.56,2024-10-10T12:50:00-05:00,63.68,2024-10-10T07:10:00-05:00,62.73,65.98,59.29,72.31,94.00,43.00,1015.40,1018.40,1012.60,0.70,2.24,0.00,4.25,2024-10-10T12:55:00-05:00,50.4,NE,NE,0.0000,0.0000,0.0,0,,,2.640,5.00
2024-10-11,2024,10,11,285,287,1435.0,99.7,70.37,83.84,2024-10-11T12:55:00-05:00,59.36,2024-10-11T07:05:00-05:00,60.03,63.30,56.65,72.62,96.00,40.00,1019.39,1021.10,1018.20,0.66,2.46,0.00,5.59,2024-10-11T12:55:00-05:00,66.7,ENE,NE,0.0000,0.0000,0.0,0,,,2.640,5.00
2024-10-12,2024,10,12,286,287,1435.0,99.7,69.72,82.58,2024-10-12T11:35:00-05:00,57.92,2024-10-12T07:10:00-05:00,62.24,67.28,57.54,79.78,100.00,49.00,1019.10,1021.10,1017.30,0.49,1.79,0.00,6.71,2024-10-12T14:50:00-05:00,204.6,SSW,SSW,0.0000,0.0000,0.0,0,,,2.630,5.00
2024-10-13,2024,10,13,287,287,1435.0,99.7,73.59,81.68,2024-10-13T15:15:00-05:00,62.60,2024-10-13T07:25:00-05:00,67.18,70.85,62.31,81.66,100.00,60.00,1018.34,1020.20,1016.80,0.59,1.79,0.00,6.49,2024-10-13T15:45:00-05:00,201.0,SSW,SSW,0.0000,0.0000,0.0,0,,,2.640,5.00
2024-10-14,2024,10,14,288,287,1435.0,99.7,76.68,85.82,2024-10-14T14:35:00-05:00,69.62,2024-10-14T07:05:00-05:00,71.94,75.29,64.17,86.04,100.00,67.00,1017.60,1019.60,1015.50,0.46,1.79,0.00,6.26,2024-10-14T02:50:00-05:00,62.1,ENE,NE,0.0000,0.0000,0.0,0,,,2.630,5.00
2024-10-15,2024,10,15,289,287,1435.0,99.7,73.64,84.02,2024-10-15T15:55:00-05:00,64.58,2024-10-15T07:30:00-05:00,64.62,74.55,53.72,73.55,83.00,57.00,1015.64,1018.20,1012.90,0.79,2.46,0.00,6.26,2024-10-15T23:40:00-05:00,65.3,ENE,ENE,0.0000,0.0000,0.0,0,,,2.650,5.00
2024-10-16,2024,10,16,290,287,1435.0,99.7,60.70,69.26,2024-10-16T00:05:00-05:00,51.08,2024-10-16T23:55:00-05:00,42.54,54.15,37.74,52.49,71.00,34.00,1023.03,1025.60,1018.40,1.51,3.13,0.00,10.96,2024-10-16T08:30:00-05:00,32.0,NNE,NE,0.0000,0.0000,0.0,0,,,2.650,5.00
2024-10-17,2024,10,17,291,287,1435.0,99.7,56.69,69.80,2024-10-17T16:00:00-05:00,45.32,2024-10-17T07:20:00-05:00,44.05,50.94,39.87,65.46,92.00,38.00,1023.83,1026.00,1022.00,0.98,2.91,0.00,7.16,2024-10-17T10:10:00-05:00,25.1,NNE,NE,0.0000,0.0000,0.0,0,,,2.610,5.00
2024-10-18,2024,10,18,292,287,1435.0,99.7,59.90,75.02,2024-10-18T15:25:00-05:00,45.32,2024-10-18T05:40:00-05:00,51.52,60.15,42.75,76.32,96.00,49.00,1024.92,1026.70,1023.30,0.81,2.24,0.00,8.28,2024-10-18T08:10:00-05:00,39.6,NE,NE,0.0000,0.0000,0.0,0,,,2.650,5.00
2024-10-19,2024,10,19,293,287,1435.0,99.7,65.22,78.44,2024-10-19T15:35:00-05:00,54.14,2024-10-19T07:00:00-05:00,56.85,65.58,47.61,75.86,96.00,56.00,1025.89,1027.90,1024.40,0.83,2.68,0.00,6.71,2024-10-19T12:15:00-05:00,41.0,NE,NE,0.0000,0.0000,0.0,0,,,2.650,5.00
2024-10-20,2024,10,20,294,287,1435.0,99.7,66.10,79.88,2024-10-20T15:40:00-05:00,56.12,2024-10-20T07:25:00-05:00,56.19,59.42,51.35,73.00,97.00,47.00,1024.41,1026.70,1022.40,0.75,2.46,0.00,5.59,2024-10-20T15:10:00-05:00,45.0,NE,NE,0.0000,0.0000,0.0,0,,,2.600,5.00
2024-10-21,2024,10,21,295,287,1435.0,99.7,63.56,80.24,2024-10-21T12:45:00-05:00,50.36,2024-10-21T07:10:00-05:00,54.29,59.45,48.41,74.73,94.00,42.00,1021.31,1023.30,1019.60,0.96,3.13,0.00,6.71,2024-10-21T07:50:00-05:00,300.3,WNW,WNW,0.0000,0.0000,0.0,0,,,2.650,5.00
2024-10-22,2024,10,22,296,287,1435.0,99.7,64.87,82.04,2024-10-22T12:35:00-05:00,51.80,2024-10-22T07:15:00-05:00,56.23,60.95,51.25,77.11,98.00,41.00,1020.03,1021.70,1018.70,0.71,2.91,0.00,6.93,2024-10-22T13:40:00-05:00,236.2,SW,SW,0.0000,0.0000,0.0,0,,,2.650,5.00
2024-10-23,2024,10,23,297,286,1430.0,99.3,67.63,83.30,2024-10-23T12:00:00-05:00,54.86,2024-10-23T07:10:00-05:00,60.74,65.98,54.58,81.43,100.00,49.00,1019.68,1021.70,1018.30,0.65,2.24,0.00,6.04,2024-10-23T15:00:00-05:00,217.7,SW,NE,0.0000,0.0000,0.0,0,,,2.650,5.00
2024-10-24,2024,10,24,298,287,1435.0,99.7,69.77,84.92,2024-10-24T12:30:00-05:00,57.92,2024-10-24T07:00:00-05:00,62.37,65.30,57.64,80.42,100.00,49.00,1017.77,1019.30,1016.10,0.52,2.46,0.00,6.49,2024-10-24T13:35:00-05:00,196.2,SSW,SW,0.0000,0.0000,0.0,0,,,2.650,5.00
2024-10-25,2024,10,25,299,287,1435.0,99.7,69.31,82.76,2024-10-25T11:55:00-05:00,58.10,2024-10-25T07:35:00-05:00,63.21,67.95,57.82,83.31,100.00,54.00,1020.41,1022.30,1017.90,0.57,2.46,0.00,5.59,2024-10-25T12:35:00-05:00,207.2,SSW,SW,0.0000,0.0000,0.0,0,,,2.610,5.00
2024-10-26,2024,10,26,300,287,1435.0,99.7,70.30,85.28,2024-10-26T12:50:00-05:00,59.72,2024-10-26T06:25:00-05:00,65.39,72.47,59.44,86.15,100.00,55.00,1022.66,1024.50,1021.30,0.61,2.68,0.00,6.26,2024-10-26T14:05:00-05:00,122.2,ESE,NE,0.0000,0.0000,0.0,0,,,2.650,5.00
2024-10-27,2024,10,27,301,287,1435.0,99.7,69.95,82.40,2024-10-27T11:50:00-05:00,59.00,2024-10-27T07:10:00-05:00,64.61,70.08,58.72,84.82,100.00,61.00,1021.75,1023.90,1019.60,0.55,2.68,0.00,5.82,2024-10-27T15:15:00-05:00,189.2,S,SW,0.0000,0.0000,0.0,0,,,2.650,5.00
2024-10-28,2024,10,28,302,287,1435.0,99.7,70.13,84.20,2024-10-28T12:35:00-05:00,61.34,2024-10-28T04:05:00-05:00,64.93,71.55,61.06,85.39,100.00,53.00,1021.31,1023.00,1020.30,0.63,2.68,0.00,7.83,2024-10-28T13:50:00-05:00,152.8,SSE,NE,0.0000,0.0000,0.0,0,,,2.640,5.00
2024-10-29,2024,10,29,303,287,1435.0,99.7,72.49,83.30,2024-10-29T13:15:00-05:00,63.14,2024-10-29T01:55:00-05:00,68.61,73.31,62.74,88.67,100.00,67.00,1020.96,1022.80,1019.60,0.72,2.24,0.00,8.95,2024-10-29T12:10:00-05:00,120.8,ESE,E,0.0000,0.0000,0.0,0,,,2.640,5.00
2024-10-30,2024,10,30,304,287,1435.0,99.7,74.67,85.46,2024-10-30T14:30:00-05:00,65.84,2024-10-30T06:20:00-05:00,70.49,74.32,65.55,87.76,100.00,67.00,1020.30,1022.10,1018.60,0.75,3.58,0.00,10.29,2024-10-30T12:10:00-05:00,147.5,SSE,SSE,0.0000,0.0000,0.0,0,,,2.650,5.00
2024-10-31,2024,10,31,305,287,1435.0,99.7,76.26,84.02,2024-10-31T13:05:00-05:00,70.70,2024-10-31T21:40:00-05:00,73.55,76.33,70.40,91.71,100.00,75.00,1017.97,1019.90,1016.30,0.73,2.68,0.00,8.72,2024-10-31T14:15:00-05:00,156.2,SSE,S,0.9528,0.9528,315.0,53,8.73,4.35,2.620,5.00
2024-11-01,2024,11,1,306,288,1440.0,100.0,74.66,78.80,2024-11-01T15:00:00-05:00,71.96,2024-11-01T00:00:00-05:00,73.77,77.36,71.66,97.18,100.00,87.00,1018.20,1019.60,1016.40,0.87,5.14,0.00,14.99,2024-11-01T09:55:00-05:00,101.7,ESE,E,0.4473,0.4473,410.0,7,11.72,3.73,2.590,5.00
2024-11-02,2024,11,2,307,287,1435.0,99.7,74.24,82.04,2024-11-02T14:25:00-05:00,69.08,2024-11-02T06:15:00-05:00,70.28,71.95,68.79,88.46,100.00,67.00,1018.92,1020.50,1017.60,0.87,2.01,0.00,9.40,2024-11-02T13:40:00-05:00,106.2,ESE,ESE,0.0000,0.0000,0.0,0,,,2.590,5.00
2024-11-03,2024,11,3,308,299,1495.0,99.7,75.43,83.48,2024-11-03T11:15:00-06:00,67.64,2024-11-03T03:20:00-06:00,71.74,74.82,67.35,89.06,100.00,69.00,1015.33,1017.60,1013.90,1.08,2.46,0.00,9.84,2024-11-03T22:00:00-06:00,144.3,SE,SSE,0.0074,0.0074,10.0,0,,,2.620,5.00
2024-11-04,2024,11,4,309,287,1435.0,99.7,77.51,83.84,2024-11-04T11:45:00-06:00,75.38,2024-11-04T02:25:00-06:00,73.68,76.72,71.75,88.22,96.00,77.00,1014.23,1016.10,1012.70,1.21,3.13,0.00,10.74,2024-11-04T10:15:00-06:00,163.2,SSE,SSE,0.0381,0.0381,65.0,0,,,2.640,5.00
2024-11-05,2024,11,5,310,287,1435.0,99.7,78.36,84.02,2024-11-05T13:25:00-06:00,75.20,2024-11-05T23:50:00-06:00,73.75,75.01,71.93,86.11,98.00,73.00,1012.71,1014.30,1011.00,1.00,2.91,0.00,11.63,2024-11-05T12:15:00-06:00,160.4,SSE,SSE,0.0000,0.0000,0.0,0,,,2.640,5.00
2024-11-06,2024,11,6,311,287,1435.0,99.7,77.95,84.92,2024-11-06T14:15:00-06:00,71.96,2024-11-06T06:40:00-06:00,74.07,76.55,71.66,88.71,100.00,67.00,1013.41,1015.00,1012.10,0.55,2.24,0.00,5.82,2024-11-06T13:10:00-06:00,174.7,S,SSW,0.0000,0.0000,0.0,0,,,2.640,5.00
2024-11-07,2024,11,7,312,287,1435.0,99.7,77.53,84.02,2024-11-07T13:00:00-06:00,74.66,2024-11-07T05:10:00-06:00,75.90,79.73,73.35,94.92,100.00,82.00,1015.06,1016.80,1014.00,0.67,1.79,0.00,6.71,2024-11-07T06:00:00-06:00,73.1,ENE,ENE,0.0360,0.0360,55.0,0,,,2.630,5.00
2024-11-08,2024,11,8,313,287,1435.0,99.7,75.97,80.42,2024-11-08T12:05:00-06:00,73.58,2024-11-08T03:40:00-06:00,73.37,75.14,71.92,91.79,97.00,82.00,1014.38,1016.20,1013.00,1.14,2.46,0.00,4.70,2024-11-08T11:35:00-06:00,72.6,ENE,ENE,0.0000,0.0000,0.0,0,,,2.620,5.00
2024-11-09,2024,11,9,314,287,1435.0,99.7,76.29,83.12,2024-11-09T13:30:00-06:00,71.06,2024-11-09T04:40:00-06:00,73.04,75.49,70.76,90.09,99.00,76.00,1013.78,1015.30,1012.80,1.26,2.46,0.00,5.82,2024-11-09T13:45:00-06:00,91.8,E,ESE,0.0220,0.0220,20.0,0,,,2.610,5.00
2024-11-10,2024,11,10,315,287,1435.0,99.7,73.67,75.92,2024-11-10T02:10:00-06:00,70.16,2024-11-10T23:50:00-06:00,71.59,73.89,68.04,93.25,97.00,89.00,1013.74,1015.60,1012.30,0.67,2.01,0.00,4.03,2024-11-10T07:50:00-06:00,83.5,E,E,0.5234,0.5234,95.0,0,,,2.600,5.00
2024-11-11,2024,11,11,316,286,1430.0,99.3,73.64,81.50,2024-11-11T13:55:00-06:00,69.08,2024-11-11T06:45:00-06:00,69.30,72.24,66.52,86.81,96.00,72.00,1012.65,1014.30,1011.00,1.30,3.13,0.00,7.38,2024-11-11T11:25:00-06:00,73.4,ENE,NE,0.0000,0.0000,0.0,0,,,2.590,5.00
2024-11-12,2024,11,12,317,287,1435.0,99.7,67.99,70.70,2024-11-12T23:20:00-06:00,64.40,2024-11-12T07:00:00-06:00,66.60,70.11,62.81,95.37,98.00,89.00,1012.73,1014.20,1011.50,1.44,2.68,0.00,5.59,2024-11-12T05:55:00-06:00,75.6,ENE,ENE,0.4712,0.4712,405.0,0,,,2.610,5.00
2024-11-13,2024,11,13,318,288,1440.0,100.0,73.99,78.26,2024-11-13T14:30:00-06:00,70.70,2024-11-13T00:00:00-06:00,72.90,75.89,70.11,96.46,98.00,91.00,1012.71,1014.10,1010.70,1.54,3.58,0.00,8.05,2024-11-13T15:20:00-06:00,159.6,SSE,SE,0.4231,0.4231,220.0,7,4.70,4.35,2.590,5.00
2024-11-14,2024,11,14,319,287,1435.0,99.7,66.74,74.12,2024-11-14T12:10:00-06:00,54.14,2024-11-14T23:45:00-06:00,61.01,71.29,51.87,82.90,96.00,59.00,1015.39,1017.60,1013.60,0.82,2.46,0.00,5.59,2024-11-14T13:00:00-06:00,69.5,ENE,NE,0.0000,0.0000,0.0,0,,,2.590,5.00
2024-11-15,2024,11,15,320,287,1435.0,99.7,59.71,72.14,2024-11-15T14:00:00-06:00,50.54,2024-11-15T06:35:00-06:00,53.71,59.23,48.30,81.75,94.00,60.00,1016.31,1018.30,1014.60,0.92,3.36,0.00,7.38,2024-11-15T05:50:00-06:00,31.2,NNE,NE,0.0000,0.0000,0.0,0,,,2.640,5.00
2024-11-16,2024,11,16,321,287,1435.0,99.7,63.51,76.10,2024-11-16T13:20:00-06:00,50.90,2024-11-16T04:25:00-06:00,59.16,66.17,50.06,86.66,98.00,68.00,1015.60,1017.30,1014.70,0.77,3.13,0.00,7.16,2024-11-16T14:20:00-06:00,187.3,S,NE,0.0000,0.0000,0.0,0,,,2.640,5.00
2024-11-17,2024,11,17,322,287,1435.0,99.7,70.41,79.34,2024-11-17T10:55:00-06:00,62.06,2024-11-17T05:50:00-06:00,64.79,68.20,61.95,83.77,100.00,63.00,1015.60,1017.50,1014.10,0.68,2.91,0.00,8.95,2024-11-17T13:20:00-06:00,173.7,S,SSW,0.0000,0.0000,0.0,0,,,2.630,5.00
2024-11-18,2024,11,18,323,287,1435.0,99.7,73.19,81.68,2024-11-18T11:40:00-06:00,64.76,2024-11-18T04:35:00-06:00,69.55,74.54,64.31,89.22,100.00,67.00,1010.11,1014.00,1006.80,1.13,3.13,0.00,9.17,2024-11-18T11:50:00-06:00,159.6,SSE,SSE,0.2155,0.2155,230.0,0,,,2.620,5.00
2024-11-19,2024,11,19,324,288,1440.0,100.0,73.06,78.98,2024-11-19T13:35:00-06:00,62.60,2024-11-19T23:55:00-06:00,71.19,75.12,60.55,94.00,100.00,85.00,1006.78,1011.20,1004.70,1.57,9.17,0.00,19.91,2024-11-19T04:10:00-06:00,183.3,S,ENE,4.7800,4.7800,405.0,44,4.94,1.24,2.620,5.00
2024-11-20,2024,11,20,325,286,1430.0,99.3,60.94,71.96,2024-11-20T11:20:00-06:00,47.30,2024-11-20T23:50:00-06:00,51.91,61.92,41.09,74.43,100.00,47.00,1016.69,1021.50,1011.20,0.80,2.68,0.00,6.49,2024-11-20T12:20:00-06:00,39.9,NE,NE,0.0000,0.0000,0.0,0,,,2.640,5.00
2024-11-21,2024,11,21,326,287,1435.0,99.7,54.54,67.10,2024-11-21T14:50:00-06:00,44.06,2024-11-21T06:15:00-06:00,40.12,43.60,36.43,60.74,86.00,35.00,1020.29,1022.60,1017.80,0.82,1.79,0.00,7.16,2024-11-21T09:50:00-06:00,7.6,N,NE,0.0000,0.0000,0.0,0,,,2.650,5.00
2024-11-22,2024,11,22,327,286,1430.0,99.3,53.24,63.68,2024-11-22T15:15:00-06:00,45.86,2024-11-22T06:55:00-06:00,42.75,47.01,39.39,69.00,91.00,47.00,1019.18,1021.00,1017.60,0.85,2.24,0.00,10.74,2024-11-22T08:50:00-06:00,6.2,N,NE,0.0000,0.0000,0.0,0,,,2.640,5.00
2024-11-23,2024,11,23,328,287,1435.0,99.7,51.35,62.96,2024-11-23T15:00:00-06:00,41.36,2024-11-23T06:45:00-06:00,43.54,49.09,38.54,76.30,98.00,46.00,1019.91,1022.00,1018.60,0.97,3.58,0.00,9.17,2024-11-23T11:35:00-06:00,272.7,W,NNE,0.0000,0.0000,0.0,0,,,2.640,5.00
2024-11-24,2024,11,24,329,287,1435.0,99.7,59.23,72.50,2024-11-24T14:35:00-06:00,43.52,2024-11-24T06:10:00-06:00,54.97,62.56,43.44,87.15,100.00,66.00,1018.51,1020.50,1017.10,0.73,3.13,0.00,7.83,2024-11-24T11:50:00-06:00,204.0,SSW,SW,0.0000,0.0000,0.0,0,,,2.630,5.00
2024-11-25,2024,11,25,330,287,1435.0,99.7,68.06,77.36,2024-11-25T13:25:00-06:00,57.74,2024-11-25T04:15:00-06:00,63.18,66.40,57.46,85.46,100.00,67.00,1018.77,1020.00,1017.60,1.17,2.91,0.00,7.83,2024-11-25T13:50:00-06:00,204.2,SSW,SW,0.0000,0.0000,0.0,0,,,2.640,5.00
2024-11-26,2024,11,26,331,285,1425.0,99.0,65.34,72.32,2024-11-26T11:35:00-06:00,53.78,2024-11-26T23:50:00-06:00,62.10,67.89,53.23,89.69,99.00,74.00,1018.94,1020.90,1017.20,0.67,2.91,0.00,7.61,2024-11-26T01:20:00-06:00,89.8,E,ENE,0.0037,0.0037,10.0,0,,,2.640,5.00
2024-11-27,2024,11,27,332,285,1425.0,99.0,64.47,74.84,2024-11-27T14:15:00-06:00,53.06,2024-11-27T00:40:00-06:00,62.62,70.04,52.51,94.02,100.00,80.00,1013.47,1017.30,1010.20,1.13,2.91,0.00,8.28,2024-11-27T14:15:00-06:00,196.2,SSW,SSW,0.0000,0.0000,0.0,0,,,2.630,5.00
2024-11-28,2024,11,28,333,287,1435.0,99.7,63.40,70.16,2024-11-28T00:05:00-06:00,51.62,2024-11-28T23:50:00-06:00,58.26,69.26,44.99,83.91,100.00,65.00,1014.49,1019.60,1010.50,1.31,3.80,0.00,9.40,2024-11-28T22:15:00-06:00,55.7,NE,NE,0.0168,0.0168,10.0,0,,,2.620,5.00
2024-11-29,2024,11,29,334,286,1430.0,99.3,49.50,55.76,2024-11-29T14:45:00-06:00,40.28,2024-11-29T23:55:00-06:00,39.80,47.04,33.65,70.14,88.00,49.00,1022.94,1026.10,1018.90,1.55,3.36,0.00,8.72,2024-11-29T10:10:00-06:00,23.9,NNE,NE,0.0149,0.0149,15.0,0,,,2.620,5.00
2024-11-30,2024,11,30,335,286,1430.0,99.3,44.39,57.02,2024-11-30T12:50:00-06:00,34.52,2024-11-30T05:55:00-06:00,35.14,42.18,30.19,72.63,92.00,37.00,1024.77,1027.00,1023.20,1.16,2.68,0.00,11.86,2024-11-30T10:55:00-06:00,32.4,NNE,NE,0.0000,0.0000,0.0,0,,,2.640,5.00
2024-12-01,2024,12,1,336,287,1435.0,99.7,49.03,63.50,2024-12-01T13:40:00-06:00,37.76,2024-12-01T05:20:00-06:00,40.22,45.14,35.65,74.90,94.00,41.00,1023.79,1025.30,1022.40,0.58,2.24,0.00,6.93,2024-12-01T09:10:00-06:00,346.3,NNW,NE,0.0000,0.0000,0.0,0,,,2.650,5.00
2024-12-02,2024,12,2,337,287,1435.0,99.7,49.05,62.60,2024-12-02T14:35:00-06:00,40.28,2024-12-02T06:20:00-06:00,40.60,47.43,36.01,75.24,97.00,44.00,1027.42,1029.50,1025.20,0.90,2.46,0.00,9.40,2024-12-02T11:55:00-06:00,25.2,NNE,NE,0.0000,0.0000,0.0,0,,,2.650,5.00
2024-12-03,2024,12,3,338,286,1430.0,99.3,46.55,57.92,2024-12-03T13:15:00-06:00,37.76,2024-12-03T06:05:00-06:00,39.49,43.49,33.36,78.16,98.00,54.00,1030.48,1033.10,1029.00,0.74,2.91,0.00,9.17,2024-12-03T09:15:00-06:00,13.8,NNE,NE,0.0000,0.0000,0.0,0,,,2.650,5.00
2024-12-04,2024,12,4,339,287,1435.0,99.7,51.86,64.58,2024-12-04T13:50:00-06:00,37.22,2024-12-04T04:50:00-06:00,46.45,57.64,31.52,82.13,99.00,67.00,1025.31,1029.80,1020.60,0.68,2.91,0.00,8.95,2024-12-04T12:00:00-06:00,234.9,SW,NE,0.0610,0.0610,110.0,0,,,2.650,5.00
2024-12-05,2024,12,5,340,287,1435.0,99.7,56.46,62.24,2024-12-05T08:15:00-06:00,42.80,2024-12-05T23:50:00-06:00,53.83,61.95,34.57,91.23,100.00,71.00,1021.30,1025.70,1018.70,0.92,2.91,0.00,7.61,2024-12-05T11:50:00-06:00,32.0,NNE,NE,1.3709,1.3709,400.0,0,,,2.600,5.00
2024-12-06,2024,12,6,341,287,1435.0,99.7,42.12,51.98,2024-12-06T15:10:00-06:00,33.98,2024-12-06T06:55:00-06:00,30.92,36.48,24.20,65.73,83.00,43.00,1027.33,1029.50,1025.40,1.36,3.13,0.00,11.63,2024-12-06T13:20:00-06:00,35.9,NE,NE,0.0000,0.0000,0.0,0,,,2.610,5.00
2024-12-07,2024,12,7,342,287,1435.0,99.7,45.43,54.68,2024-12-07T14:15:00-06:00,36.50,2024-12-07T05:35:00-06:00,35.81,45.22,28.62,69.76,84.00,50.00,1026.72,1029.50,1023.60,0.89,2.46,0.00,7.16,2024-12-07T11:50:00-06:00,29.0,NNE,NE,0.0000,0.0000,0.0,0,,,2.630,5.00
2024-12-08,2024,12,8,343,287,1435.0,99.7,58.12,67.10,2024-12-08T23:40:00-06:00,46.94,2024-12-08T01:30:00-06:00,55.58,65.32,41.64,91.28,100.00,79.00,1019.76,1023.80,1014.50,0.85,3.13,0.00,7.16,2024-12-08T21:35:00-06:00,179.5,S,S,0.1585,0.1585,165.0,0,,,2.600,5.00
2024-12-09,2024,12,9,344,287,1435.0,99.7,66.37,68.72,2024-12-09T20:30:00-06:00,63.86,2024-12-09T01:55:00-06:00,66.03,68.43,63.35,98.84,100.00,95.00,1013.75,1015.80,1012.20,3.40,26.84,0.00,76.50,2024-12-09T15:45:00-06:00,225.4,SW,SW,3.9279,3.9279,695.0,19,7.39,0.62,2.580,5.00
2024-12-10,2024,12,10,345,287,1435.0,99.7,66.55,73.58,2024-12-10T10:40:00-06:00,57.02,2024-12-10T23:45:00-06:00,66.17,72.37,56.46,98.67,100.00,94.00,1011.97,1015.20,1009.50,3.96,46.98,0.00,69.79,2024-12-10T08:35:00-06:00,211.4,SSW,SW,0.9438,0.9438,125.0,129,9.02,0.00,2.570,5.00
2024-12-11,2024,12,11,346,287,1435.0,99.7,49.67,57.20,2024-12-11T00:05:00-06:00,39.74,2024-12-11T23:45:00-06:00,40.72,56.07,31.95,74.00,100.00,40.00,1024.11,1029.30,1015.30,1.06,3.80,0.00,10.74,2024-12-11T06:00:00-06:00,20.9,NNE,NNE,0.0000,0.0000,0.0,0,,,2.570,5.00
2024-12-12,2024,12,12,347,287,1435.0,99.7,44.76,57.38,2024-12-12T13:10:00-06:00,35.06,2024-12-12T05:30:00-06:00,37.25,40.84,33.27,78.39,100.00,41.00,1029.90,1032.40,1028.50,0.94,10.74,0.00,38.92,2024-12-12T15:35:00-06:00,234.9,SW,SW,0.0000,0.0000,0.0,0,,,2.640,5.00
2024-12-13,2024,12,13,348,287,1435.0,99.7,53.66,66.02,2024-12-13T14:10:00-06:00,41.54,2024-12-13T01:25:00-06:00,46.78,54.77,38.90,78.29,96.00,60.00,1028.59,1030.50,1026.90,0.90,2.68,0.00,7.83,2024-12-13T13:25:00-06:00,18.6,NNE,NNE,0.0000,0.0000,0.0,0,,,2.620,5.00
2024-12-14,2024,12,14,349,287,1435.0,99.7,62.21,71.24,2024-12-14T14:15:00-06:00,52.34,2024-12-14T04:45:00-06:00,58.89,64.83,50.26,89.32,98.00,76.00,1025.91,1027.90,1023.70,1.04,2.46,0.00,8.72,2024-12-14T12:10:00-06:00,153.6,SSE,NNE,0.0000,0.0000,0.0,0,,,2.650,5.00
2024-12-15,2024,12,15,350,287,1435.0,99.7,68.02,76.28,2024-12-15T13:30:00-06:00,58.28,2024-12-15T07:00:00-06:00,65.30,68.98,58.00,91.51,100.00,76.00,1023.83,1025.60,1022.30,0.85,3.36,0.00,9.40,2024-12-15T11:20:00-06:00,185.4,S,SSW,0.0000,0.0000,0.0,0,,,2.640,5.00
2024-12-16,2024,12,16,351,287,1435.0,99.7,68.17,75.02,2024-12-16T12:15:00-06:00,63.68,2024-12-16T06:45:00-06:00,66.63,69.27,63.39,95.06,100.00,80.00,1022.50,1023.90,1021.60,0.50,3.13,0.00,9.62,2024-12-16T12:30:00-06:00,176.0,S,S,0.0000,0.0000,5.0,0,,,2.630,5.00
2024-12-17,2024,12,17,352,287,1435.0,99.7,66.06,74.84,2024-12-17T11:15:00-06:00,59.72,2024-12-17T23:55:00-06:00,63.77,68.27,59.44,92.90,100.00,72.00,1023.08,1025.50,1021.40,0.63,2.46,0.00,6.49,2024-12-17T12:10:00-06:00,187.7,S,SSW,0.0000,0.0000,0.0,0,,,2.620,5.00
2024-12-18,2024,12,18,353,287,1435.0,99.7,64.40,74.84,2024-12-18T15:05:00-06:00,56.30,2024-12-18T07:05:00-06:00,61.49,66.77,56.02,90.84,100.00,73.00,1021.37,1023.00,1019.40,0.70,2.46,0.00,7.16,2024-12-18T23:40:00-06:00,189.7,S,SW,0.0000,0.0000,0.0,0,,,2.650,5.00
2024-12-19,2024,12,19,354,286,1430.0,99.3,54.36,61.70,2024-12-19T00:05:00-06:00,43.88,2024-12-19T23:50:00-06:00,51.18,57.79,43.62,89.24,100.00,78.00,1023.05,1025.40,1021.40,0.87,2.68,0.00,8.28,2024-12-19T01:05:00-06:00,10.4,N,NNE,0.0000,0.0000,0.0,0,,,2.640,5.00
2024-12-20,2024,12,20,355,287,1435.0,99.7,51.78,66.38,2024-12-20T13:35:00-06:00,39.38,2024-12-20T07:05:00-06:00,41.55,49.40,33.69,71.87,100.00,40.00,1023.32,1025.50,1020.90,0.85,4.03,0.00,11.86,2024-12-20T10:00:00-06:00,20.9,NNE,NE,0.0000,0.0000,0.0,0,,,2.630,5.00
2024-12-21,2024,12,21,356,287,1435.0,99.7,43.04,53.06,2024-12-21T15:00:00-06:00,34.88,2024-12-21T07:00:00-06:00,33.10,37.62,30.06,69.12,87.00,45.00,1026.13,1028.50,1024.30,1.48,4.03,0.00,12.53,2024-12-21T14:10:00-06:00,33.7,NNE,NNE,0.0000,0.0000,0.0,0,,,2.650,5.00
2024-12-22,2024,12,22,357,287,1435.0,99.7,43.37,57.02,2024-12-22T14:10:00-06:00,33.26,2024-12-22T06:55:00-06:00,35.39,42.91,31.17,76.51,97.00,38.00,1026.98,1029.30,1025.30,0.95,3.13,0.00,10.51,2024-12-22T16:05:00-06:00,20.1,NNE,NNE,0.0000,0.0000,0.0,0,,,2.650,5.00
2024-12-23,2024,12,23,358,287,1435.0,99.7,50.04,64.76,2024-12-23T15:20:00-06:00,36.32,2024-12-23T01:30:00-06:00,42.98,52.89,32.04,78.03,98.00,57.00,1025.63,1027.60,1023.90,1.04,3.36,0.00,8.72,2024-12-23T14:25:00-06:00,14.7,NNE,NE,0.0000,0.0000,0.0,0,,,2.650,5.00
2024-12-24,2024,12,24,359,287,1435.0,99.7,56.78,70.70,2024-12-24T12:10:00-06:00,44.42,2024-12-24T06:05:00-06:00,51.58,59.06,42.24,83.63,96.00,62.00,1022.39,1025.30,1019.30,0.86,3.80,0.00,8.50,2024-12-24T13:15:00-06:00,213.1,SSW,SW,0.0000,0.0000,0.0,0,,,2.650,5.00
2024-12-25,2024,12,25,360,286,1430.0,99.3,58.07,61.52,2024-12-25T10:25:00-06:00,53.96,2024-12-25T02:25:00-06:00,57.62,60.88,53.69,98.39,100.00,91.00,1017.54,1019.70,1015.00,0.67,1.79,0.00,6.49,2024-12-25T10:10:00-06:00,54.4,NE,NE,0.7557,0.7557,240.0,0,,,2.620,5.00
2024-12-26,2024,12,26,361,287,1435.0,99.7,64.75,69.62,2024-12-26T13:50:00-06:00,59.90,2024-12-26T00:05:00-06:00,64.16,69.15,59.62,97.98,100.00,92.00,1015.62,1018.80,1012.90,1.04,2.91,0.00,8.28,2024-12-26T22:00:00-06:00,116.8,ESE,ENE,0.0082,0.0082,10.0,0,,,2.600,5.00
2024-12-27,2024,12,27,362,287,1435.0,99.7,69.93,76.10,2024-12-27T13:45:00-06:00,65.84,2024-12-27T04:30:00-06:00,69.11,73.00,65.55,97.29,100.00,87.00,1013.07,1014.80,1011.70,1.53,5.59,0.00,8.50,2024-12-27T01:05:00-06:00,157.1,SSE,SSE,0.0656,0.0656,55.0,762,11.80,1.86,2.590,5.00
2024-12-28,2024,12,28,363,287,1435.0,99.7,66.32,70.16,2024-12-28T13:30:00-06:00,58.10,2024-12-28T21:15:00-06:00,65.72,69.33,57.82,97.98,100.00,90.00,1011.79,1014.60,1008.10,3.07,31.32,0.00,45.19,2024-12-28T23:45:00-06:00,129.1,SE,SE,1.8855,1.8855,360.0,2419,11.97,0.62,2.580,5.00
2024-12-29,2024,12,29,364,288,1440.0,100.0,58.04,67.82,2024-12-29T13:25:00-06:00,50.54,2024-12-29T23:55:00-06:00,55.76,59.44,50.27,92.73,100.00,68.00,1013.39,1016.40,1009.50,7.98,39.15,0.00,57.94,2024-12-29T07:45:00-06:00,177.4,S,SW,0.0000,0.0000,0.0,1,4.97,4.97,2.570,5.00
2024-12-30,2024,12,30,365,287,1435.0,99.7,59.55,70.52,2024-12-30T14:40:00-06:00,47.30,2024-12-30T06:40:00-06:00,56.74,63.35,47.03,91.14,100.00,73.00,1011.65,1014.30,1008.80,1.20,3.36,0.00,8.50,2024-12-30T12:10:00-06:00,200.0,SSW,SSW,0.0000,0.0000,0.0,0,,,2.650,5.00
2024-12-31,2024,12,31,366,286,1430.0,99.3,64.50,75.74,2024-12-31T13:25:00-06:00,52.16,2024-12-31T23:55:00-06:00,54.37,65.37,42.35,73.76,100.00,36.00,1012.91,1019.10,1009.10,0.84,1.79,0.00,7.83,2024-12-31T22:55:00-06:00,121.6,ESE,S,0.0000,0.0000,0.0,0,,,2.620,5.00
2025-01-01,2025,1,1,1,287,1435.0,99.7,50.87,61.52,2025-01-01T14:20:00-06:00,42.26,2025-01-01T07:20:00-06:00,41.93,44.45,39.14,73.10,92.00,47.00,1023.23,1025.80,1019.10,1.11,3.13,0.00,9.62,2025-01-01T09:30:00-06:00,21.6,NNE,NNE,0.0000,0.0000,0.0,0,,,2.650,5.00
2025-01-02,2025,1,2,2,287,1435.0,99.7,50.06,62.60,2025-01-02T12:55:00-06:00,39.56,2025-01-02T06:35:00-06:00,43.46,48.96,37.33,79.35,92.00,53.00,1025.77,1028.10,1024.10,1.51,4.03,0.00,12.53,2025-01-02T12:05:00-06:00,18.1,NNE,NE,0.0000,0.0000,0.0,0,,,2.650,5.00
2025-01-03,2025,1,3,3,287,1435.0,99.7,56.88,67.28,2025-01-03T14:35:00-06:00,49.64,2025-01-03T23:50:00-06:00,47.88,51.89,43.39,73.38,90.00,50.00,1026.12,1028.30,1024.60,1.07,2.24,0.00,8.28,2025-01-03T02:10:00-06:00,34.0,NE,NE,0.0000,0.0000,0.0,0,,,2.640,5.00
2025-01-04,2025,1,4,4,287,1435.0,99.7,54.40,62.42,2025-01-04T12:45:00-06:00,44.96,2025-01-04T03:35:00-06:00,45.00,57.93,36.17,71.09,92.00,56.00,1024.88,1027.90,1020.20,1.33,3.13,0.00,9.40,2025-01-04T11:25:00-06:00,278.5,W,SW,0.0000,0.0000,0.0,0,,,2.650,5.00
2025-01-05,2025,1,5,5,288,1440.0,100.0,65.84,73.40,2025-01-05T14:05:00-06:00,55.04,2025-01-05T23:55:00-06:00,63.15,68.01,54.48,91.40,100.00,78.00,1014.59,1020.10,1010.10,2.46,6.26,0.00,23.71,2025-01-05T04:15:00-06:00,199.5,SSW,SSW,0.6981,0.6981,325.0,20,6.99,3.73,2.610,5.00
2025-01-06,2025,1,6,6,287,1435.0,99.7,39.72,55.04,2025-01-06T00:00:00-06:00,31.82,2025-01-06T23:40:00-06:00,32.74,54.48,25.70,76.50,99.00,59.00,1019.86,1026.00,1011.90,1.83,4.25,0.00,12.08,2025-01-06T12:45:00-06:00,29.0,NNE,NNE,0.0225,0.0225,45.0,15,7.08,6.84,2.630,5.00
2025-01-07,2025,1,7,7,287,1435.0,99.7,37.28,46.76,2025-01-07T13:40:00-06:00,30.02,2025-01-07T06:45:00-06:00,28.96,33.01,25.66,72.52,86.00,55.00,1027.43,1030.70,1025.10,1.65,4.25,0.00,10.51,2025-01-07T11:25:00-06:00,28.1,NNE,NNE,0.0000,0.0000,0.0,0,,,2.620,5.00
2025-01-08,2025,1,8,8,287,1435.0,99.7,37.70,48.20,2025-01-08T14:35:00-06:00,30.20,2025-01-08T04:30:00-06:00,29.63,33.23,26.30,73.49,89.00,53.00,1028.76,1032.00,1026.10,1.44,3.58,0.00,8.95,2025-01-08T10:25:00-06:00,26.6,NNE,NNE,0.0000,0.0000,0.0,0,,,2.650,5.00
2025-01-09,2025,1,9,9,287,1435.0,99.7,39.53,47.12,2025-01-09T13:55:00-06:00,30.20,2025-01-09T06:50:00-06:00,29.93,36.74,24.82,69.01,81.00,49.00,1022.69,1027.40,1013.60,1.64,3.36,0.00,10.51,2025-01-09T02:20:00-06:00,28.6,NNE,NE,0.0385,0.0385,120.0,0,,,2.650,5.00
2025-01-10,2025,1,10,10,287,1435.0,99.7,44.31,55.94,2025-01-10T05:05:00-06:00,40.10,2025-01-10T21:45:00-06:00,41.91,55.10,34.07,91.82,100.00,65.00,1011.24,1017.10,1007.30,1.79,4.47,0.00,29.30,2025-01-10T11:55:00-06:00,264.0,W,SW,1.3193,1.3193,570.0,0,,,2.610,5.00
2025-01-11,2025,1,11,11,287,1435.0,99.7,40.00,47.30,2025-01-11T13:10:00-06:00,33.80,2025-01-11T23:30:00-06:00,35.81,38.38,33.30,85.43,99.00,65.00,1017.84,1020.90,1016.00,1.12,4.03,0.00,9.40,2025-01-11T11:50:00-06:00,240.3,WSW,SW,0.0000,0.0000,0.0,0,,,2.600,5.00
2025-01-12,2025,1,12,12,287,1435.0,99.7,43.04,50.36,2025-01-12T15:30:00-06:00,32.18,2025-01-12T02:40:00-06:00,41.73,49.10,31.93,95.32,100.00,85.00,1016.81,1018.60,1015.90,0.94,2.68,0.00,7.61,2025-01-12T15:05:00-06:00,36.2,NE,NE,0.7960,0.7960,390.0,0,,,2.620,5.00
2025-01-13,2025,1,13,13,288,1440.0,100.0,52.98,60.80,2025-01-13T15:10:00-06:00,44.24,2025-01-13T23:55:00-06:00,47.85,51.80,38.69,83.90,100.00,57.00,1021.39,1027.10,1015.20,1.43,2.68,0.00,8.95,2025-01-13T13:00:00-06:00,54.9,NE,E,0.3654,0.3654,140.0,0,,,2.600,5.00
2025-01-14,2025,1,14,14,287,1435.0,99.7,45.90,55.40,2025-01-14T13:15:00-06:00,36.14,2025-01-14T07:00:00-06:00,37.25,44.74,30.93,72.98,86.00,43.00,1028.56,1030.90,1026.80,1.59,7.38,0.00,13.20,2025-01-14T14:00:00-06:00,35.4,NE,NE,0.0000,0.0000,0.0,0,,,2.650,5.00
2025-01-15,2025,1,15,15,287,1435.0,99.7,52.14,61.52,2025-01-15T13:20:00-06:00,46.58,2025-01-15T04:45:00-06:00,38.62,47.91,31.77,62.17,95.00,34.00,1028.22,1030.80,1026.00,1.07,3.58,0.00,11.18,2025-01-15T12:50:00-06:00,5.8,N,NE,0.0489,0.0489,115.0,0,,,2.640,5.00
2025-01-16,2025,1,16,16,288,1440.0,100.0,51.32,64.76,2025-01-16T14:40:00-06:00,40.64,2025-01-16T07:05:00-06:00,41.92,47.47,34.82,74.13,100.00,33.00,1025.01,1028.40,1022.30,0.95,4.47,0.00,12.08,2025-01-16T15:25:00-06:00,358.7,N,NE,0.0000,0.0000,10.0,0,,,2.640,5.00
2025-01-17,2025,1,17,17,287,1435.0,99.7,52.12,61.88,2025-01-17T13:15:00-06:00,35.96,2025-01-17T06:30:00-06:00,44.08,57.80,35.37,76.86,99.00,39.00,1017.08,1022.10,1009.90,1.54,6.49,0.00,12.97,2025-01-17T12:05:00-06:00,205.3,SSW,SSW,0.0111,0.0111,20.0,0,,,2.650,5.00
2025-01-18,2025,1,18,18,287,1435.0,99.7,62.11,71.06,2025-01-18T12:15:00-06:00,57.02,2025-01-18T23:55:00-06:00,59.52,65.10,52.55,91.45,100.00,80.00,1009.28,1012.20,1007.00,1.24,4.03,0.00,10.96,2025-01-18T09:55:00-06:00,217.9,SW,SW,0.0110,0.0110,10.0,0,,,2.640,5.00
2025-01-19,2025,1,19,19,287,1435.0,99.7,44.29,56.84,2025-01-19T00:05:00-06:00,30.74,2025-01-19T23:55:00-06:00,32.57,52.38,20.00,64.56,87.00,44.00,1022.06,1029.30,1012.40,2.21,4.47,0.00,14.54,2025-01-19T11:30:00-06:00,28.2,NNE,NE,0.0000,0.0000,0.0,0,,,2.610,5.00
2025-01-20,2025,1,20,20,287,1435.0,99.7,33.83,41.18,2025-01-20T14:40:00-06:00,25.34,2025-01-20T07:25:00-06:00,13.34,19.46,9.64,44.07,64.00,30.00,1031.23,1033.90,1029.40,2.71,4.70,0.00,10.74,2025-01-20T09:20:00-06:00,26.8,NNE,NNE,0.0000,0.0000,0.0,0,,,2.620,5.00
2025-01-21,2025,1,21,21,287,1435.0,99.7,27.07,35.24,2025-01-21T00:10:00-06:00,21.92,2025-01-21T23:50:00-06:00,20.64,24.67,9.32,80.33,98.00,34.00,1033.17,1035.70,1031.30,1.47,4.03,0.00,11.63,2025-01-21T04:15:00-06:00,29.6,NNE,NE,0.0369,0.0369,45.0,0,,,2.630,5.00
2025-01-22,2025,1,22,22,287,1435.0,99.7,25.89,35.78,2025-01-22T15:10:00-06:00,14.36,2025-01-22T06:40:00-06:00,19.32,25.04,13.19,77.87,95.00,44.00,1031.14,1034.30,1028.00,0.74,2.68,0.00,7.38,2025-01-22T10:25:00-06:00,312.7,NW,NE,0.0000,0.0000,0.0,0,,,2.620,5.00
2025-01-23,2025,1,23,23,287,1435.0,99.7,35.99,51.08,2025-01-23T14:50:00-06:00,24.08,2025-01-23T07:20:00-06:00,27.62,34.79,21.97,74.74,97.00,40.00,1028.79,1031.60,1027.00,0.94,3.58,0.00,12.53,2025-01-23T13:20:00-06:00,29.4,NNE,NNE,0.0000,0.0000,0.0,0,,,2.640,5.00
2025-01-24,2025,1,24,24,287,1435.0,99.7,41.22,54.68,2025-01-24T12:20:00-06:00,30.20,2025-01-24T00:40:00-06:00,28.17,33.33,20.01,65.42,97.00,28.00,1029.69,1032.50,1028.10,1.21,4.25,0.00,24.61,2025-01-24T11:35:00-06:00,30.8,NNE,NE,0.0000,0.0000,0.0,0,,,2.630,5.00
2025-01-25,2025,1,25,25,287,1435.0,99.7,42.90,57.38,2025-01-25T11:45:00-06:00,27.14,2025-01-25T06:05:00-06:00,32.97,45.07,23.86,70.74,94.00,38.00,1029.19,1031.70,1027.70,1.44,8.50,0.00,16.55,2025-01-25T16:20:00-06:00,42.3,NE,NNE,0.0000,0.0000,0.0,0,,,2.650,5.00
2025-01-26,2025,1,26,26,287,1435.0,99.7,58.97,65.66,2025-01-26T14:30:00-06:00,50.18,2025-01-26T00:05:00-06:00,51.95,55.14,45.07,77.82,88.00,68.00,1025.29,1028.10,1021.60,1.70,3.80,0.00,12.53,2025-01-26T07:40:00-06:00,199.0,SSW,SSW,0.0000,0.0000,0.0,0,,,2.640,5.00
2025-01-27,2025,1,27,27,287,1435.0,99.7,58.35,63.86,2025-01-27T13:25:00-06:00,51.26,2025-01-27T23:40:00-06:00,55.59,61.13,48.90,90.64,99.00,84.00,1020.66,1022.00,1019.40,0.93,2.46,0.00,8.50,2025-01-27T01:45:00-06:00,248.7,WSW,SW,0.0555,0.0555,70.0,0,,,2.630,5.00
2025-01-28,2025,1,28,28,287,1435.0,99.7,51.32,56.66,2025-01-28T16:40:00-06:00,48.38,2025-01-28T23:35:00-06:00,48.32,50.15,46.63,89.63,98.00,77.00,1020.69,1023.20,1018.70,1.24,3.58,0.00,10.96,2025-01-28T09:45:00-06:00,253.8,WSW,SW,0.0000,0.0000,0.0,0,,,2.620,5.00
2025-01-29,2025,1,29,29,287,1435.0,99.7,58.66,71.96,2025-01-29T11:55:00-06:00,47.48,2025-01-29T05:30:00-06:00,53.66,59.98,47.39,84.60,100.00,65.00,1019.39,1021.60,1017.90,0.73,3.36,0.00,7.61,2025-01-29T13:55:00-06:00,223.3,SW,SW,0.0000,0.0000,0.0,0,,,2.640,5.00
2025-01-30,2025,1,30,30,287,1435.0,99.7,68.34,74.48,2025-01-30T13:00:00-06:00,62.60,2025-01-30T00:05:00-06:00,65.50,67.95,60.24,90.98,100.00,77.00,1015.23,1017.90,1012.70,2.33,4.03,0.00,11.41,2025-01-30T22:50:00-06:00,186.8,S,S,0.0000,0.0000,0.0,0,,,2.650,5.00
2025-01-31,2025,1,31,31,287,1435.0,99.7,62.36,70.34,2025-01-31T13:55:00-06:00,54.50,2025-01-31T23:55:00-06:00,52.68,67.95,41.16,73.73,100.00,38.00,1015.22,1019.80,1012.10,1.25,4.25,0.00,9.40,2025-01-31T03:45:00-06:00,211.2,SSW,SW,0.0713,0.0713,35.0,2,4.97,4.97,2.640,5.00
2025-02-01,2025,2,1,32,287,1435.0,99.7,54.83,65.30,2025-02-01T11:35:00-06:00,46.22,2025-02-01T05:15:00-06:00,45.33,51.32,40.38,71.86,94.00,44.00,1021.25,1023.50,1019.70,1.55,5.59,0.00,11.18,2025-02-01T13:05:00-06:00,218.7,SW,NE,0.0000,0.0000,0.0,0,,,2.650,5.00
2025-02-02,2025,2,2,33,287,1435.0,99.7,55.92,69.44,2025-02-02T11:20:00-06:00,43.16,2025-02-02T06:25:00-06:00,48.58,52.63,42.90,79.00,100.00,49.00,1021.40,1023.50,1020.00,1.14,4.03,0.00,8.28,2025-02-02T13:20:00-06:00,221.1,SW,SW,0.0000,0.0000,0.0,0,,,2.650,5.00
2025-02-03,2025,2,3,34,287,1435.0,99.7,62.24,75.38,2025-02-03T15:00:00-06:00,48.56,2025-02-03T05:40:00-06:00,58.00,64.98,48.29,87.12,100.00,68.00,1019.97,1021.90,1018.30,1.06,3.58,0.00,8.72,2025-02-03T15:55:00-06:00,213.8,SW,SW,0.0000,0.0000,0.0,0,,,2.650,5.00
2025-02-04,2025,2,4,35,287,1435.0,99.7,65.83,74.66,2025-02-04T12:40:00-06:00,59.54,2025-02-04T00:20:00-06:00,63.46,67.90,58.69,92.31,98.00,78.00,1021.12,1023.10,1019.60,0.23,2.01,0.00,4.70,2025-02-04T14:00:00-06:00,224.0,SW,SW,0.0000,0.0000,0.0,0,,,2.630,5.00
2025-02-05,2025,2,5,36,287,1435.0,99.7,67.67,75.38,2025-02-05T14:10:00-06:00,60.80,2025-02-05T06:55:00-06:00,64.65,68.07,60.52,90.76,100.00,70.00,1019.30,1021.90,1017.00,0.96,3.80,0.00,8.95,2025-02-05T13:40:00-06:00,202.8,SSW,SSW,0.0000,0.0000,0.0,0,,,2.620,5.00
2025-02-06,2025,2,6,37,287,1435.0,99.7,71.67,80.24,2025-02-06T14:50:00-06:00,66.92,2025-02-06T23:55:00-06:00,68.34,71.77,66.22,89.96,100.00,70.00,1017.83,1020.00,1016.20,1.08,2.91,0.00,6.49,2025-02-06T15:10:00-06:00,203.0,SSW,SSW,0.0000,0.0000,0.0,0,,,2.630,5.00
2025-02-07,2025,2,7,38,287,1435.0,99.7,68.99,77.18,2025-02-07T12:10:00-06:00,61.16,2025-02-07T04:35:00-06:00,65.63,68.79,60.88,89.84,100.00,71.00,1019.26,1021.90,1018.10,0.62,3.13,0.00,8.95,2025-02-07T13:05:00-06:00,210.0,SSW,SW,0.0000,0.0000,0.0,0,,,2.620,5.00
2025-02-08,2025,2,8,39,287,1435.0,99.7,71.45,81.86,2025-02-08T14:50:00-06:00,65.84,2025-02-08T03:45:00-06:00,67.45,72.66,65.44,88.11,100.00,65.00,1017.61,1019.30,1015.90,1.18,3.36,0.00,8.50,2025-02-08T11:45:00-06:00,204.8,SSW,SSW,0.0000,0.0000,0.0,0,,,2.650,5.00
2025-02-09,2025,2,9,40,287,1435.0,99.7,71.03,80.60,2025-02-09T15:00:00-06:00,66.20,2025-02-09T01:55:00-06:00,67.52,69.12,65.32,89.46,100.00,63.00,1019.50,1021.40,1017.90,0.68,3.36,0.00,7.61,2025-02-09T18:25:00-06:00,211.3,SSW,SSW,0.0000,0.0000,0.0,0,,,2.620,5.00
2025-02-10,2025,2,10,41,287,1435.0,99.7,66.72,70.16,2025-02-10T00:05:00-06:00,62.24,2025-02-10T08:20:00-06:00,61.70,67.23,58.45,84.20,95.00,72.00,1020.82,1023.50,1018.50,0.74,2.46,0.00,7.83,2025-02-10T07:40:00-06:00,27.3,NNE,NNE,0.0075,0.0075,20.0,0,,,2.650,5.00
2025-02-11,2025,2,11,42,287,1435.0,99.7,69.70,78.62,2025-02-11T13:40:00-06:00,62.96,2025-02-11T06:45:00-06:00,64.69,70.86,59.26,84.54,99.00,68.00,1013.13,1018.20,1009.60,1.05,3.36,0.00,9.40,2025-02-11T12:45:00-06:00,214.8,SW,SW,0.0116,0.0116,10.0,0,,,2.650,5.00
2025-02-12,2025,2,12,43,288,1440.0,100.0,69.59,78.44,2025-02-12T12:00:00-06:00,62.06,2025-02-12T00:45:00-06:00,66.92,72.11,60.90,91.61,100.00,77.00,1007.43,1011.50,1004.30,1.71,4.47,0.00,11.41,2025-02-12T14:55:00-06:00,211.7,SSW,SSW,0.5102,0.5102,165.0,140,9.49,0.62,2.650,5.00
2025-02-13,2025,2,13,44,287,1435.0,99.7,54.01,64.76,2025-02-13T00:05:00-06:00,46.94,2025-02-13T23:50:00-06:00,46.81,64.18,39.77,77.55,98.00,57.00,1021.90,1028.80,1011.50,2.09,4.47,0.00,12.53,2025-02-13T21:45:00-06:00,29.6,NNE,NNE,0.0037,0.0037,5.0,1,4.35,4.35,2.610,5.00
2025-02-14,2025,2,14,45,287,1435.0,99.7,54.04,66.92,2025-02-14T23:50:00-06:00,43.16,2025-02-14T04:05:00-06:00,46.39,64.52,36.28,75.69,92.00,59.00,1025.94,1030.10,1020.80,1.80,6.04,0.00,11.86,2025-02-14T03:45:00-06:00,24.0,NNE,NE,0.0000,0.0000,0.0,0,,,2.650,5.00
2025-02-15,2025,2,15,46,287,1435.0,99.7,71.49,78.44,2025-02-15T12:15:00-06:00,67.10,2025-02-15T00:05:00-06:00,67.80,70.84,64.70,88.54,99.00,77.00,1013.77,1020.70,1006.30,2.62,4.70,0.00,11.18,2025-02-15T14:30:00-06:00,200.9,SSW,SSW,0.0000,0.0000,0.0,1,4.35,4.35,2.640,5.00
2025-02-16,2025,2,16,47,185,925.0,64.2,53.83,71.60,2025-02-16T00:20:00-06:00,41.72,2025-02-16T23:55:00-06:00,44.49,69.42,35.86,71.05,94.00,58.00,1019.05,1024.70,1006.00,2.05,4.25,0.00,11.41,2025-02-16T17:25:00-06:00,357.3,N,NNE,0.0559,0.0559,30.0,656,13.49,4.97,2.670,5.00
2025-02-17,2025,2,17,48,287,1435.0,99.7,44.56,57.92,2025-02-17T13:45:00-06:00,34.16,2025-02-17T06:40:00-06:00,35.40,40.98,29.36,72.21,91.00,41.00,1022.97,1025.50,1020.50,1.99,13.20,0.00,27.74,2025-02-17T16:35:00-06:00,15.4,NNE,NE,0.0000,0.0000,0.0,0,,,2.660,5.00
2025-02-18,2025,2,18,49,287,1435.0,99.7,51.61,61.70,2025-02-18T14:45:00-06:00,40.28,2025-02-18T03:40:00-06:00,43.98,54.02,34.99,76.67,97.00,50.00,1018.86,1022.00,1014.80,1.42,3.36,0.00,14.54,2025-02-18T16:45:00-06:00,28.2,NNE,NE,0.4042,0.4042,150.0,16,6.29,1.86,2.620,5.00
2025-02-19,2025,2,19,50,288,1440.0,100.0,44.72,54.50,2025-02-19T00:00:00-06:00,31.28,2025-02-19T23:50:00-06:00,42.49,53.86,27.01,91.85,99.00,83.00,1019.38,1024.60,1012.70,2.64,5.37,0.00,12.75,2025-02-19T04:30:00-06:00,37.2,NE,NE,1.0318,1.0318,240.0,96,9.80,1.86,2.620,5.00
2025-02-20,2025,2,20,51,287,1435.0,99.7,34.55,45.14,2025-02-20T15:25:00-06:00,25.70,2025-02-20T06:40:00-06:00,21.49,27.30,17.89,60.64,85.00,39.00,1028.34,1032.10,1024.60,2.90,5.82,0.00,12.97,2025-02-20T06:35:00-06:00,32.6,NNE,NNE,0.0000,0.0000,0.0,0,,,2.610,5.00
2025-02-21,2025,2,21,52,287,1435.0,99.7,40.16,53.78,2025-02-21T15:55:00-06:00,28.04,2025-02-21T06:40:00-06:00,21.81,28.75,16.89,49.42,71.00,27.00,1031.50,1034.80,1029.00,2.19,4.25,0.00,13.42,2025-02-21T14:10:00-06:00,32.5,NNE,NE,0.0000,0.0000,0.0,0,,,2.660,5.00
2025-02-22,2025,2,22,53,287,1435.0,99.7,50.86,61.52,2025-02-22T14:45:00-06:00,42.62,2025-02-22T04:55:00-06:00,31.87,38.35,24.61,48.43,61.00,35.00,1027.90,1031.00,1024.90,1.55,3.58,0.00,9.84,2025-02-22T09:40:00-06:00,28.6,NNE,NNE,0.0074,0.0074,25.0,0,,,2.650,5.00
2025-02-23,2025,2,23,54,288,1440.0,100.0,48.47,52.52,2025-02-23T20:45:00-06:00,44.60,2025-02-23T06:40:00-06:00,46.56,52.34,38.61,93.42,100.00,61.00,1019.99,1025.20,1014.50,1.70,9.62,0.00,48.09,2025-02-23T14:15:00-06:00,52.8,NE,NE,1.4334,1.4334,955.0,0,,,2.600,5.00
2025-02-24,2025,2,24,55,288,1440.0,100.0,55.81,67.28,2025-02-24T15:55:00-06:00,46.40,2025-02-24T03:20:00-06:00,52.90,58.43,46.40,90.65,100.00,71.00,1015.36,1016.70,1013.10,1.97,7.83,0.00,15.21,2025-02-24T13:45:00-06:00,26.0,NNE,NE,0.0002,0.0002,15.0,0,,,2.590,5.00
2025-02-25,2025,2,25,56,287,1435.0,99.7,58.38,71.60,2025-02-25T12:10:00-06:00,47.12,2025-02-25T06:55:00-06:00,53.57,58.71,47.03,85.43,100.00,60.00,1015.27,1017.70,1013.40,1.14,3.80,0.00,9.40,2025-02-25T15:45:00-06:00,229.1,SW,SW,0.0000,0.0000,0.0,0,,,2.660,5.00
2025-02-26,2025,2,26,57,287,1435.0,99.7,60.18,73.58,2025-02-26T16:35:00-06:00,46.04,2025-02-26T06:45:00-06:00,51.13,58.64,42.89,76.26,100.00,38.00,1015.62,1017.60,1014.30,1.22,3.58,0.00,8.95,2025-02-26T08:40:00-06:00,232.5,SW,SW,0.0000,0.0000,0.0,0,,,2.660,5.00
2025-02-27,2025,2,27,58,287,1435.0,99.7,62.59,75.02,2025-02-27T16:15:00-06:00,52.52,2025-02-27T06:40:00-06:00,57.03,64.20,44.38,83.33,100.00,62.00,1018.15,1019.80,1016.20,0.94,2.68,0.00,6.04,2025-02-27T10:55:00-06:00,313.8,NW,SW,0.0000,0.0000,0.0,0,,,2.660,5.00
2025-02-28,2025,2,28,59,287,1435.0,99.7,58.90,70.70,2025-02-28T14:15:00-06:00,42.80,2025-02-28T06:50:00-06:00,44.86,55.84,37.49,63.41,96.00,31.00,1017.94,1020.40,1015.20,1.46,4.25,0.00,10.51,2025-02-28T12:05:00-06:00,229.3,SW,SW,0.0000,0.0000,0.0,0,,,2.660,5.00
2025-03-01,2025,3,1,60,287,1435.0,99.7,64.63,82.22,2025-03-01T13:00:00-06:00,48.02,2025-03-01T06:40:00-06:00,46.01,54.83,33.07,57.38,99.00,25.00,1015.27,1018.50,1012.80,1.13,4.03,0.00,8.95,2025-03-01T22:25:00-06:00,21.5,NNE,NNE,0.0000,0.0000,0.0,0,,,2.660,5.00
2025-03-02,2025,3,2,61,287,1435.0,99.7,55.17,66.92,2025-03-02T13:00:00-06:00,46.76,2025-03-02T06:40:00-06:00,36.95,44.80,29.24,52.81,90.00,28.00,1019.99,1023.10,1018.20,1.68,5.37,0.00,11.41,2025-03-02T08:25:00-06:00,321.5,NW,NE,0.0000,0.0000,0.0,0,,,2.660,5.00
2025-03-03,2025,3,3,62,287,1435.0,99.7,56.13,67.46,2025-03-03T16:30:00-06:00,44.06,2025-03-03T02:55:00-06:00,45.69,55.88,31.65,69.23,91.00,53.00,1018.17,1021.00,1014.80,1.06,2.91,0.00,8.72,2025-03-03T15:00:00-06:00,210.3,SSW,NE,0.0000,0.0000,0.0,0,,,2.660,5.00
2025-03-04,2025,3,4,63,287,1435.0,99.7,63.50,71.24,2025-03-04T17:00:00-06:00,55.94,2025-03-04T23:10:00-06:00,59.70,67.99,54.21,87.69,98.00,77.00,1006.93,1014.80,998.60,2.63,8.95,0.00,25.72,2025-03-04T17:55:00-06:00,192.8,SSW,S,0.7400,0.7400,155.0,426,13.63,4.97,2.650,5.00
2025-03-05,2025,3,5,64,287,1435.0,99.7,59.61,68.00,2025-03-05T13:45:00-06:00,48.38,2025-03-05T23:50:00-06:00,41.24,54.57,31.34,52.54,84.00,30.00,1009.81,1016.60,1004.10,1.70,4.92,0.00,12.08,2025-03-05T17:15:00-06:00,222.9,SW,NW,0.0000,0.0000,0.0,0,,,2.630,5.00
2025-03-06,2025,3,6,65,287,1435.0,99.7,52.53,65.48,2025-03-06T12:45:00-06:00,39.56,2025-03-06T06:40:00-06:00,35.97,47.15,27.18,56.42,85.00,25.00,1017.55,1020.60,1015.60,1.95,6.49,0.00,19.68,2025-03-06T22:45:00-06:00,116.6,ESE,NE,0.0000,0.0000,0.0,0,,,2.660,5.00
2025-03-07,2025,3,7,66,287,1435.0,99.7,61.29,72.86,2025-03-07T14:10:00-06:00,44.96,2025-03-07T06:40:00-06:00,55.39,65.32,44.16,82.06,98.00,62.00,1014.16,1017.10,1011.70,1.88,4.70,0.00,12.75,2025-03-07T14:25:00-06:00,246.8,WSW,NW,0.0000,0.0000,0.0,0,,,2.630,5.00
2025-03-08,2025,3,8,67,287,1435.0,99.7,68.74,75.74,2025-03-08T14:15:00-06:00,64.22,2025-03-08T06:15:00-06:00,65.78,68.39,63.93,90.70,100.00,74.00,1011.22,1014.20,1009.10,1.22,5.14,0.00,12.08,2025-03-08T09:30:00-06:00,120.0,ESE,SE,0.1476,0.1476,150.0,199,16.38,2.49,2.650,5.00
2025-03-09,2025,3,9,68,276,1380.0,100.0,62.99,71.96,2025-03-09T14:20:00-05:00,54.14,2025-03-09T23:35:00-05:00,58.62,66.81,49.41,86.16,100.00,66.00,1010.59,1013.50,1008.40,1.80,7.83,0.00,15.88,2025-03-09T11:50:00-05:00,95.5,E,SE,0.0343,0.0343,65.0,36,13.51,3.11,2.630,5.00
2025-03-10,2025,3,10,69,287,1435.0,99.7,60.09,75.02,2025-03-10T16:50:00-05:00,50.90,2025-03-10T05:40:00-05:00,46.85,50.94,40.21,65.22,87.00,32.00,1014.34,1016.30,1012.60,2.17,6.93,0.00,13.20,2025-03-10T03:10:00-05:00,71.6,ENE,NE,0.0000,0.0000,0.0,0,,,2.650,5.00
2025-03-11,2025,3,11,70,286,1430.0,99.3,59.63,74.12,2025-03-11T16:50:00-05:00,43.16,2025-03-11T07:15:00-05:00,47.36,55.88,39.36,67.70,95.00,31.00,1015.64,1018.20,1013.60,1.71,4.70,0.00,14.09,2025-03-11T21:45:00-05:00,225.9,SW,SW,0.0000,0.0000,0.0,0,,,2.620,5.00
2025-03-12,2025,3,12,71,286,1430.0,99.3,63.74,75.38,2025-03-12T16:15:00-05:00,49.10,2025-03-12T06:55:00-05:00,56.82,64.24,48.83,79.95,100.00,57.00,1014.03,1016.90,1011.30,2.23,4.47,0.00,10.07,2025-03-12T03:50:00-05:00,325.9,NW,NW,0.0000,0.0000,0.0,0,,,2.660,5.00
2025-03-13,2025,3,13,72,287,1435.0,99.7,70.98,81.32,2025-03-13T16:30:00-05:00,62.42,2025-03-13T04:05:00-05:00,65.15,67.10,62.13,83.45,100.00,57.00,1011.08,1013.80,1008.70,1.90,3.58,0.00,15.43,2025-03-13T00:45:00-05:00,233.4,SW,NW,0.0074,0.0074,10.0,0,,,2.650,5.00
2025-03-14,2025,3,14,73,287,1435.0,99.7,71.82,79.16,2025-03-14T14:15:00-05:00,65.66,2025-03-14T03:15:00-05:00,69.58,72.31,65.37,93.08,100.00,77.00,1007.91,1010.50,1004.50,2.21,4.92,0.00,23.49,2025-03-14T12:55:00-05:00,209.3,SSW,NW,0.0319,0.0319,55.0,0,,,2.650,5.00
2025-03-15,2025,3,15,74,287,1435.0,99.7,72.88,78.26,2025-03-15T12:25:00-05:00,67.64,2025-03-15T22:45:00-05:00,70.58,72.32,62.12,92.70,100.00,80.00,999.72,1004.50,993.80,4.23,8.72,0.00,41.38,2025-03-15T18:15:00-05:00,276.0,W,NW,0.2704,0.2704,120.0,5085,9.05,3.73,2.640,5.00
2025-03-16,2025,3,16,75,287,1435.0,99.7,63.73,73.40,2025-03-16T15:30:00-05:00,50.18,2025-03-16T23:55:00-05:00,42.86,61.25,27.42,51.92,96.00,21.00,1012.56,1022.40,1003.50,1.96,9.40,0.00,13.87,2025-03-16T01:25:00-05:00,133.4,SE,SE,0.0000,0.0000,0.0,0,,,2.630,5.00
2025-03-17,2025,3,17,76,287,1435.0,99.7,57.42,71.24,2025-03-17T12:40:00-05:00,42.44,2025-03-17T06:45:00-05:00,40.35,52.27,29.94,57.59,91.00,24.00,1024.67,1027.50,1022.50,1.49,4.25,0.00,8.95,2025-03-17T13:55:00-05:00,176.9,S,SW,0.0000,0.0000,0.0,0,,,2.660,5.00
2025-03-18,2025,3,18,77,287,1435.0,99.7,61.85,72.50,2025-03-18T13:45:00-05:00,47.12,2025-03-18T07:20:00-05:00,50.77,58.76,42.76,69.78,95.00,39.00,1020.45,1023.60,1016.60,1.97,4.03,0.00,12.53,2025-03-18T20:20:00-05:00,211.4,SSW,SW,0.0000,0.0000,0.0,0,,,2.630,5.00
2025-03-19,2025,3,19,78,287,1435.0,99.7,70.72,79.16,2025-03-19T15:25:00-05:00,63.86,2025-03-19T00:05:00-05:00,63.42,65.81,58.93,78.33,90.00,60.00,1013.63,1017.00,1011.00,1.98,3.80,0.00,17.22,2025-03-19T14:15:00-05:00,265.0,W,NW,0.0000,0.0000,0.0,0,,,2.650,5.00
2025-03-20,2025,3,20,79,287,1435.0,99.7,59.01,69.08,2025-03-20T00:05:00-05:00,47.12,2025-03-20T23:50:00-05:00,35.66,65.52,29.55,42.81,89.00,29.00,1018.90,1022.50,1013.40,1.95,6.04,0.00,17.45,2025-03-20T09:00:00-05:00,53.5,NE,NE,0.0000,0.0000,0.0,0,,,2.640,5.00
2025-03-21,2025,3,21,80,287,1435.0,99.7,54.18,64.94,2025-03-21T16:05:00-05:00,39.20,2025-03-21T07:15:00-05:00,38.71,51.03,27.78,59.45,89.00,28.00,1021.50,1023.80,1019.00,2.17,6.26,0.00,12.97,2025-03-21T13:40:00-05:00,199.3,SSW,SSW,0.0000,0.0000,0.0,0,,,2.630,5.00
2025-03-22,2025,3,22,81,287,1435.0,99.7,62.58,73.94,2025-03-22T16:35:00-05:00,47.84,2025-03-22T06:55:00-05:00,52.62,60.91,44.35,73.19,97.00,36.00,1019.24,1021.60,1017.00,1.55,3.80,0.00,9.17,2025-03-22T14:00:00-05:00,210.7,SSW,SW,0.0000,0.0000,0.0,0,,,2.660,5.00
2025-03-23,2025,3,23,82,287,1435.0,99.7,67.80,75.20,2025-03-23T12:50:00-05:00,58.64,2025-03-23T04:40:00-05:00,63.05,66.44,57.68,85.25,98.00,71.00,1016.68,1018.30,1014.00,1.53,4.70,0.00,11.86,2025-03-23T12:50:00-05:00,243.4,WSW,SW,0.0000,0.0000,0.0,0,,,2.650,5.00
2025-03-24,2025,3,24,83,287,1435.0,99.7,66.04,70.70,2025-03-24T15:55:00-05:00,59.54,2025-03-24T23:50:00-05:00,63.43,67.53,58.97,91.68,100.00,75.00,1015.74,1019.10,1013.80,1.08,7.16,0.00,20.80,2025-03-24T14:00:00-05:00,231.3,SW,SW,0.8828,0.8828,210.0,2194,10.68,0.62,2.630,5.00
2025-03-25,2025,3,25,84,287,1435.0,99.7,67.03,79.16,2025-03-25T16:45:00-05:00,54.86,2025-03-25T05:15:00-05:00,62.34,67.32,54.58,86.14,100.00,65.00,1018.81,1020.70,1017.30,1.25,2.91,0.00,11.86,2025-03-25T12:50:00-05:00,208.8,SSW,NW,0.0000,0.0000,0.0,0,,,2.660,5.00
2025-03-26,2025,3,26,85,287,1435.0,99.7,72.31,82.76,2025-03-26T16:10:00-05:00,64.58,2025-03-26T03:50:00-05:00,66.27,70.15,63.76,82.79,100.00,54.00,1021.03,1023.40,1019.60,1.48,4.92,0.00,12.08,2025-03-26T12:05:00-05:00,322.8,NW,NW,0.0000,0.0000,0.0,0,,,2.650,5.00
2025-03-27,2025,3,27,86,287,1435.0,99.7,70.53,81.14,2025-03-27T12:50:00-05:00,62.06,2025-03-27T07:00:00-05:00,61.23,64.34,56.22,74.49,94.00,44.00,1021.06,1023.40,1019.80,1.02,3.80,0.00,11.63,2025-03-27T13:50:00-05:00,234.0,SW,NW,0.0000,0.0000,0.0,0,,,2.650,5.00
2025-03-28,2025,3,28,87,287,1435.0,99.7,70.32,77.36,2025-03-28T13:00:00-05:00,64.58,2025-03-28T03:30:00-05:00,65.38,69.50,63.17,84.98,97.00,68.00,1018.36,1020.30,1016.10,1.34,4.47,0.00,17.22,2025-03-28T12:10:00-05:00,160.7,SSE,SE,0.0000,0.0000,0.0,0,,,2.630,5.00
2025-03-29,2025,3,29,88,288,1440.0,100.0,71.81,76.82,2025-03-29T14:10:00-05:00,66.92,2025-03-29T02:45:00-05:00,68.71,70.58,65.74,90.35,100.00,73.00,1014.08,1016.20,1011.00,1.77,3.58,0.00,22.15,2025-03-29T02:20:00-05:00,223.6,SW,NW,0.6284,0.6284,345.0,43,4.35,1.24,2.620,5.00
2025-03-30,2025,3,30,89,287,1435.0,99.7,74.83,84.02,2025-03-30T15:20:00-05:00,68.00,2025-03-30T02:10:00-05:00,71.61,74.56,67.12,90.36,100.00,71.00,1011.17,1013.30,1009.20,1.67,4.70,0.00,21.47,2025-03-30T23:50:00-05:00,241.0,WSW,NW,0.0111,0.0111,25.0,11,4.91,3.11,2.620,5.00
2025-03-31,2025,3,31,90,286,1430.0,99.3,71.33,75.74,2025-03-31T17:25:00-05:00,65.12,2025-03-31T09:50:00-05:00,69.63,73.93,64.83,94.54,100.00,82.00,1010.52,1013.10,1007.90,1.70,4.03,0.00,15.66,2025-03-31T13:25:00-05:00,207.5,SSW,SSE,1.0918,1.0918,200.0,1979,8.67,1.24,2.590,5.00
2025-04-01,2025,4,1,91,287,1435.0,99.7,71.83,78.62,2025-04-01T13:50:00-05:00,64.58,2025-04-01T06:35:00-05:00,69.08,73.98,64.58,91.52,100.00,76.00,1011.89,1014.20,1010.00,2.40,7.61,0.00,19.46,2025-04-01T21:20:00-05:00,5.0,N,NW,0.0000,0.0000,0.0,0,,,2.620,5.00
2025-04-02,2025,4,2,92,287,1435.0,99.7,77.80,82.04,2025-04-02T14:25:00-05:00,74.66,2025-04-02T00:05:00-05:00,74.48,75.41,73.44,89.74,97.00,79.00,1011.02,1012.10,1009.80,2.92,12.30,0.00,24.38,2025-04-02T15:25:00-05:00,312.2,NW,NW,0.0000,0.0000,10.0,0,,,2.620,5.00
2025-04-03,2025,4,3,93,287,1435.0,99.7,78.68,83.30,2025-04-03T15:05:00-05:00,75.92,2025-04-03T03:15:00-05:00,74.96,76.33,73.61,88.57,94.00,78.00,1013.61,1015.60,1011.20,2.71,8.28,0.00,23.26,2025-04-03T04:30:00-05:00,315.5,NW,NW,0.0000,0.0000,0.0,0,,,2.620,5.00
2025-04-04,2025,4,4,94,287,1435.0,99.7,78.99,83.66,2025-04-04T14:15:00-05:00,77.00,2025-04-04T04:45:00-05:00,75.55,77.42,74.67,89.33,94.00,80.00,1016.12,1017.80,1014.70,2.67,6.26,0.00,21.47,2025-04-04T14:50:00-05:00,312.8,NW,NW,0.0000,0.0000,0.0,0,,,2.620,5.00
2025-04-05,2025,4,5,95,287,1435.0,99.7,79.21,83.12,2025-04-05T13:05:00-05:00,76.46,2025-04-05T05:45:00-05:00,74.71,76.02,73.81,86.32,92.00,75.00,1012.82,1015.20,1009.50,2.70,6.49,0.00,24.83,2025-04-05T00:30:00-05:00,305.7,NW,NW,0.0034,0.0034,25.0,0,,,2.620,5.00
2025-04-06,2025,4,6,96,288,1440.0,100.0,68.11,78.62,2025-04-06T00:00:00-05:00,57.02,2025-04-06T23:40:00-05:00,66.79,75.23,54.42,95.59,100.00,88.00,1009.55,1011.60,1008.10,2.53,7.16,0.00,18.34,2025-04-06T05:35:00-05:00,344.1,NNW,NW,2.6973,2.6973,525.0,1867,9.95,1.86,2.600,5.00
2025-04-07,2025,4,7,97,287,1435.0,99.7,54.53,59.18,2025-04-07T13:30:00-05:00,48.20,2025-04-07T23:45:00-05:00,50.74,54.92,46.99,87.65,98.00,68.00,1012.90,1016.40,1009.60,0.73,1.79,0.00,4.70,2025-04-07T21:25:00-05:00,9.3,N,NNE,0.1629,0.1629,215.0,170,10.04,1.86,2.590,5.00
2025-04-08,2025,4,8,98,287,1435.0,99.7,57.74,72.50,2025-04-08T16:00:00-05:00,44.06,2025-04-08T06:55:00-05:00,45.05,50.01,39.68,68.15,97.00,32.00,1017.60,1019.80,1016.10,0.90,2.01,0.00,6.04,2025-04-08T03:20:00-05:00,27.6,NNE,NE,0.0000,0.0000,0.0,0,,,2.600,5.00
2025-04-09,2025,4,9,99,287,1435.0,99.7,61.40,73.04,2025-04-09T16:10:00-05:00,47.84,2025-04-09T07:10:00-05:00,49.78,57.04,43.22,68.27,93.00,41.00,1020.22,1022.30,1018.80,1.05,2.46,0.00,7.83,2025-04-09T00:35:00-05:00,327.5,NNW,NE,0.0000,0.0000,0.0,0,,,2.650,5.00
2025-04-10,2025,4,10,100,287,1435.0,99.7,67.19,76.82,2025-04-10T16:10:00-05:00,54.14,2025-04-10T06:50:00-05:00,57.45,63.53,52.92,73.06,98.00,49.00,1020.16,1022.50,1017.50,0.72,2.01,0.00,7.83,2025-04-10T11:15:00-05:00,232.0,SW,SW,0.0000,0.0000,0.0,0,,,2.650,5.00
2025-04-11,2025,4,11,101,287,1435.0,99.7,70.10,81.68,2025-04-11T16:10:00-05:00,61.52,2025-04-11T07:05:00-05:00,49.96,63.15,37.60,55.63,95.00,23.00,1018.13,1020.10,1016.00,0.84,2.46,0.00,7.83,2025-04-11T15:30:00-05:00,36.3,NE,NE,0.0000,0.0000,0.0,0,,,2.650,5.00
2025-04-12,2025,4,12,102,287,1435.0,99.7,62.98,75.38,2025-04-12T14:15:00-05:00,49.46,2025-04-12T06:55:00-05:00,49.47,56.39,44.05,63.72,90.00,35.00,1019.38,1022.00,1017.40,0.90,2.01,0.00,7.38,2025-04-12T14:50:00-05:00,354.6,N,NE,0.0000,0.0000,0.0,0,,,2.650,5.00
2025-04-13,2025,4,13,103,287,1435.0,99.7,66.06,77.72,2025-04-13T16:05:00-05:00,51.62,2025-04-13T06:35:00-05:00,54.31,59.58,48.41,68.51,92.00,44.00,1018.78,1020.70,1017.60,1.15,2.46,0.00,7.83,2025-04-13T19:45:00-05:00,205.8,SSW,SW,0.0000,0.0000,0.0,0,,,2.650,5.00
2025-04-14,2025,4,14,104,287,1435.0,99.7,71.99,78.62,2025-04-14T15:30:00-05:00,66.38,2025-04-14T06:25:00-05:00,61.88,66.12,58.31,70.87,81.00,57.00,1018.28,1020.10,1016.60,1.30,2.91,0.00,10.29,2025-04-14T12:10:00-05:00,273.7,W,NW,0.0000,0.0000,0.0,0,,,2.650,5.00
2025-04-15,2025,4,15,105,287,1435.0,99.7,69.97,81.86,2025-04-15T16:05:00-05:00,60.44,2025-04-15T23:55:00-05:00,54.71,63.67,42.02,63.40,92.00,27.00,1018.95,1020.80,1017.40,0.80,2.46,0.00,5.82,2025-04-15T12:35:00-05:00,29.3,NNE,NE,0.0000,0.0000,0.0,0,,,2.650,5.00
2025-04-16,2025,4,16,106,287,1435.0,99.7,64.41,75.56,2025-04-16T12:20:00-05:00,52.88,2025-04-16T06:55:00-05:00,43.96,57.35,36.07,48.93,75.00,24.00,1019.63,1022.10,1017.30,0.88,2.91,0.00,8.05,2025-04-16T13:30:00-05:00,173.7,S,NE,0.0000,0.0000,0.0,0,,,2.650,5.00
2025-04-17,2025,4,17,107,287,1435.0,99.7,68.38,78.44,2025-04-17T14:20:00-05:00,55.94,2025-04-17T05:55:00-05:00,59.20,64.04,53.94,74.36,96.00,49.00,1018.12,1019.60,1016.70,0.89,3.13,0.00,19.24,2025-04-17T11:20:00-05:00,180.3,S,SSW,0.0000,0.0000,0.0,0,,,2.650,5.00
2025-04-18,2025,4,18,108,287,1435.0,99.7,74.23,80.96,2025-04-18T15:05:00-05:00,68.72,2025-04-18T06:15:00-05:00,68.09,71.43,64.22,81.93,96.00,63.00,1018.22,1020.40,1015.60,1.54,4.70,0.00,15.43,2025-04-18T15:50:00-05:00,157.4,SSE,SSE,0.0000,0.0000,0.0,0,,,2.650,5.00
2025-04-19,2025,4,19,109,287,1435.0,99.7,75.24,81.68,2025-04-19T15:10:00-05:00,70.52,2025-04-19T23:55:00-05:00,70.17,71.92,68.71,84.78,95.00,67.00,1020.26,1022.10,1018.50,1.51,4.03,0.00,15.21,2025-04-19T13:55:00-05:00,153.6,SSE,SSE,0.0000,0.0000,0.0,0,,,2.650,5.00
2025-04-20,2025,4,20,110,287,1435.0,99.7,74.75,79.52,2025-04-20T12:40:00-05:00,69.80,2025-04-20T01:00:00-05:00,70.16,71.53,67.80,85.85,95.00,75.00,1018.47,1021.20,1016.70,1.54,3.58,0.00,14.32,2025-04-20T09:40:00-05:00,165.6,SSE,SSE,0.0000,0.0000,0.0,0,,,2.650,5.00
2025-04-21,2025,4,21,111,287,1435.0,99.7,72.77,78.44,2025-04-21T11:25:00-05:00,67.28,2025-04-21T23:50:00-05:00,70.28,73.70,66.99,92.26,100.00,72.00,1017.76,1019.10,1016.50,1.11,3.36,0.00,13.65,2025-04-21T11:40:00-05:00,154.9,SSE,SE,0.2489,0.2489,190.0,856,16.45,1.86,2.640,5.00
2025-04-22,2025,4,22,112,287,1435.0,99.7,73.99,82.04,2025-04-22T13:55:00-05:00,67.10,2025-04-22T00:05:00-05:00,70.02,73.82,66.73,88.28,100.00,65.00,1016.61,1018.10,1015.10,1.48,4.25,0.00,9.84,2025-04-22T13:00:00-05:00,311.2,NW,NW,0.0000,0.0000,0.0,110,12.03,3.11,2.630,5.00
2025-04-23,2025,4,23,113,287,1435.0,99.7,75.79,81.68,2025-04-23T14:35:00-05:00,71.78,2025-04-23T01:05:00-05:00,70.56,72.74,67.75,84.71,99.00,64.00,1016.85,1018.80,1015.30,2.18,5.14,0.00,16.55,2025-04-23T10:00:00-05:00,316.6,NW,NW,0.0000,0.0000,0.0,104,12.13,3.11,2.640,5.00
2025-04-24,2025,4,24,114,287,1435.0,99.7,74.00,79.34,2025-04-24T13:15:00-05:00,68.90,2025-04-24T04:05:00-05:00,70.40,72.77,68.07,88.94,99.00,75.00,1016.99,1018.60,1015.70,1.75,4.92,0.00,11.41,2025-04-24T23:55:00-05:00,321.5,NW,NW,0.0147,0.0147,20.0,39,16.01,4.35,2.630,5.00
2025-04-25,2025,4,25,115,287,1435.0,99.7,75.73,82.76,2025-04-25T15:00:00-05:00,68.36,2025-04-25T23:45:00-05:00,70.86,72.54,68.07,85.89,99.00,64.00,1017.36,1019.00,1015.80,2.05,4.92,0.00,19.46,2025-04-25T15:15:00-05:00,306.8,NW,NW,0.1127,0.1127,125.0,2330,15.43,2.49,2.610,5.00
2025-04-26,2025,4,26,116,287,1435.0,99.7,74.52,85.10,2025-04-26T15:20:00-05:00,64.22,2025-04-26T05:50:00-05:00,68.63,74.03,63.93,83.57,100.00,55.00,1017.39,1019.10,1016.10,1.25,4.25,0.00,9.40,2025-04-26T18:05:00-05:00,316.1,NW,NW,0.0000,0.0000,0.0,0,,,2.650,5.00
2025-04-27,2025,4,27,117,287,1435.0,99.7,77.76,84.02,2025-04-27T14:10:00-05:00,69.98,2025-04-27T06:40:00-05:00,71.11,73.74,68.15,80.74,98.00,65.00,1017.96,1019.50,1016.50,2.47,4.70,0.00,11.63,2025-04-27T16:55:00-05:00,325.1,NW,NW,0.0000,0.0000,0.0,3,4.76,4.35,2.650,5.00
2025-04-28,2025,4,28,118,287,1435.0,99.7,77.52,84.92,2025-04-28T16:15:00-05:00,68.90,2025-04-28T06:50:00-05:00,68.85,71.43,64.62,75.99,95.00,52.00,1018.89,1020.40,1017.30,1.54,4.47,0.00,13.42,2025-04-28T10:25:00-05:00,305.8,NW,NW,0.0000,0.0000,0.0,0,,,2.650,5.00
2025-04-29,2025,4,29,119,287,1435.0,99.7,77.83,84.38,2025-04-29T14:30:00-05:00,71.60,2025-04-29T06:50:00-05:00,69.55,71.61,64.97,76.76,93.00,56.00,1019.09,1021.10,1017.90,1.58,4.92,0.00,12.97,2025-04-29T16:00:00-05:00,309.0,NW,NW,0.0000,0.0000,0.0,0,,,2.650,5.00
2025-04-30,2025,4,30,120,287,1435.0,99.7,77.27,83.48,2025-04-30T13:15:00-05:00,69.08,2025-04-30T06:20:00-05:00,70.46,72.66,67.46,80.19,96.00,63.00,1016.29,1018.10,1013.30,2.28,6.04,0.00,22.82,2025-04-30T11:55:00-05:00,300.5,WNW,NW,0.0000,0.0000,0.0,0,,,2.650,5.00
2025-05-01,2025,5,1,121,287,1435.0,99.7,77.13,82.76,2025-05-01T15:35:00-05:00,66.38,2025-05-01T07:45:00-05:00,69.64,73.67,63.12,78.66,97.00,56.00,1015.56,1018.20,1013.40,2.12,4.92,0.00,14.54,2025-05-01T04:35:00-05:00,313.0,NW,NW,0.4113,0.4113,90.0,111,17.51,1.86,2.650,5.00
2025-05-02,2025,5,2,122,287,1435.0,99.7,77.30,82.22,2025-05-02T14:05:00-05:00,71.78,2025-05-02T05:35:00-05:00,70.78,73.00,68.53,80.84,95.00,66.00,1013.78,1015.90,1011.60,1.73,6.04,0.00,11.86,2025-05-02T07:30:00-05:00,306.9,NW,NW,0.0000,0.0000,0.0,360,15.98,4.97,2.640,5.00
2025-05-03,2025,5,3,123,287,1435.0,99.7,70.89,80.24,2025-05-03T16:15:00-05:00,65.12,2025-05-03T06:55:00-05:00,66.17,72.67,62.15,86.22,100.00,64.00,1011.87,1013.80,1010.40,1.21,8.95,0.00,31.09,2025-05-03T01:05:00-05:00,314.9,NW,NW,0.8446,0.8446,210.0,595,8.42,3.11,2.620,5.00
2025-05-04,2025,5,4,124,287,1435.0,99.7,68.53,77.36,2025-05-04T13:45:00-05:00,58.64,2025-05-04T06:25:00-05:00,55.22,62.11,47.60,65.78,94.00,38.00,1012.48,1014.30,1010.60,0.80,3.13,0.00,9.62,2025-05-04T14:10:00-05:00,191.1,S,SE,0.0000,0.0000,0.0,0,,,2.630,5.00
2025-05-05,2025,5,5,125,287,1435.0,99.7,68.57,77.90,2025-05-05T15:55:00-05:00,56.30,2025-05-05T06:35:00-05:00,54.43,62.99,50.17,62.76,85.00,39.00,1013.61,1015.60,1012.00,0.87,3.13,0.00,9.84,2025-05-05T13:05:00-05:00,314.0,NW,NW,0.0000,0.0000,0.0,0,,,2.630,5.00
2025-05-06,2025,5,6,126,287,1435.0,99.7,73.51,79.52,2025-05-06T12:05:00-05:00,66.92,2025-05-06T06:40:00-05:00,69.25,75.59,62.64,86.77,98.00,74.00,1012.83,1015.50,1009.50,1.19,5.37,0.00,25.05,2025-05-06T22:45:00-05:00,128.4,SE,SE,2.0968,2.0968,205.0,6096,5.11,1.24,2.620,5.00
2025-05-07,2025,5,7,127,288,1440.0,100.0,67.58,71.06,2025-05-07T00:00:00-05:00,65.84,2025-05-07T22:05:00-05:00,67.23,70.47,65.55,98.82,100.00,94.00,1014.48,1018.50,1011.60,2.34,23.49,0.00,33.33,2025-05-07T06:40:00-05:00,243.5,WSW,WSW,2.1670,2.1670,945.0,2480,9.93,0.00,2.590,5.00
2025-05-08,2025,5,8,128,287,1435.0,99.7,72.82,82.22,2025-05-08T12:45:00-05:00,62.24,2025-05-08T06:15:00-05:00,67.13,72.18,61.95,83.88,100.00,56.00,1014.56,1016.50,1012.80,2.54,9.17,0.00,15.66,2025-05-08T15:05:00-05:00,38.0,NE,NNW,0.0000,0.0000,0.0,0,,,2.580,5.00
2025-05-09,2025,5,9,129,280,1400.0,97.2,68.19,74.48,2025-05-09T00:05:00-05:00,64.22,2025-05-09T17:30:00-05:00,67.74,72.14,63.93,98.48,100.00,92.00,1012.54,1014.40,1010.20,2.03,10.51,0.00,25.28,2025-05-09T08:55:00-05:00,40.1,NE,SE,2.5887,2.5887,815.0,611,12.15,0.62,2.610,5.00
2025-05-10,2025,5,10,130,288,1440.0,100.0,68.05,78.08,2025-05-10T15:35:00-05:00,62.60,2025-05-10T23:55:00-05:00,64.13,67.45,60.24,88.04,100.00,65.00,1010.97,1013.20,1009.80,1.16,5.82,0.00,9.84,2025-05-10T15:50:00-05:00,46.3,NE,NNE,0.0000,0.0000,0.0,0,,,2.600,5.00
2025-05-11,2025,5,11,131,287,1435.0,99.7,67.72,76.28,2025-05-11T15:20:00-05:00,60.80,2025-05-11T06:35:00-05:00,60.54,64.91,57.22,78.67,94.00,60.00,1012.72,1014.50,1011.10,0.81,2.46,0.00,7.61,2025-05-11T11:45:00-05:00,205.0,SSW,SE,0.0000,0.0000,0.0,26,10.04,2.49,2.630,5.00
2025-05-12,2025,5,12,132,287,1435.0,99.7,69.20,76.10,2025-05-12T15:55:00-05:00,64.04,2025-05-12T02:05:00-05:00,61.38,63.13,57.92,76.70,90.00,62.00,1011.28,1013.10,1009.20,0.93,2.68,0.00,8.50,2025-05-12T11:30:00-05:00,224.4,SW,WSW,0.0000,0.0000,0.0,0,,,2.650,5.00
2025-05-13,2025,5,13,133,287,1435.0,99.7,74.30,83.48,2025-05-13T17:15:00-05:00,65.84,2025-05-13T00:05:00-05:00,66.08,71.24,62.82,76.94,94.00,53.00,1010.90,1012.80,1009.00,1.11,2.46,0.00,9.40,2025-05-13T22:20:00-05:00,146.5,SSE,SE,0.0000,0.0000,0.0,0,,,2.650,5.00
2025-05-14,2025,5,14,134,287,1435.0,99.7,78.13,84.02,2025-05-14T15:20:00-05:00,73.94,2025-05-14T06:25:00-05:00,70.99,73.15,66.82,79.63,92.00,57.00,1010.32,1011.80,1009.10,2.06,3.80,0.00,20.13,2025-05-14T19:50:00-05:00,145.0,SE,SE,0.0000,0.0000,0.0,0,,,2.620,5.00
2025-05-15,2025,5,15,135,287,1435.0,99.7,80.68,86.18,2025-05-15T14:10:00-05:00,76.46,2025-05-15T00:05:00-05:00,74.36,76.35,72.32,81.58,92.00,69.00,1011.66,1013.80,1008.90,1.92,3.58,0.00,19.01,2025-05-15T04:00:00-05:00,143.6,SE,SE,0.0000,0.0000,0.0,0,,,2.650,5.00
2025-05-16,2025,5,16,136,286,1430.0,99.3,81.46,87.44,2025-05-16T14:40:00-05:00,77.72,2025-05-16T05:50:00-05:00,75.82,78.06,74.64,83.52,92.00,67.00,1012.91,1013.90,1011.80,1.77,3.13,0.00,19.46,2025-05-16T12:25:00-05:00,142.8,SE,SE,0.0000,0.0000,0.0,0,,,2.650,5.00
2025-05-17,2025,5,17,137,287,1435.0,99.7,82.17,88.16,2025-05-17T14:50:00-05:00,78.26,2025-05-17T04:05:00-05:00,75.03,76.36,73.21,79.62,90.00,65.00,1013.61,1015.40,1012.00,1.54,2.91,0.00,21.92,2025-05-17T21:55:00-05:00,141.0,SE,SE,0.0000,0.0000,0.0,0,,,2.620,5.00
2025-05-18,2025,5,18,138,287,1435.0,99.7,81.80,88.34,2025-05-18T15:20:00-05:00,78.26,2025-05-18T06:05:00-05:00,74.51,75.92,72.81,79.20,89.00,62.00,1012.91,1014.10,1011.90,1.51,2.91,0.00,14.76,2025-05-18T15:05:00-05:00,140.5,SE,SE,0.0000,0.0000,0.0,0,,,2.640,5.00
2025-05-19,2025,5,19,139,287,1435.0,99.7,81.90,86.90,2025-05-19T14:30:00-05:00,77.90,2025-05-19T06:00:00-05:00,74.51,76.51,72.05,78.92,92.00,63.00,1011.52,1012.80,1010.00,1.53,3.58,0.00,22.59,2025-05-19T16:55:00-05:00,137.8,SE,SE,0.0000,0.0000,0.0,0,,,2.610,5.00
2025-05-20,2025,5,20,140,287,1435.0,99.7,83.12,88.16,2025-05-20T16:20:00-05:00,79.34,2025-05-20T06:10:00-05:00,76.19,78.65,74.21,79.99,88.00,68.00,1010.28,1012.10,1008.60,2.03,3.80,0.00,24.38,2025-05-20T02:00:00-05:00,139.4,SE,SE,0.0000,0.0000,0.0,0,,,2.650,5.00
2025-05-21,2025,5,21,141,287,1435.0,99.7,75.92,81.68,2025-05-21T00:05:00-05:00,68.00,2025-05-21T23:45:00-05:00,70.17,77.25,64.29,82.70,94.00,63.00,1013.60,1016.30,1010.50,1.01,2.68,0.00,6.04,2025-05-21T01:00:00-05:00,136.2,SE,SE,0.0335,0.0335,45.0,399,14.26,4.97,2.620,5.00
2025-05-22,2025,5,22,142,287,1435.0,99.7,76.07,86.72,2025-05-22T14:10:00-05:00,65.12,2025-05-22T03:45:00-05:00,66.75,72.14,61.72,75.59,97.00,44.00,1015.21,1016.70,1014.00,1.17,5.37,0.00,17.22,2025-05-22T17:05:00-05:00,136.9,SE,SE,0.0000,0.0000,0.0,0,,,2.620,5.00
2025-05-23,2025,5,23,143,287,1435.0,99.7,79.02,88.70,2025-05-23T13:15:00-05:00,71.24,2025-05-23T04:30:00-05:00,71.98,75.84,69.73,80.36,96.00,57.00,1015.67,1016.90,1014.20,1.03,2.91,0.00,8.50,2025-05-23T15:50:00-05:00,137.5,SE,SE,0.0000,0.0000,0.0,528,17.84,4.35,2.650,5.00
2025-05-24,2025,5,24,144,287,1435.0,99.7,80.63,88.52,2025-05-24T12:55:00-05:00,71.06,2025-05-24T04:05:00-05:00,74.11,77.91,69.73,81.56,97.00,58.00,1016.43,1017.70,1015.40,1.19,2.91,0.00,20.80,2025-05-24T17:05:00-05:00,137.1,SE,SE,0.0000,0.0000,0.0,364,15.48,3.73,2.640,5.00
2025-05-25,2025,5,25,145,275,1375.0,95.5,82.94,89.96,2025-05-25T15:20:00-05:00,74.12,2025-05-25T06:45:00-05:00,75.78,77.61,72.28,79.87,95.00,60.00,1016.82,1018.40,1014.50,1.27,2.68,0.00,18.34,2025-05-25T11:55:00-05:00,136.5,SE,SE,0.0000,0.0000,0.0,117,13.80,3.11,2.640,5.00
2025-05-26,2025,5,26,146,287,1435.0,99.7,79.93,89.78,2025-05-26T13:50:00-05:00,73.04,2025-05-26T06:20:00-05:00,73.94,77.61,68.26,82.71,96.00,61.00,1014.56,1016.60,1011.90,1.32,2.91,0.00,20.58,2025-05-26T09:45:00-05:00,136.8,SE,SE,0.1312,0.1312,95.0,232,12.81,3.11,2.640,5.00
2025-05-27,2025,5,27,147,287,1435.0,99.7,81.80,88.34,2025-05-27T17:10:00-05:00,74.30,2025-05-27T02:15:00-05:00,75.01,78.13,70.91,80.77,98.00,63.00,1014.53,1016.80,1012.90,1.23,2.91,0.00,14.76,2025-05-27T08:35:00-05:00,137.4,SE,SE,0.0000,0.0000,0.0,2006,14.26,1.24,2.640,5.00
2025-05-28,2025,5,28,148,287,1435.0,99.7,79.72,88.52,2025-05-28T13:35:00-05:00,69.98,2025-05-28T23:55:00-05:00,73.47,77.43,67.85,82.44,99.00,57.00,1016.03,1018.10,1014.70,0.99,3.13,0.00,23.94,2025-05-28T14:50:00-05:00,136.8,SE,SE,0.4288,0.4288,140.0,821,17.39,1.86,2.630,5.00
2025-05-29,2025,5,29,149,288,1440.0,100.0,76.21,84.92,2025-05-29T14:00:00-05:00,69.80,2025-05-29T01:15:00-05:00,72.16,75.76,69.51,88.31,100.00,62.00,1015.52,1016.90,1014.00,0.83,3.13,0.00,15.21,2025-05-29T14:20:00-05:00,137.5,SE,SE,0.6130,0.6130,215.0,180,11.63,2.49,2.610,5.00
2025-05-30,2025,5,30,150,287,1435.0,99.7,79.44,88.34,2025-05-30T15:10:00-05:00,71.96,2025-05-30T05:20:00-05:00,73.80,79.18,70.32,83.94,100.00,56.00,1013.78,1015.50,1011.80,0.89,2.24,0.00,10.96,2025-05-30T11:20:00-05:00,135.3,SE,SE,0.0630,0.0630,20.0,11,7.74,2.49,2.610,5.00
2025-05-31,2025,5,31,151,285,1425.0,99.0,76.08,84.38,2025-05-31T15:30:00-05:00,67.28,2025-05-31T06:30:00-05:00,63.49,70.55,56.81,67.17,90.00,42.00,1013.22,1015.20,1011.20,1.10,3.13,0.00,8.50,2025-05-31T14:25:00-05:00,135.6,SE,SE,0.0000,0.0000,0.0,0,,,2.630,5.00
2025-06-01,2025,6,1,152,287,1435.0,99.7,76.93,85.46,2025-06-01T15:55:00-05:00,65.12,2025-06-01T06:10:00-05:00,63.96,67.68,59.13,67.45,96.00,42.00,1012.63,1014.00,1011.30,1.04,2.24,0.00,10.29,2025-06-01T12:35:00-05:00,138.3,SE,SE,0.0000,0.0000,0.0,0,,,2.610,5.00
2025-06-02,2025,6,2,153,287,1435.0,99.7,79.70,86.72,2025-06-02T15:20:00-05:00,70.70,2025-06-02T06:25:00-05:00,68.69,71.80,63.15,70.25,89.00,46.00,1014.28,1015.50,1013.10,1.25,3.13,0.00,12.08,2025-06-02T18:15:00-05:00,129.5,SE,SE,0.0000,0.0000,0.0,20,6.65,1.86,2.640,5.00
2025-06-03,2025,6,3,154,287,1435.0,99.7,79.21,88.52,2025-06-03T15:35:00-05:00,69.80,2025-06-03T06:10:00-05:00,69.25,72.83,66.17,73.67,95.00,48.00,1014.23,1015.90,1012.90,1.84,5.59,0.00,16.33,2025-06-03T15:25:00-05:00,108.1,ESE,ESE,0.0000,0.0000,0.0,0,,,2.640,5.00
2025-06-04,2025,6,4,155,287,1435.0,99.7,79.71,86.36,2025-06-04T14:55:00-05:00,72.32,2025-06-04T06:10:00-05:00,73.01,77.15,70.81,80.88,95.00,63.00,1013.80,1014.80,1012.40,1.95,5.37,0.00,14.09,2025-06-04T14:20:00-05:00,121.3,ESE,SE,0.1267,0.1267,35.0,0,,,2.640,5.00
2025-06-05,2025,6,5,156,287,1435.0,99.7,82.17,90.68,2025-06-05T15:25:00-05:00,72.68,2025-06-05T06:25:00-05:00,73.52,76.85,68.90,76.83,97.00,49.00,1014.81,1016.30,1013.50,1.65,3.80,0.00,14.09,2025-06-05T17:20:00-05:00,126.7,SE,SE,0.0000,0.0000,0.0,0,,,2.640,5.00
2025-06-06,2025,6,6,157,287,1435.0,99.7,84.83,92.12,2025-06-06T15:10:00-05:00,77.36,2025-06-06T05:35:00-05:00,75.71,78.30,70.81,75.15,94.00,50.00,1015.26,1017.50,1013.20,1.77,4.47,0.00,12.97,2025-06-06T20:55:00-05:00,133.5,SE,SE,0.0000,0.0000,0.0,4,4.04,1.86,2.640,5.00
2025-06-07,2025,6,7,158,287,1435.0,99.7,85.48,92.48,2025-06-07T16:35:00-05:00,78.08,2025-06-07T06:30:00-05:00,76.97,78.72,73.83,76.51,95.00,61.00,1014.09,1015.40,1012.00,1.72,4.25,0.00,14.76,2025-06-07T12:35:00-05:00,128.6,SE,SE,0.0000,0.0000,0.0,55,10.76,1.24,2.600,5.00
2025-06-08,2025,6,8,159,287,1435.0,99.7,85.74,91.40,2025-06-08T15:30:00-05:00,81.68,2025-06-08T06:05:00-05:00,77.63,79.81,75.89,77.22,87.00,61.00,1012.44,1014.10,1010.10,1.83,3.13,0.00,17.22,2025-06-08T04:00:00-05:00,136.4,SE,SE,0.0000,0.0000,5.0,48,10.03,3.73,2.640,5.00
2025-06-09,2025,6,9,160,287,1435.0,99.7,83.93,89.06,2025-06-09T16:55:00-05:00,73.76,2025-06-09T08:25:00-05:00,76.30,79.20,71.65,78.26,97.00,62.00,1012.02,1013.90,1010.30,1.75,27.29,0.00,42.05,2025-06-09T11:50:00-05:00,142.0,SE,SE,0.3026,0.3026,40.0,884,14.38,0.62,2.630,5.00
2025-06-10,2025,6,10,161,287,1435.0,99.7,80.13,89.24,2025-06-10T13:15:00-05:00,71.06,2025-06-10T19:40:00-05:00,75.48,79.04,70.16,86.37,99.00,66.00,1014.67,1018.00,1012.90,1.29,3.13,0.00,11.63,2025-06-10T13:40:00-05:00,123.5,ESE,SE,0.6729,0.6729,365.0,2666,9.03,0.62,2.610,5.00
2025-06-11,2025,6,11,162,287,1435.0,99.7,78.13,88.88,2025-06-11T14:30:00-05:00,70.16,2025-06-11T05:50:00-05:00,73.50,77.03,69.87,86.82,100.00,62.00,1016.50,1018.10,1014.90,2.70,6.04,0.00,16.11,2025-06-11T15:30:00-05:00,31.3,NNE,NNW,0.0000,0.0000,0.0,195,15.40,1.24,2.610,5.00
2025-06-12,2025,6,12,163,287,1435.0,99.7,81.34,89.42,2025-06-12T15:05:00-05:00,72.50,2025-06-12T06:00:00-05:00,75.55,78.49,71.34,83.42,97.00,67.00,1014.90,1017.40,1013.10,2.11,6.93,0.00,21.70,2025-06-12T15:35:00-05:00,104.8,ESE,SE,0.0000,0.0000,0.0,225,14.50,3.11,2.620,5.00
2025-06-13,2025,6,13,164,287,1435.0,99.7,80.87,85.64,2025-06-13T10:25:00-05:00,72.32,2025-06-13T11:35:00-05:00,76.26,79.00,70.98,86.25,99.00,71.00,1015.08,1018.20,1014.10,1.75,4.03,0.00,12.97,2025-06-13T01:35:00-05:00,37.7,NE,N,0.6182,0.6182,115.0,2190,9.16,1.86,2.620,5.00
2025-06-14,2025,6,14,165,287,1435.0,99.7,80.61,89.42,2025-06-14T12:45:00-05:00,72.68,2025-06-14T23:50:00-05:00,76.44,79.73,71.16,87.96,99.00,61.00,1016.60,1018.60,1015.30,3.16,7.16,0.00,22.15,2025-06-14T14:05:00-05:00,3.2,N,NNW,0.6073,0.6073,195.0,2717,15.41,3.73,2.630,5.00
2025-06-15,2025,6,15,166,287,1435.0,99.7,79.04,88.16,2025-06-15T13:05:00-05:00,71.60,2025-06-15T01:50:00-05:00,74.30,79.62,71.30,86.48,100.00,62.00,1016.77,1018.10,1015.60,3.36,19.91,0.00,45.63,2025-06-15T11:55:00-05:00,352.6,N,NNW,0.0000,0.0000,0.0,1174,15.84,2.49,2.610,5.00
2025-06-16,2025,6,16,167,287,1435.0,99.7,79.96,86.36,2025-06-16T11:00:00-05:00,74.84,2025-06-16T03:55:00-05:00,75.12,79.46,72.62,85.61,98.00,72.00,1015.38,1017.00,1014.00,2.04,8.50,0.00,23.71,2025-06-16T12:55:00-05:00,78.1,ENE,ESE,0.0166,0.0166,50.0,1111,16.64,9.32,2.630,5.00
2025-06-17,2025,6,17,168,287,1435.0,99.7,82.92,87.26,2025-06-17T15:40:00-05:00,78.26,2025-06-17T23:50:00-05:00,76.94,78.82,74.84,82.43,90.00,71.00,1014.81,1016.00,1013.70,1.91,4.25,0.00,10.96,2025-06-17T14:40:00-05:00,51.3,NE,NNW,0.0185,0.0185,25.0,1774,15.96,0.62,2.620,5.00
2025-06-18,2025,6,18,169,287,1435.0,99.7,84.23,89.42,2025-06-18T13:25:00-05:00,77.36,2025-06-18T01:10:00-05:00,76.80,78.49,73.60,79.08,95.00,64.00,1016.04,1017.50,1014.10,2.37,6.04,0.00,17.45,2025-06-18T15:05:00-05:00,44.2,NE,N,0.0000,0.0000,0.0,265,16.30,3.11,2.620,5.00
2025-06-19,2025,6,19,170,287,1435.0,99.7,83.61,91.58,2025-06-19T15:55:00-05:00,76.82,2025-06-19T23:55:00-05:00,76.62,79.34,71.55,80.15,97.00,58.00,1017.78,1019.00,1016.40,2.49,5.59,0.00,17.45,2025-06-19T13:30:00-05:00,83.4,E,SE,0.0735,0.0735,25.0,1464,12.82,3.11,2.640,5.00
2025-06-20,2025,6,20,171,287,1435.0,99.7,83.90,92.30,2025-06-20T14:55:00-05:00,73.58,2025-06-20T05:45:00-05:00,75.32,78.77,72.37,77.08,98.00,54.00,1017.47,1019.10,1015.80,2.12,4.03,0.00,13.87,2025-06-20T14:00:00-05:00,113.4,ESE,SE,0.0000,0.0000,0.0,0,,,2.600,5.00
2025-06-21,2025,6,21,172,287,1435.0,99.7,84.67,92.84,2025-06-21T13:20:00-05:00,77.90,2025-06-21T23:10:00-05:00,75.39,78.28,66.76,75.00,94.00,44.00,1017.66,1018.90,1016.50,2.25,5.14,0.00,18.57,2025-06-21T12:30:00-05:00,67.1,ENE,NE,0.0000,0.0000,0.0,1531,10.31,3.73,2.630,5.00
2025-06-22,2025,6,22,173,287,1435.0,99.7,81.41,91.22,2025-06-22T12:50:00-05:00,74.12,2025-06-22T06:25:00-05:00,74.41,78.95,71.50,80.30,93.00,55.00,1018.80,1019.90,1017.80,3.08,6.26,0.00,14.32,2025-06-22T12:50:00-05:00,87.5,E,E,0.1285,0.1285,15.0,659,13.37,1.86,2.620,5.00
2025-06-23,2025,6,23,174,287,1435.0,99.7,78.77,92.30,2025-06-23T12:55:00-05:00,74.30,2025-06-23T05:20:00-05:00,74.78,78.99,71.58,88.39,97.00,58.00,1019.48,1020.70,1018.50,2.76,8.28,0.00,22.15,2025-06-23T13:40:00-05:00,59.5,ENE,NNE,0.4792,0.4792,100.0,1917,7.65,0.62,2.610,5.00
2025-06-24,2025,6,24,175,287,1435.0,99.7,80.98,90.14,2025-06-24T16:00:00-05:00,73.22,2025-06-24T05:10:00-05:00,75.10,77.60,72.32,83.54,98.00,58.00,1020.01,1021.30,1018.40,2.17,4.92,0.00,21.03,2025-06-24T16:00:00-05:00,46.0,NE,NNE,0.0110,0.0110,5.0,1302,16.13,1.24,2.610,5.00
2025-06-25,2025,6,25,176,287,1435.0,99.7,83.09,91.40,2025-06-25T13:05:00-05:00,75.02,2025-06-25T06:00:00-05:00,75.33,79.04,71.85,78.95,98.00,57.00,1018.71,1020.30,1016.20,2.77,6.26,0.00,17.67,2025-06-25T14:30:00-05:00,73.0,ENE,ENE,0.0632,0.0632,30.0,108,14.81,4.35,2.620,5.00
2025-06-26,2025,6,26,177,287,1435.0,99.7,82.36,88.88,2025-06-26T14:25:00-05:00,75.38,2025-06-26T06:00:00-05:00,74.66,77.44,72.55,78.43,94.00,64.00,1016.66,1018.30,1014.80,2.55,5.37,0.00,12.97,2025-06-26T14:30:00-05:00,87.1,E,ESE,0.0000,0.0000,0.0,315,19.15,4.97,2.630,5.00
2025-06-27,2025,6,27,178,287,1435.0,99.7,80.84,89.60,2025-06-27T14:05:00-05:00,72.86,2025-06-27T20:25:00-05:00,74.21,77.85,70.61,81.54,99.00,58.00,1016.97,1018.60,1015.20,1.79,5.59,0.00,29.97,2025-06-27T20:45:00-05:00,96.6,E,SE,0.6899,0.6899,125.0,1834,15.22,2.49,2.640,5.00
2025-06-28,2025,6,28,179,287,1435.0,99.7,78.66,88.34,2025-06-28T11:35:00-05:00,72.50,2025-06-28T05:35:00-05:00,74.75,79.52,71.77,88.85,100.00,65.00,1017.79,1018.90,1016.60,4.51,29.75,0.00,45.86,2025-06-28T06:05:00-05:00,327.5,NNW,NW,0.1747,0.1747,110.0,250,12.64,1.24,2.620,5.00
2025-06-29,2025,6,29,180,287,1435.0,99.7,81.12,88.16,2025-06-29T15:45:00-05:00,73.40,2025-06-29T04:05:00-05:00,75.56,78.67,72.80,84.20,100.00,68.00,1017.06,1018.30,1015.50,2.51,5.37,0.00,15.66,2025-06-29T16:35:00-05:00,78.1,ENE,SE,0.0002,0.0002,5.0,91,11.89,1.86,2.640,5.00
2025-06-30,2025,6,30,181,287,1435.0,99.7,79.86,91.40,2025-06-30T13:30:00-05:00,74.84,2025-06-30T22:40:00-05:00,75.94,80.56,71.73,88.61,100.00,62.00,1016.67,1017.80,1015.60,2.80,6.49,0.00,14.09,2025-06-30T01:15:00-05:00,73.1,ENE,SE,0.6193,0.6193,195.0,2892,10.27,0.62,2.610,5.00
2025-07-01,2025,7,1,182,287,1435.0,99.7,83.06,92.12,2025-07-01T16:45:00-05:00,74.84,2025-07-01T01:40:00-05:00,76.24,79.39,73.36,81.52,100.00,60.00,1015.72,1017.20,1013.70,3.11,6.93,0.00,12.75,2025-07-01T10:10:00-05:00,47.9,NE,N,0.0000,0.0000,0.0,5,4.35,4.35,2.610,5.00
2025-07-02,2025,7,2,183,284,1420.0,98.6,82.50,92.66,2025-07-02T13:00:00-05:00,75.38,2025-07-02T05:35:00-05:00,75.53,79.72,72.14,80.12,93.00,60.00,1014.70,1016.10,1013.10,2.53,7.16,0.00,12.30,2025-07-02T09:15:00-05:00,88.4,E,ESE,0.0000,0.0000,0.0,84,19.06,2.49,2.600,5.00
2025-07-03,2025,7,3,184,287,1435.0,99.7,84.28,94.10,2025-07-03T16:50:00-05:00,76.64,2025-07-03T06:35:00-05:00,75.35,77.55,71.21,76.15,94.00,49.00,1014.71,1016.10,1013.40,3.06,6.04,0.00,16.33,2025-07-03T09:00:00-05:00,57.1,ENE,ESE,0.0000,0.0000,0.0,308,14.85,0.62,2.610,5.00
2025-07-04,2025,7,4,185,286,1430.0,99.3,84.69,95.00,2025-07-04T16:30:00-05:00,77.72,2025-07-04T06:30:00-05:00,73.14,76.02,69.84,70.20,87.00,46.00,1015.31,1016.80,1014.40,3.51,6.93,0.22,13.42,2025-07-04T15:05:00-05:00,79.9,E,E,0.0000,0.0000,0.0,41,10.79,1.24,2.620,5.00
2025-07-05,2025,7,5,186,287,1435.0,99.7,83.30,94.28,2025-07-05T13:20:00-05:00,74.66,2025-07-05T06:30:00-05:00,72.58,77.55,66.82,72.84,92.00,41.00,1014.85,1016.10,1013.40,2.82,5.82,0.00,11.63,2025-07-05T02:20:00-05:00,97.7,E,ESE,0.0210,0.0210,10.0,52,8.38,1.24,2.620,5.00
2025-07-06,2025,7,6,187,287,1435.0,99.7,81.69,92.30,2025-07-06T13:30:00-05:00,74.12,2025-07-06T06:00:00-05:00,73.91,77.77,70.57,78.68,94.00,51.00,1014.77,1015.80,1013.70,2.74,5.14,0.00,15.43,2025-07-06T14:15:00-05:00,88.3,E,ENE,0.0000,0.0000,0.0,506,18.42,1.24,2.610,5.00
2025-07-07,2025,7,7,188,287,1435.0,99.7,82.15,91.58,2025-07-07T13:40:00-05:00,73.40,2025-07-07T05:25:00-05:00,73.59,77.52,70.57,76.74,95.00,51.00,1016.88,1018.60,1015.60,2.29,5.59,0.00,13.20,2025-07-07T17:05:00-05:00,81.4,E,SE,0.0000,0.0000,0.0,643,18.07,3.11,2.620,5.00
2025-07-08,2025,7,8,189,286,1430.0,99.3,82.01,89.06,2025-07-08T12:50:00-05:00,74.84,2025-07-08T05:25:00-05:00,74.67,77.96,72.71,79.25,95.00,64.00,1018.87,1020.60,1017.40,2.31,5.14,0.00,15.21,2025-07-08T15:40:00-05:00,98.9,E,SE,0.0000,0.0000,0.0,267,16.97,3.11,2.640,5.00
2025-07-09,2025,7,9,190,287,1435.0,99.7,80.77,86.36,2025-07-09T10:40:00-05:00,75.38,2025-07-09T06:45:00-05:00,74.82,78.11,71.91,82.39,94.00,71.00,1018.12,1020.00,1016.40,2.26,5.37,0.00,13.87,2025-07-09T14:40:00-05:00,98.4,E,SE,0.2646,0.2646,70.0,451,16.42,3.11,2.620,5.00
2025-07-10,2025,7,10,191,286,1430.0,99.3,79.47,87.98,2025-07-10T12:45:00-05:00,73.94,2025-07-10T23:45:00-05:00,74.11,78.12,70.25,84.25,97.00,66.00,1016.89,1018.30,1015.50,2.45,5.59,0.00,12.97,2025-07-10T17:25:00-05:00,69.2,ENE,ENE,0.0000,0.0000,0.0,838,17.06,2.49,2.610,5.00
2025-07-11,2025,7,11,192,287,1435.0,99.7,80.79,89.96,2025-07-11T12:15:00-05:00,71.96,2025-07-11T04:10:00-05:00,74.66,79.03,70.45,82.56,97.00,61.00,1017.17,1018.60,1016.10,2.13,4.25,0.00,11.86,2025-07-11T15:15:00-05:00,95.2,E,SE,0.0000,0.0000,0.0,488,14.98,1.24,2.600,5.00
2025-07-12,2025,7,12,193,287,1435.0,99.7,84.33,91.76,2025-07-12T14:40:00-05:00,76.64,2025-07-12T06:35:00-05:00,76.09,78.16,71.70,77.30,93.00,53.00,1017.63,1019.20,1016.30,2.47,6.04,0.00,13.87,2025-07-12T15:00:00-05:00,103.6,ESE,SE,0.0000,0.0000,0.0,156,18.02,1.24,2.620,5.00
2025-07-13,2025,7,13,194,287,1435.0,99.7,82.78,92.84,2025-07-13T13:40:00-05:00,76.28,2025-07-13T06:25:00-05:00,75.34,78.49,72.41,79.11,94.00,55.00,1017.69,1018.60,1016.80,2.81,6.04,0.00,17.45,2025-07-13T14:45:00-05:00,101.3,ESE,ESE,0.0000,0.0000,0.0,1014,16.87,4.35,2.630,5.00
2025-07-14,2025,7,14,195,281,1405.0,97.6,82.75,92.12,2025-07-14T13:05:00-05:00,74.66,2025-07-14T06:00:00-05:00,75.58,79.37,72.82,80.00,95.00,61.00,1017.41,1018.80,1016.20,2.91,5.82,0.00,18.57,2025-07-14T15:45:00-05:00,78.1,ENE,SE,0.0000,0.0000,0.0,1225,14.09,1.24,2.620,5.00
2025-07-15,2025,7,15,196,287,1435.0,99.7,83.96,96.80,2025-07-15T14:55:00-05:00,73.58,2025-07-15T06:40:00-05:00,76.25,81.32,71.92,79.17,95.00,50.00,1016.21,1017.90,1013.90,2.80,7.61,0.00,15.88,2025-07-15T12:10:00-05:00,78.3,ENE,NE,0.2500,0.2500,50.0,11,4.75,0.62,2.640,5.00
2025-07-16,2025,7,16,197,287,1435.0,99.7,85.33,97.16,2025-07-16T15:10:00-05:00,77.18,2025-07-16T21:25:00-05:00,76.74,81.50,74.26,77.30,98.00,50.00,1013.93,1015.60,1011.60,3.29,6.93,0.00,16.55,2025-07-16T20:35:00-05:00,82.2,E,E,0.3588,0.3588,230.0,5507,12.08,1.86,2.630,5.00
2025-07-17,2025,7,17,198,288,1440.0,100.0,79.81,85.46,2025-07-17T11:15:00-05:00,76.82,2025-07-17T04:30:00-05:00,78.01,80.46,76.21,94.48,99.00,79.00,1013.16,1014.20,1012.30,3.82,8.50,0.00,13.65,2025-07-17T11:10:00-05:00,46.8,NE,NE,1.1627,1.1627,240.0,437,12.25,0.62,2.600,5.00
2025-07-18,2025,7,18,199,287,1435.0,99.7,82.37,88.70,2025-07-18T17:35:00-05:00,76.82,2025-07-18T04:45:00-05:00,77.11,78.37,74.86,84.90,99.00,66.00,1016.67,1018.70,1013.80,3.19,8.05,0.00,25.28,2025-07-18T17:10:00-05:00,49.8,NE,SE,0.0003,0.0003,20.0,15,4.10,1.86,2.590,5.00
2025-07-19,2025,7,19,200,287,1435.0,99.7,85.08,90.86,2025-07-19T14:10:00-05:00,79.88,2025-07-19T06:55:00-05:00,77.82,79.69,76.16,79.37,92.00,66.00,1019.04,1020.50,1017.90,2.35,5.59,0.00,20.13,2025-07-19T13:40:00-05:00,116.6,ESE,SE,0.0000,0.0000,0.0,298,13.78,3.73,2.620,5.00
2025-07-20,2025,7,20,201,287,1435.0,99.7,86.69,93.92,2025-07-20T16:35:00-05:00,79.52,2025-07-20T06:50:00-05:00,77.21,79.73,71.81,74.69,94.00,50.00,1018.22,1020.00,1016.80,2.77,6.93,0.00,15.66,2025-07-20T12:25:00-05:00,104.4,ESE,SE,0.0000,0.0000,0.0,6,3.62,3.11,2.640,5.00
2025-07-21,2025,7,21,202,287,1435.0,99.7,87.57,94.64,2025-07-21T15:55:00-05:00,79.52,2025-07-21T06:50:00-05:00,78.35,81.02,74.35,75.08,95.00,58.00,1016.58,1018.80,1014.60,2.58,5.82,0.00,18.12,2025-07-21T16:05:00-05:00,105.5,ESE,ESE,0.0000,0.0000,0.0,0,,,2.640,5.00
2025-07-22,2025,7,22,203,287,1435.0,99.7,88.43,95.90,2025-07-22T15:25:00-05:00,80.24,2025-07-22T06:10:00-05:00,78.21,80.25,76.04,73.06,91.00,56.00,1015.59,1017.30,1013.60,2.77,6.26,0.00,12.08,2025-07-22T06:10:00-05:00,107.5,ESE,SE,0.0000,0.0000,0.0,0,,,2.640,5.00
2025-07-23,2025,7,23,204,287,1435.0,99.7,85.85,97.34,2025-07-23T14:50:00-05:00,78.08,2025-07-23T20:50:00-05:00,77.22,81.10,73.42,76.80,98.00,52.00,1015.70,1017.20,1014.20,4.00,8.50,0.00,13.20,2025-07-23T10:55:00-05:00,65.6,ENE,ESE,0.3658,0.3658,60.0,1625,12.11,1.24,2.640,5.00
2025-07-24,2025,7,24,205,287,1435.0,99.7,80.60,90.32,2025-07-24T12:00:00-05:00,76.46,2025-07-24T06:05:00-05:00,78.37,81.11,76.16,93.39,100.00,71.00,1014.95,1016.10,1013.50,6.19,10.51,0.00,17.67,2025-07-24T19:45:00-05:00,19.4,NNE,N,0.2398,0.2398,60.0,2152,11.96,1.24,2.620,5.00
2025-07-25,2025,7,25,206,287,1435.0,99.7,80.51,89.60,2025-07-25T14:20:00-05:00,76.64,2025-07-25T05:20:00-05:00,77.52,80.76,74.42,91.22,100.00,68.00,1014.93,1016.70,1013.60,4.52,23.49,0.00,35.34,2025-07-25T10:55:00-05:00,71.4,ENE,ESE,0.4377,0.4377,405.0,1048,13.89,2.49,2.600,5.00
2025-07-26,2025,7,26,207,287,1435.0,99.7,79.36,88.88,2025-07-26T11:45:00-05:00,74.12,2025-07-26T12:35:00-05:00,77.28,80.26,72.24,93.63,99.00,72.00,1017.82,1020.30,1016.10,1.59,4.70,0.00,15.21,2025-07-26T11:00:00-05:00,61.4,ENE,NE,0.3718,0.3718,65.0,5985,10.09,0.62,2.610,5.00
2025-07-27,2025,7,27,208,287,1435.0,99.7,84.34,92.66,2025-07-27T15:25:00-05:00,75.92,2025-07-27T05:35:00-05:00,77.23,80.83,72.97,80.94,100.00,55.00,1019.86,1021.40,1018.70,1.89,5.59,0.00,20.13,2025-07-27T13:10:00-05:00,97.5,E,NE,0.0000,0.0000,0.0,164,14.36,5.59,2.600,5.00
2025-07-28,2025,7,28,209,287,1435.0,99.7,86.58,97.34,2025-07-28T15:55:00-05:00,78.62,2025-07-28T06:35:00-05:00,77.70,79.86,75.10,76.45,92.00,50.00,1019.65,1021.60,1017.50,3.61,7.38,0.00,16.55,2025-07-28T16:15:00-05:00,95.0,E,ESE,0.0000,0.0000,0.0,553,8.81,4.35,2.640,5.00
2025-07-29,2025,7,29,210,287,1435.0,99.7,84.72,94.82,2025-07-29T11:55:00-05:00,79.52,2025-07-29T06:10:00-05:00,76.62,82.74,74.94,77.53,95.00,57.00,1016.95,1018.70,1014.70,3.48,9.40,0.00,23.26,2025-07-29T12:55:00-05:00,81.0,E,E,0.1260,0.1260,30.0,997,15.73,1.24,2.620,5.00
2025-07-30,2025,7,30,211,287,1435.0,99.7,80.75,92.30,2025-07-30T12:05:00-05:00,73.58,2025-07-30T23:05:00-05:00,76.78,81.91,73.28,88.47,99.00,68.00,1014.47,1015.60,1012.60,1.63,6.04,0.00,24.16,2025-07-30T14:40:00-05:00,100.5,E,SE,0.8079,0.8079,260.0,1430,12.29,1.86,2.620,5.00
2025-07-31,2025,7,31,212,287,1435.0,99.7,80.62,91.22,2025-07-31T17:30:00-05:00,72.14,2025-07-31T05:25:00-05:00,74.49,80.41,71.68,83.68,100.00,58.00,1015.62,1017.10,1014.30,2.59,5.37,0.00,15.43,2025-07-31T12:30:00-05:00,89.9,E,SE,0.2242,0.2242,80.0,87,7.98,1.24,2.630,5.00
2025-08-01,2025,8,1,213,287,1435.0,99.7,83.30,91.04,2025-08-01T14:55:00-05:00,76.82,2025-08-01T06:45:00-05:00,78.02,80.47,76.13,85.18,99.00,65.00,1017.09,1018.70,1015.70,2.20,5.82,0.00,14.54,2025-08-01T11:10:00-05:00,94.1,E,NE,0.0000,0.0000,0.0,531,15.03,1.24,2.640,5.00
2025-08-02,2025,8,2,214,287,1435.0,99.7,81.93,91.76,2025-08-02T16:25:00-05:00,76.46,2025-08-02T06:10:00-05:00,76.20,78.93,73.16,83.52,96.00,63.00,1016.24,1017.90,1014.20,5.08,9.62,0.00,20.58,2025-08-02T19:45:00-05:00,87.1,E,ESE,0.0000,0.0000,0.0,22,6.67,3.73,2.640,5.00
2025-08-03,2025,8,3,215,287,1435.0,99.7,82.98,92.30,2025-08-03T16:20:00-05:00,77.18,2025-08-03T06:25:00-05:00,74.45,75.85,72.47,76.85,93.00,53.00,1013.32,1015.20,1011.50,4.35,8.72,0.00,37.80,2025-08-03T03:45:00-05:00,96.3,E,E,0.0000,0.0000,0.0,0,,,2.610,5.00
2025-08-04,2025,8,4,216,287,1435.0,99.7,82.35,93.74,2025-08-04T14:55:00-05:00,73.58,2025-08-04T07:05:00-05:00,72.82,76.19,69.98,74.44,90.00,49.00,1013.22,1015.70,1011.90,2.55,8.05,0.00,23.04,2025-08-04T03:35:00-05:00,79.8,E,NNW,0.0000,0.0000,0.0,26,11.02,4.35,2.640,5.00
2025-08-05,2025,8,5,217,287,1435.0,99.7,80.91,90.68,2025-08-05T16:00:00-05:00,76.28,2025-08-05T05:00:00-05:00,75.95,80.43,73.99,85.57,95.00,66.00,1017.47,1020.00,1015.20,3.99,32.21,0.00,62.19,2025-08-05T23:20:00-05:00,73.9,ENE,E,0.0698,0.0698,75.0,558,13.67,1.24,2.640,5.00
2025-08-06,2025,8,6,218,287,1435.0,99.7,80.72,91.58,2025-08-06T13:15:00-05:00,75.02,2025-08-06T05:55:00-05:00,76.12,79.06,73.80,86.77,97.00,62.00,1019.99,1021.20,1019.00,3.20,12.97,0.00,31.32,2025-08-06T16:25:00-05:00,95.0,E,SE,0.2768,0.2768,70.0,496,8.21,1.24,2.640,5.00
2025-08-07,2025,8,7,219,287,1435.0,99.7,80.49,89.96,2025-08-07T12:40:00-05:00,75.20,2025-08-07T18:05:00-05:00,76.29,79.10,73.53,88.22,99.00,64.00,1018.26,1020.00,1016.30,2.17,6.49,0.00,14.09,2025-08-07T17:30:00-05:00,79.8,E,E,0.6687,0.6687,90.0,1778,12.01,1.24,2.620,5.00
2025-08-08,2025,8,8,220,287,1435.0,99.7,80.49,88.88,2025-08-08T12:10:00-05:00,73.58,2025-08-08T05:20:00-05:00,75.63,78.13,73.28,86.15,100.00,65.00,1015.30,1017.10,1013.40,2.37,5.59,0.00,11.86,2025-08-08T15:25:00-05:00,1.5,N,NW,0.0000,0.0000,5.0,9,6.56,3.11,2.620,5.00
2025-08-09,2025,8,9,221,287,1435.0,99.7,81.43,89.78,2025-08-09T16:05:00-05:00,73.76,2025-08-09T06:55:00-05:00,73.72,75.71,70.35,78.84,95.00,55.00,1014.81,1016.20,1013.80,2.91,9.62,0.00,15.88,2025-08-09T11:40:00-05:00,8.0,N,SE,0.0000,0.0000,0.0,95,15.03,3.11,2.640,5.00
2025-08-10,2025,8,10,222,287,1435.0,99.7,81.56,89.42,2025-08-10T16:15:00-05:00,75.02,2025-08-10T06:15:00-05:00,75.88,79.86,72.71,83.61,95.00,67.00,1014.72,1016.30,1013.40,0.99,4.03,0.00,8.05,2025-08-10T13:15:00-05:00,132.6,SE,SE,0.0001,0.0001,15.0,13,8.41,2.49,2.600,5.00
2025-08-11,2025,8,11,223,287,1435.0,99.7,82.73,91.22,2025-08-11T16:35:00-05:00,75.92,2025-08-11T06:20:00-05:00,76.60,79.86,74.70,82.77,96.00,62.00,1013.83,1015.20,1012.40,1.31,5.37,0.00,13.42,2025-08-11T17:35:00-05:00,137.5,SE,SE,0.0000,0.0000,0.0,0,,,2.630,5.00
2025-08-12,2025,8,12,224,287,1435.0,99.7,81.86,86.90,2025-08-12T15:25:00-05:00,77.36,2025-08-12T06:30:00-05:00,77.47,79.55,75.85,86.90,96.00,75.00,1013.28,1014.60,1011.70,0.98,3.36,0.00,5.37,2025-08-12T16:30:00-05:00,148.1,SSE,SE,0.0083,0.0083,15.0,104,15.87,4.97,2.630,5.00
2025-08-13,2025,8,13,225,287,1435.0,99.7,84.56,93.02,2025-08-13T15:25:00-05:00,77.00,2025-08-13T06:55:00-05:00,78.41,81.25,75.64,82.79,98.00,65.00,1013.22,1015.00,1011.20,1.58,4.92,0.00,26.40,2025-08-13T17:05:00-05:00,143.9,SE,SE,0.2376,0.2376,45.0,3158,13.00,3.73,2.620,5.00
2025-08-14,2025,8,14,226,288,1440.0,100.0,83.56,92.66,2025-08-14T16:10:00-05:00,74.48,2025-08-14T03:45:00-05:00,77.13,81.14,74.06,82.56,100.00,58.00,1015.05,1016.60,1013.00,1.88,4.47,0.00,16.78,2025-08-14T14:35:00-05:00,195.1,SSW,SSE,0.2300,0.2300,40.0,575,9.92,3.11,2.620,5.00
2025-08-15,2025,8,15,227,287,1435.0,99.7,81.77,91.76,2025-08-15T12:00:00-05:00,75.92,2025-08-15T23:55:00-05:00,77.11,80.04,74.07,86.41,97.00,61.00,1017.88,1019.70,1015.50,2.11,11.41,0.00,36.24,2025-08-15T09:00:00-05:00,108.4,ESE,NW,0.0000,0.0000,0.0,380,17.38,1.24,2.640,5.00
2025-08-16,2025,8,16,228,287,1435.0,99.7,82.66,94.10,2025-08-16T13:55:00-05:00,73.40,2025-08-16T06:10:00-05:00,75.87,82.57,72.80,81.82,98.00,54.00,1017.12,1019.30,1014.80,3.33,15.88,0.00,38.70,2025-08-16T06:55:00-05:00,21.5,NNE,NW,0.0891,0.0891,25.0,20,8.57,3.73,2.630,5.00
2025-08-17,2025,8,17,229,287,1435.0,99.7,83.25,96.62,2025-08-17T13:25:00-05:00,72.86,2025-08-17T19:35:00-05:00,76.34,80.15,71.21,81.83,99.00,50.00,1014.03,1015.50,1011.70,3.66,27.29,0.00,38.48,2025-08-17T08:00:00-05:00,318.1,NW,NW,0.8902,0.8902,100.0,3867,4.71,1.24,2.610,5.00
2025-08-18,2025,8,18,230,287,1435.0,99.7,79.40,93.02,2025-08-18T11:55:00-05:00,74.66,2025-08-18T06:30:00-05:00,76.47,81.49,74.25,91.62,100.00,58.00,1013.33,1014.70,1012.10,4.22,29.97,0.00,56.82,2025-08-18T16:50:00-05:00,66.0,ENE,NE,0.1164,0.1164,35.0,2013,12.46,3.73,2.600,5.00
2025-08-19,2025,8,19,231,287,1435.0,99.7,81.90,94.28,2025-08-19T13:15:00-05:00,73.58,2025-08-19T06:10:00-05:00,74.93,79.75,72.49,81.01,99.00,58.00,1013.36,1015.10,1011.10,12.27,34.45,0.00,65.09,2025-08-19T02:55:00-05:00,328.5,NNW,NW,0.0000,0.0000,0.0,621,13.29,0.62,2.590,5.00
2025-08-20,2025,8,20,232,287,1435.0,99.7,83.17,92.84,2025-08-20T13:20:00-05:00,74.30,2025-08-20T05:40:00-05:00,76.10,79.18,73.08,80.63,97.00,55.00,1011.25,1013.40,1009.00,10.38,46.75,0.00,57.71,2025-08-20T09:20:00-05:00,320.6,NW,NW,0.0000,0.0000,0.0,33,13.76,3.11,2.630,5.00
2025-08-21,2025,8,21,233,287,1435.0,99.7,80.10,91.22,2025-08-21T11:45:00-05:00,72.86,2025-08-21T14:45:00-05:00,76.31,80.26,71.21,88.88,99.00,66.00,1010.41,1012.60,1009.10,4.53,10.29,0.00,38.70,2025-08-21T14:25:00-05:00,56.8,ENE,ENE,1.3580,1.3580,105.0,1433,8.35,1.24,2.630,5.00
2025-08-22,2025,8,22,234,287,1435.0,99.7,78.74,90.50,2025-08-22T12:20:00-05:00,75.02,2025-08-22T23:30:00-05:00,75.43,80.59,73.01,90.24,99.00,66.00,1012.00,1013.30,1010.80,3.37,10.29,0.00,22.59,2025-08-22T13:40:00-05:00,1.2,N,NW,0.0128,0.0128,30.0,2725,8.91,1.86,2.630,5.00
2025-08-23,2025,8,23,235,287,1435.0,99.7,80.93,91.40,2025-08-23T16:10:00-05:00,72.86,2025-08-23T06:55:00-05:00,75.19,79.84,72.26,83.87,99.00,63.00,1012.38,1014.00,1010.40,3.49,8.50,0.00,17.45,2025-08-23T17:10:00-05:00,336.6,NNW,NW,0.0146,0.0146,10.0,1049,14.60,3.11,2.630,5.00
2025-08-24,2025,8,24,236,287,1435.0,99.7,83.07,93.92,2025-08-24T15:55:00-05:00,74.84,2025-08-24T07:10:00-05:00,72.62,76.42,68.06,73.45,96.00,44.00,1012.41,1013.60,1011.10,3.93,7.16,0.22,16.11,2025-08-24T13:05:00-05:00,339.8,NNW,NW,0.0000,0.0000,0.0,1,4.35,4.35,2.630,5.00
2025-08-25,2025,8,25,237,287,1435.0,99.7,82.83,93.56,2025-08-25T13:45:00-05:00,74.48,2025-08-25T06:45:00-05:00,73.13,75.71,69.03,74.05,92.00,46.00,1014.69,1016.80,1012.70,6.35,14.76,0.00,23.26,2025-08-25T17:30:00-05:00,337.4,NNW,NNW,0.0000,0.0000,0.0,0,,,2.640,5.00
2025-08-26,2025,8,26,238,287,1435.0,99.7,81.11,90.68,2025-08-26T14:05:00-05:00,71.60,2025-08-26T07:00:00-05:00,70.02,75.17,65.75,70.00,89.00,50.00,1017.83,1019.40,1016.40,4.40,11.41,0.00,23.94,2025-08-26T11:00:00-05:00,40.7,NE,NW,0.0000,0.0000,0.0,0,,,2.630,5.00
2025-08-27,2025,8,27,239,287,1435.0,99.7,79.10,86.54,2025-08-27T13:35:00-05:00,73.22,2025-08-27T07:45:00-05:00,70.52,73.53,66.49,75.72,90.00,57.00,1019.09,1020.90,1017.80,3.32,7.38,0.00,14.09,2025-08-27T12:50:00-05:00,51.6,NE,E,0.0000,0.0000,0.0,0,,,2.640,5.00
2025-08-28,2025,8,28,240,287,1435.0,99.7,82.31,90.32,2025-08-28T15:55:00-05:00,74.12,2025-08-28T06:30:00-05:00,74.29,77.76,72.17,78.10,96.00,56.00,1016.66,1018.50,1014.00,3.72,8.50,0.00,21.70,2025-08-28T13:35:00-05:00,359.9,N,NW,0.9856,0.9856,85.0,1106,7.01,3.11,2.640,5.00
2025-08-29,2025,8,29,241,288,1440.0,100.0,76.89,79.88,2025-08-29T07:45:00-05:00,75.20,2025-08-29T00:30:00-05:00,76.12,77.56,74.29,97.49,100.00,90.00,1014.73,1016.70,1012.90,2.83,6.49,0.00,11.63,2025-08-29T12:40:00-05:00,24.6,NNE,NE,0.2639,0.2639,350.0,70,8.87,1.24,2.610,5.00
2025-08-30,2025,8,30,242,287,1435.0,99.7,78.02,85.28,2025-08-30T15:55:00-05:00,73.94,2025-08-30T05:40:00-05:00,74.53,76.55,71.95,89.61,100.00,74.00,1013.08,1014.30,1011.90,4.04,8.05,0.00,15.66,2025-08-30T07:35:00-05:00,17.9,NNE,N,0.0000,0.0000,0.0,0,,,2.600,5.00
2025-08-31,2025,8,31,243,287,1435.0,99.7,78.76,88.88,2025-08-31T14:55:00-05:00,71.78,2025-08-31T06:20:00-05:00,73.01,76.02,70.58,83.79,97.00,58.00,1014.29,1015.70,1012.80,3.11,10.29,0.00,19.24,2025-08-31T11:20:00-05:00,46.4,NE,SE,0.0000,0.0000,0.0,0,,,2.620,5.00
2025-09-01,2025,9,1,244,287,1435.0,99.7,78.71,87.26,2025-09-01T16:15:00-05:00,71.60,2025-09-01T04:55:00-05:00,72.40,77.44,68.41,81.79,97.00,62.00,1014.80,1016.10,1013.60,2.33,7.38,0.00,18.57,2025-09-01T12:30:00-05:00,93.0,E,SE,0.0000,0.0000,0.0,0,,,2.600,5.00
2025-09-02,2025,9,2,245,286,1430.0,99.3,79.00,88.88,2025-09-02T13:35:00-05:00,72.32,2025-09-02T07:05:00-05:00,71.12,74.06,66.53,78.20,95.00,49.00,1014.08,1015.60,1012.50,3.34,7.83,0.00,16.11,2025-09-02T12:50:00-05:00,135.9,SE,SE,0.0000,0.0000,0.0,0,,,2.640,5.00
2025-09-03,2025,9,3,246,287,1435.0,99.7,78.65,87.62,2025-09-03T14:40:00-05:00,69.08,2025-09-03T05:50:00-05:00,69.89,72.43,67.89,76.34,97.00,55.00,1012.19,1014.00,1010.00,2.30,4.70,0.00,15.21,2025-09-03T15:45:00-05:00,295.0,WNW,NW,0.0000,0.0000,0.0,0,,,2.640,5.00
2025-09-04,2025,9,4,247,286,1430.0,99.3,81.48,89.24,2025-09-04T12:55:00-05:00,71.78,2025-09-04T07:00:00-05:00,73.12,76.63,70.58,77.02,97.00,59.00,1011.20,1012.50,1009.40,2.98,8.05,0.22,16.11,2025-09-04T13:10:00-05:00,285.0,WNW,NW,0.0000,0.0000,0.0,0,,,2.640,5.00
2025-09-05,2025,9,5,248,287,1435.0,99.7,83.28,90.32,2025-09-05T14:40:00-05:00,75.02,2025-09-05T06:55:00-05:00,74.58,77.64,71.33,75.99,95.00,56.00,1013.19,1014.80,1011.60,1.84,4.25,0.00,14.32,2025-09-05T22:10:00-05:00,205.1,SSW,NW,0.0000,0.0000,0.0,0,,,2.640,5.00
2025-09-06,2025,9,6,249,287,1435.0,99.7,82.24,92.30,2025-09-06T15:05:00-05:00,73.22,2025-09-06T06:35:00-05:00,73.53,76.80,68.67,76.76,97.00,47.00,1014.62,1016.30,1013.20,3.56,7.38,0.00,16.55,2025-09-06T15:00:00-05:00,300.0,WNW,NW,0.0000,0.0000,0.0,0,,,2.640,5.00
2025-09-07,2025,9,7,250,287,1435.0,99.7,79.64,89.60,2025-09-07T14:15:00-05:00,71.42,2025-09-07T07:15:00-05:00,69.32,72.51,60.49,71.93,92.00,56.00,1016.08,1017.50,1014.60,2.65,6.26,0.00,13.87,2025-09-07T16:05:00-05:00,344.8,NNW,SE,0.0000,0.0000,0.0,0,,,2.630,5.00
2025-09-08,2025,9,8,251,286,1430.0,99.3,76.07,87.44,2025-09-08T16:10:00-05:00,66.56,2025-09-08T07:00:00-05:00,59.11,63.48,55.69,57.12,80.00,38.00,1016.00,1017.80,1013.90,1.23,2.91,0.00,16.11,2025-09-08T14:10:00-05:00,89.5,E,SE,0.0000,0.0000,0.0,0,,,2.640,5.00
2025-09-09,2025,9,9,252,287,1435.0,99.7,76.15,87.44,2025-09-09T11:25:00-05:00,68.00,2025-09-09T02:20:00-05:00,70.78,78.44,61.42,83.98,98.00,65.00,1014.73,1016.30,1013.70,1.57,5.14,0.00,17.22,2025-09-09T10:05:00-05:00,153.4,SSE,SE,0.7188,0.7188,95.0,87,9.23,1.24,2.640,5.00
2025-09-10,2025,9,10,253,287,1435.0,99.7,79.12,88.52,2025-09-10T13:05:00-05:00,71.60,2025-09-10T07:10:00-05:00,74.02,77.60,70.26,85.45,100.00,61.00,1016.99,1018.60,1015.30,4.26,12.75,0.00,17.22,2025-09-10T12:55:00-05:00,322.8,NW,NW,0.0000,0.0000,0.0,0,,,2.630,5.00
2025-09-11,2025,9,11,254,286,1430.0,99.3,79.41,90.50,2025-09-11T14:35:00-05:00,71.24,2025-09-11T06:55:00-05:00,71.08,74.95,66.27,78.48,100.00,45.00,1018.15,1020.30,1016.50,2.29,7.61,0.00,18.34,2025-09-11T10:55:00-05:00,345.5,NNW,NNW,0.0000,0.0000,0.0,0,,,2.640,5.00
2025-09-12,2025,9,12,255,287,1435.0,99.7,80.40,93.20,2025-09-12T13:15:00-05:00,69.44,2025-09-12T07:00:00-05:00,70.77,74.24,67.73,75.12,97.00,44.00,1017.20,1018.90,1015.50,2.14,6.26,0.00,14.54,2025-09-12T13:50:00-05:00,66.3,ENE,SE,0.0000,0.0000,0.0,0,,,2.630,5.00
2025-09-13,2025,9,13,256,287,1435.0,99.7,79.96,92.48,2025-09-13T12:35:00-05:00,71.42,2025-09-13T07:05:00-05:00,72.16,76.15,68.26,78.28,93.00,51.00,1015.13,1016.60,1013.60,2.39,11.18,0.00,20.58,2025-09-13T14:55:00-05:00,321.4,NW,NW,0.0000,0.0000,0.0,7,6.75,2.49,2.630,5.00
2025-09-14,2025,9,14,257,287,1435.0,99.7,79.53,89.42,2025-09-14T11:15:00-05:00,70.52,2025-09-14T06:45:00-05:00,69.67,75.85,64.58,74.81,98.00,47.00,1014.35,1015.80,1013.00,1.75,4.03,0.00,12.97,2025-09-14T12:35:00-05:00,99.3,E,SE,0.0000,0.0000,0.0,0,,,2.630,5.00
2025-09-15,2025,9,15,258,287,1435.0,99.7,80.45,90.68,2025-09-15T12:20:00-05:00,70.88,2025-09-15T06:50:00-05:00,70.46,73.20,67.09,73.85,96.00,47.00,1016.17,1017.70,1014.90,2.16,6.71,0.22,17.45,2025-09-15T14:45:00-05:00,294.9,WNW,NW,0.0000,0.0000,0.0,0,,,2.630,5.00
2025-09-16,2025,9,16,259,287,1435.0,99.7,81.08,88.70,2025-09-16T10:55:00-05:00,75.56,2025-09-16T06:30:00-05:00,72.09,76.96,66.93,75.48,96.00,51.00,1017.43,1019.40,1015.60,2.15,7.61,0.00,14.54,2025-09-16T12:10:00-05:00,312.3,NW,NW,0.4835,0.4835,60.0,457,12.05,2.49,2.630,5.00
2025-09-17,2025,9,17,260,287,1435.0,99.7,79.48,89.06,2025-09-17T11:15:00-05:00,71.42,2025-09-17T07:10:00-05:00,70.92,74.21,66.09,77.05,98.00,53.00,1015.99,1017.80,1013.80,2.33,6.49,0.00,14.32,2025-09-17T13:55:00-05:00,307.7,NW,NW,0.0000,0.0000,0.0,1,6.21,6.21,2.630,5.00
2025-09-18,2025,9,18,261,287,1435.0,99.7,77.80,88.52,2025-09-18T12:10:00-05:00,68.90,2025-09-18T06:45:00-05:00,69.66,73.49,63.02,78.42,98.00,44.00,1015.25,1016.70,1014.10,2.86,10.96,0.00,21.03,2025-09-18T13:10:00-05:00,308.9,NW,NW,0.0000,0.0000,0.0,0,,,2.630,5.00
2025-09-19,2025,9,19,262,287,1435.0,99.7,78.82,89.60,2025-09-19T12:00:00-05:00,68.90,2025-09-19T06:50:00-05:00,70.66,73.83,64.00,78.57,99.00,44.00,1015.49,1016.90,1014.20,2.32,4.92,0.00,19.46,2025-09-19T13:05:00-05:00,1.5,N,NW,0.0000,0.0000,0.0,0,,,2.640,5.00
2025-09-20,2025,9,20,263,287,1435.0,99.7,80.19,90.32,2025-09-20T12:00:00-05:00,70.16,2025-09-20T07:10:00-05:00,71.60,75.47,67.75,77.25,98.00,49.00,1015.84,1017.50,1014.40,2.14,5.14,0.00,18.57,2025-09-20T12:05:00-05:00,42.2,NE,NW,0.0000,0.0000,0.0,0,,,2.640,5.00
2025-09-21,2025,9,21,264,287,1435.0,99.7,80.21,89.24,2025-09-21T14:55:00-05:00,70.88,2025-09-21T06:55:00-05:00,72.07,76.11,66.33,77.98,96.00,48.00,1015.04,1016.60,1013.50,1.90,4.47,0.00,20.80,2025-09-21T11:15:00-05:00,115.2,ESE,SE,0.0000,0.0000,0.0,10,11.06,4.35,2.640,5.00
2025-09-22,2025,9,22,265,287,1435.0,99.7,80.14,89.60,2025-09-22T13:25:00-05:00,72.50,2025-09-22T06:45:00-05:00,73.54,76.35,70.13,81.81,97.00,55.00,1013.73,1015.30,1012.30,2.21,7.16,0.00,19.91,2025-09-22T15:00:00-05:00,79.2,E,SE,0.0000,0.0000,0.0,34,10.67,1.86,2.640,5.00
2025-09-23,2025,9,23,266,287,1435.0,99.7,81.52,90.32,2025-09-23T15:55:00-05:00,72.32,2025-09-23T06:30:00-05:00,74.65,77.96,71.11,80.96,98.00,59.00,1014.51,1016.00,1013.20,3.27,12.30,0.00,21.70,2025-09-23T12:45:00-05:00,316.0,NW,NW,0.0000,0.0000,0.0,0,,,2.640,5.00
2025-09-24,2025,9,24,267,287,1435.0,99.7,82.97,87.98,2025-09-24T13:40:00-05:00,78.26,2025-09-24T22:30:00-05:00,77.01,78.93,74.62,82.52,92.00,67.00,1015.06,1016.90,1013.90,2.42,7.38,0.00,18.79,2025-09-24T10:55:00-05:00,317.5,NW,NW,0.0000,0.0000,0.0,1376,15.89,4.35,2.590,5.00
2025-09-25,2025,9,25,268,287,1435.0,99.7,79.69,85.28,2025-09-25T11:35:00-05:00,75.20,2025-09-25T08:00:00-05:00,75.21,79.51,73.07,86.70,99.00,67.00,1013.18,1014.50,1011.30,1.90,6.71,0.00,35.57,2025-09-25T06:25:00-05:00,166.3,SSE,SE,0.7531,0.7531,135.0,147,13.64,3.73,2.630,5.00
2025-09-26,2025,9,26,269,287,1435.0,99.7,77.20,87.62,2025-09-26T16:55:00-05:00,69.08,2025-09-26T07:05:00-05:00,68.46,74.07,61.49,76.93,98.00,49.00,1010.92,1012.40,1009.20,2.56,8.50,0.00,14.32,2025-09-26T13:05:00-05:00,340.2,NNW,NW,0.0000,0.0000,0.0,2,3.11,3.11,2.630,5.00
2025-09-27,2025,9,27,270,287,1435.0,99.7,76.51,88.16,2025-09-27T16:10:00-05:00,65.48,2025-09-27T07:00:00-05:00,66.36,69.51,64.01,73.17,96.00,46.00,1011.68,1013.40,1010.10,2.24,6.04,0.00,10.96,2025-09-27T14:00:00-05:00,0.7,N,NW,0.0000,0.0000,0.0,0,,,2.640,5.00
2025-09-28,2025,9,28,271,287,1435.0,99.7,77.20,90.86,2025-09-28T14:20:00-05:00,65.48,2025-09-28T06:55:00-05:00,65.26,70.03,60.36,69.00,91.00,38.00,1013.99,1015.70,1012.90,2.31,6.71,0.00,14.54,2025-09-28T15:10:00-05:00,329.5,NNW,NW,0.0000,0.0000,0.0,0,,,2.630,5.00
2025-09-29,2025,9,29,272,287,1435.0,99.7,78.59,92.66,2025-09-29T12:50:00-05:00,69.44,2025-09-29T05:20:00-05:00,68.62,71.68,64.39,73.54,93.00,43.00,1014.19,1015.70,1012.90,2.38,11.63,0.22,20.36,2025-09-29T12:55:00-05:00,327.1,NNW,NW,0.0000,0.0000,0.0,0,,,2.630,5.00
2025-09-30,2025,9,30,273,287,1435.0,99.7,78.65,90.50,2025-09-30T14:10:00-05:00,68.36,2025-09-30T06:25:00-05:00,67.85,70.54,64.48,72.14,95.00,43.00,1013.61,1015.60,1012.00,2.80,5.59,0.22,12.30,2025-09-30T13:10:00-05:00,347.0,NNW,NW,0.0000,0.0000,0.0,0,,,2.630,5.00
2025-10-01,2025,10,1,274,287,1435.0,99.7,76.42,89.24,2025-10-01T11:15:00-05:00,68.36,2025-10-01T07:25:00-05:00,71.20,76.80,65.94,84.53,95.00,54.00,1014.17,1016.30,1012.90,1.69,4.92,0.00,13.42,2025-10-01T12:00:00-05:00,324.5,NW,NW,0.1302,0.1302,75.0,4,6.84,4.35,2.630,5.00
2025-10-02,2025,10,2,275,287,1435.0,99.7,78.36,89.42,2025-10-02T13:55:00-05:00,70.34,2025-10-02T06:45:00-05:00,69.03,72.95,60.33,76.13,99.00,39.00,1017.50,1019.20,1015.80,2.84,6.93,0.00,21.25,2025-10-02T14:40:00-05:00,37.6,NE,NNW,0.0002,0.0002,5.0,0,,,2.630,5.00
2025-10-03,2025,10,3,276,287,1435.0,99.7,76.00,85.46,2025-10-03T13:40:00-05:00,69.62,2025-10-03T07:30:00-05:00,66.35,71.38,59.80,72.75,91.00,55.00,1017.81,1019.50,1016.40,2.75,5.59,0.00,21.70,2025-10-03T13:55:00-05:00,357.0,N,N,0.0000,0.0000,0.0,11,10.96,4.97,2.630,5.00
2025-10-04,2025,10,4,277,287,1435.0,99.7,75.04,81.50,2025-10-04T15:50:00-05:00,69.98,2025-10-04T05:55:00-05:00,66.39,68.80,63.50,74.85,84.00,64.00,1014.70,1016.80,1012.80,4.07,9.40,0.22,18.57,2025-10-04T11:05:00-05:00,20.2,NNE,ENE,0.0000,0.0000,0.0,0,,,2.630,5.00
2025-10-05,2025,10,5,278,287,1435.0,99.7,74.83,79.88,2025-10-05T13:40:00-05:00,70.70,2025-10-05T03:20:00-05:00,71.98,76.93,67.22,91.05,100.00,81.00,1011.77,1013.00,1010.30,2.51,6.93,0.00,15.66,2025-10-05T01:40:00-05:00,350.0,N,NW,0.4526,0.4526,205.0,0,,,2.610,5.00
2025-10-06,2025,10,6,279,287,1435.0,99.7,80.10,86.90,2025-10-06T17:10:00-05:00,74.48,2025-10-06T08:35:00-05:00,75.55,79.19,70.31,86.62,98.00,65.00,1013.91,1016.00,1012.00,2.30,7.38,0.00,21.70,2025-10-06T15:35:00-05:00,326.1,NW,NW,0.0371,0.0371,60.0,32,11.75,4.35,2.600,5.00
2025-10-07,2025,10,7,280,287,1435.0,99.7,79.60,89.24,2025-10-07T13:15:00-05:00,74.12,2025-10-07T05:55:00-05:00,75.70,78.23,73.82,88.81,100.00,66.00,1015.94,1017.40,1014.70,2.45,6.49,0.00,12.53,2025-10-07T14:45:00-05:00,346.9,NNW,NW,0.0000,0.0000,0.0,0,,,2.620,5.00
2025-10-08,2025,10,8,281,287,1435.0,99.7,80.04,89.78,2025-10-08T15:25:00-05:00,74.48,2025-10-08T02:20:00-05:00,74.28,76.96,71.77,84.07,100.00,58.00,1017.08,1018.70,1015.20,2.79,8.28,0.00,14.09,2025-10-08T13:35:00-05:00,20.9,NNE,NW,0.0000,0.0000,0.0,113,15.94,3.73,2.630,5.00
2025-10-09,2025,10,9,282,287,1435.0,99.7,78.46,88.52,2025-10-09T13:20:00-05:00,70.34,2025-10-09T07:10:00-05:00,68.02,71.61,61.47,72.19,92.00,46.00,1018.13,1020.20,1016.40,3.73,9.62,0.00,16.33,2025-10-09T11:25:00-05:00,90.5,E,SE,0.0000,0.0000,0.0,0,,,2.620,5.00
2025-10-10,2025,10,10,283,287,1435.0,99.7,73.66,83.30,2025-10-10T16:30:00-05:00,64.76,2025-10-10T07:00:00-05:00,62.36,67.95,57.11,68.47,85.00,54.00,1017.33,1019.20,1015.40,1.61,4.92,0.00,12.97,2025-10-10T13:00:00-05:00,129.7,SE,SE,0.0000,0.0000,0.0,0,,,2.630,5.00
2025-10-11,2025,10,11,284,287,1435.0,99.7,71.60,83.12,2025-10-11T14:00:00-05:00,60.80,2025-10-11T07:30:00-05:00,59.61,63.77,56.69,68.39,92.00,41.00,1013.73,1016.30,1011.30,0.96,2.46,0.00,8.95,2025-10-11T11:20:00-05:00,133.3,SE,SE,0.0000,0.0000,0.0,0,,,2.630,5.00
2025-10-12,2025,10,12,285,287,1435.0,99.7,69.63,84.38,2025-10-12T12:55:00-05:00,56.12,2025-10-12T07:10:00-05:00,57.53,62.31,52.64,70.36,97.00,35.00,1011.10,1012.60,1009.30,1.45,5.37,0.00,11.86,2025-10-12T13:35:00-05:00,27.0,NNE,NNE,0.0000,0.0000,0.0,0,,,2.630,5.00
2025-10-13,2025,10,13,286,287,1435.0,99.7,69.67,85.82,2025-10-13T13:10:00-05:00,55.58,2025-10-13T07:25:00-05:00,57.99,62.64,52.10,70.94,96.00,32.00,1013.92,1015.90,1011.70,1.41,4.70,0.00,11.18,2025-10-13T13:35:00-05:00,355.5,N,NW,0.0000,0.0000,0.0,0,,,2.650,5.00
2025-10-14,2025,10,14,287,287,1435.0,99.7,72.38,86.18,2025-10-14T13:10:00-05:00,58.82,2025-10-14T07:10:00-05:00,58.71,62.13,55.48,66.80,93.00,36.00,1016.09,1017.90,1014.40,1.88,5.37,0.00,11.86,2025-10-14T10:50:00-05:00,47.1,NE,NNE,0.0000,0.0000,0.0,0,,,2.640,5.00
2025-10-15,2025,10,15,288,287,1435.0,99.7,72.56,87.80,2025-10-15T12:15:00-05:00,62.42,2025-10-15T03:55:00-05:00,61.29,66.66,55.64,69.95,90.00,41.00,1015.01,1016.30,1013.60,2.22,6.26,0.00,19.01,2025-10-15T12:35:00-05:00,37.4,NE,N,0.0000,0.0000,0.0,0,,,2.640,5.00
2025-10-16,2025,10,16,289,287,1435.0,99.7,73.18,88.88,2025-10-16T12:15:00-05:00,61.52,2025-10-16T07:10:00-05:00,63.39,66.36,60.07,74.57,96.00,42.00,1013.39,1015.00,1011.70,2.07,4.70,0.00,16.11,2025-10-16T12:30:00-05:00,58.0,ENE,NNE,0.0000,0.0000,0.0,0,,,2.640,5.00
2025-10-17,2025,10,17,290,287,1435.0,99.7,73.89,85.64,2025-10-17T11:15:00-05:00,62.78,2025-10-17T07:10:00-05:00,66.66,70.39,61.92,79.92,97.00,52.00,1013.19,1015.30,1012.10,2.67,6.93,0.00,17.00,2025-10-17T12:55:00-05:00,31.4,NNE,NNE,0.0000,0.0000,0.0,1,1.86,1.86,2.640,5.00
2025-10-18,2025,10,18,291,287,1435.0,99.7,77.92,85.46,2025-10-18T14:00:00-05:00,69.62,2025-10-18T04:40:00-05:00,72.48,75.99,68.61,84.22,99.00,65.00,1012.53,1014.60,1010.70,2.99,7.83,0.00,21.25,2025-10-18T15:30:00-05:00,335.7,NNW,NW,0.0321,0.0321,50.0,0,,,2.630,5.00
2025-10-19,2025,10,19,292,288,1440.0,100.0,77.15,89.60,2025-10-19T13:25:00-05:00,62.06,2025-10-19T23:55:00-05:00,64.90,75.99,47.54,69.21,99.00,34.00,1014.69,1019.10,1011.10,2.37,8.72,0.00,14.32,2025-10-19T14:20:00-05:00,354.6,N,NW,0.0460,0.0460,50.0,0,,,2.640,5.00
2025-10-20,2025,10,20,293,275,1375.0,95.5,67.16,78.44,2025-10-20T12:20:00-05:00,53.60,2025-10-20T07:30:00-05:00,55.15,65.81,46.16,66.63,90.00,46.00,1018.40,1020.90,1016.20,1.43,4.25,0.00,7.61,2025-10-20T13:20:00-05:00,355.0,N,N,0.0000,0.0000,0.0,0,,,2.650,5.00
2025-10-21,2025,10,21,294,268,1340.0,93.1,73.06,83.48,2025-10-21T15:20:00-05:00,61.16,2025-10-21T07:15:00-05:00,66.70,70.91,60.30,81.82,98.00,62.00,1016.44,1018.10,1014.30,2.36,5.82,0.00,20.80,2025-10-21T11:25:00-05:00,344.3,NNW,NNE,0.0000,0.0000,0.0,0,,,2.640,5.00
2025-10-22,2025,10,22,295,260,1300.0,90.3,70.65,80.78,2025-10-22T16:00:00-05:00,56.84,2025-10-22T23:40:00-05:00,50.92,64.93,41.71,52.88,81.00,26.00,1018.73,1021.00,1017.10,1.59,3.58,0.00,7.61,2025-10-22T11:50:00-05:00,348.6,NNW,N,0.0000,0.0000,0.0,0,,,2.640,5.00
2025-10-23,2025,10,23,296,80,400.0,27.8,62.02,79.34,2025-10-23T11:55:00-05:00,50.72,2025-10-23T05:30:00-05:00,51.26,57.83,44.78,69.80,86.00,31.00,1019.01,1021.40,1018.70,1.09,2.91,0.00,5.82,2025-10-23T15:35:00-05:00,3.6,N,N,0.0000,0.0000,0.0,0,,,2.650,5.00
2025-10-24,2025,10,24,297,132,660.0,45.8,71.12,82.94,2025-10-24T14:00:00-05:00,53.60,2025-10-24T07:15:00-05:00,58.93,60.67,51.91,67.54,94.00,41.00,1018.53,1020.90,1017.40,1.81,4.70,0.00,7.83,2025-10-24T15:10:00-05:00,332.7,NNW,NW,0.0000,0.0000,0.0,0,,,0.000,5.00
2025-10-25,2025,10,25,298,287,1435.0,99.7,69.28,78.44,2025-10-25T12:20:00-05:00,62.42,2025-10-25T01:15:00-05:00,66.81,73.70,59.49,92.06,100.00,79.00,1016.61,1018.20,1014.70,1.45,3.80,0.00,11.41,2025-10-25T17:10:00-05:00,1.7,N,NNE,0.8453,0.8453,215.0,602,15.09,1.24,2.610,5.00
2025-10-26,2025,10,26,299,287,1435.0,99.7,74.34,79.34,2025-10-26T15:55:00-05:00,70.52,2025-10-26T23:55:00-05:00,71.95,73.78,70.22,92.58,100.00,77.00,1012.60,1014.70,1011.10,2.09,41.61,0.00,58.38,2025-10-26T11:00:00-05:00,358.1,N,NW,0.7978,0.7978,285.0,641,10.07,3.11,2.600,5.00
2025-10-27,2025,10,27,300,286,1430.0,99.3,71.25,81.86,2025-10-27T12:50:00-05:00,63.32,2025-10-27T23:40:00-05:00,65.52,70.40,62.16,83.91,100.00,57.00,1011.79,1013.10,1010.40,1.58,4.25,0.00,9.17,2025-10-27T07:50:00-05:00,333.5,NNW,NW,0.0000,0.0000,0.0,0,,,2.600,5.00
2025-10-28,2025,10,28,301,287,1435.0,99.7,67.62,74.66,2025-10-28T15:20:00-05:00,61.34,2025-10-28T04:20:00-05:00,63.67,67.47,61.02,87.78,100.00,70.00,1012.69,1015.10,1010.90,3.29,29.53,0.00,41.16,2025-10-28T05:20:00-05:00,331.7,NNW,NNE,0.0000,0.0000,0.0,0,,,2.630,5.00
2025-10-29,2025,10,29,302,287,1435.0,99.7,61.93,70.52,2025-10-29T00:05:00-05:00,55.76,2025-10-29T07:55:00-05:00,51.02,68.54,43.24,69.60,100.00,44.00,1012.16,1014.90,1008.90,1.55,2.68,0.00,8.50,2025-10-29T01:20:00-05:00,7.3,N,NNE,0.7551,0.7551,150.0,0,,,2.630,5.00
2025-10-30,2025,10,30,303,285,1425.0,99.0,58.17,66.56,2025-10-30T12:55:00-05:00,50.54,2025-10-30T23:50:00-05:00,48.88,51.25,46.26,72.46,93.00,52.00,1015.46,1017.30,1013.80,1.42,2.24,0.00,6.04,2025-10-30T11:35:00-05:00,23.2,NNE,NNE,0.0000,0.0000,0.0,0,,,2.640,5.00
2025-10-31,2025,10,31,304,287,1435.0,99.7,55.85,67.82,2025-10-31T11:45:00-05:00,44.96,2025-10-31T07:10:00-05:00,48.84,53.35,44.34,79.87,99.00,50.00,1018.11,1020.20,1016.80,1.31,2.24,0.00,8.95,2025-10-31T05:15:00-05:00,16.7,NNE,NE,0.0000,0.0000,0.0,0,,,2.640,5.00
2025-11-01,2025,11,1,305,287,1435.0,99.7,57.94,69.62,2025-11-01T12:30:00-05:00,46.40,2025-11-01T07:05:00-05:00,50.92,56.20,45.32,79.78,96.00,52.00,1018.41,1020.60,1017.20,1.37,3.36,0.00,7.83,2025-11-01T03:55:00-05:00,12.0,NNE,NNE,0.0000,0.0000,0.0,0,,,2.640,5.00
2025-11-02,2025,11,2,306,299,1495.0,99.7,60.05,70.52,2025-11-02T13:20:00-06:00,50.90,2025-11-02T23:55:00-06:00,49.40,55.84,44.95,69.88,91.00,44.00,1020.79,1023.70,1018.50,1.34,2.46,0.00,7.16,2025-11-02T10:05:00-06:00,21.6,NNE,NNE,0.0000,0.0000,0.0,0,,,2.640,5.00
2025-11-03,2025,11,3,307,287,1435.0,99.7,55.09,68.72,2025-11-03T13:55:00-06:00,43.34,2025-11-03T06:25:00-06:00,43.95,48.61,40.44,69.91,93.00,36.00,1024.94,1027.10,1023.30,1.27,3.36,0.00,6.93,2025-11-03T23:00:00-06:00,16.5,NNE,NNE,0.0000,0.0000,0.0,0,,,2.640,5.00
2025-11-04,2025,11,4,308,287,1435.0,99.7,57.00,71.06,2025-11-04T11:00:00-06:00,44.06,2025-11-04T05:40:00-06:00,48.82,55.73,42.70,77.14,96.00,42.00,1025.10,1027.40,1023.10,1.44,3.58,0.00,8.28,2025-11-04T04:50:00-06:00,1.9,N,NNE,0.0000,0.0000,0.0,0,,,2.640,5.00
2025-11-05,2025,11,5,309,287,1435.0,99.7,62.54,77.54,2025-11-05T10:25:00-06:00,49.28,2025-11-05T04:30:00-06:00,56.80,62.65,48.74,83.67,100.00,58.00,1021.74,1024.10,1020.00,1.60,4.25,0.00,17.67,2025-11-05T10:55:00-06:00,340.0,NNW,NW,0.0000,0.0000,0.0,0,,,2.640,5.00
2025-11-06,2025,11,6,310,287,1435.0,99.7,65.22,78.62,2025-11-06T12:40:00-06:00,54.86,2025-11-06T05:40:00-06:00,60.58,66.14,54.58,86.54,100.00,57.00,1017.82,1020.40,1014.20,2.19,5.14,0.00,10.74,2025-11-06T10:45:00-06:00,329.8,NNW,NW,0.0000,0.0000,0.0,0,,,2.640,5.00
2025-11-07,2025,11,7,311,286,1430.0,99.3,72.25,82.22,2025-11-07T13:55:00-06:00,61.34,2025-11-07T00:40:00-06:00,68.74,74.03,61.24,89.38,100.00,73.00,1010.92,1014.00,1008.20,4.86,29.53,0.00,44.96,2025-11-07T10:25:00-06:00,320.6,NW,NW,0.0000,0.0000,0.0,0,,,2.630,5.00
2025-11-08,2025,11,8,312,287,1435.0,99.7,72.10,80.78,2025-11-08T14:55:00-06:00,62.42,2025-11-08T06:30:00-06:00,67.88,71.78,62.13,87.54,100.00,66.00,1010.61,1012.50,1009.20,3.35,22.15,0.00,42.05,2025-11-08T08:15:00-06:00,316.7,NW,NW,0.0000,0.0000,0.0,0,,,2.630,5.00
2025-11-09,2025,11,9,313,287,1435.0,99.7,65.07,71.24,2025-11-09T12:30:00-06:00,49.46,2025-11-09T23:55:00-06:00,53.91,69.44,39.50,70.75,100.00,37.00,1017.62,1025.30,1012.50,1.41,3.36,0.00,8.28,2025-11-09T09:30:00-06:00,4.4,N,NNE,0.0333,0.0333,45.0,24,3.26,1.86,2.630,5.00
2025-11-10,2025,11,10,314,287,1435.0,99.7,46.45,54.50,2025-11-10T13:55:00-06:00,37.40,2025-11-10T23:40:00-06:00,30.15,39.74,25.36,54.49,74.00,34.00,1028.62,1031.30,1025.40,1.81,3.80,0.00,10.51,2025-11-10T09:15:00-06:00,329.7,NNW,NNE,0.0000,0.0000,0.0,0,,,2.630,5.00
2025-11-11,2025,11,11,315,286,1430.0,99.3,45.52,54.86,2025-11-11T15:05:00-06:00,32.00,2025-11-11T06:35:00-06:00,31.25,44.29,22.11,59.39,84.00,29.00,1028.56,1031.90,1025.00,2.12,4.25,0.00,9.62,2025-11-11T11:40:00-06:00,102.6,ESE,SW,0.0000,0.0000,0.0,0,,,2.640,5.00
2025-11-12,2025,11,12,316,285,1425.0,99.0,58.65,71.96,2025-11-12T14:05:00-06:00,42.80,2025-11-12T03:40:00-06:00,51.58,58.58,40.82,79.18,97.00,58.00,1024.00,1026.20,1021.80,1.32,3.36,0.00,7.83,2025-11-12T11:40:00-06:00,345.9,NNW,N,0.0000,0.0000,0.0,0,,,2.650,5.00
2025-11-13,2025,11,13,317,284,1420.0,98.6,63.22,75.92,2025-11-13T10:15:00-06:00,51.08,2025-11-13T06:20:00-06:00,58.21,64.16,50.53,85.07,100.00,65.00,1022.75,1024.70,1021.30,1.52,4.25,0.00,10.96,2025-11-13T10:20:00-06:00,338.4,NNW,NW,0.0000,0.0000,0.0,0,,,2.640,5.00
2025-11-14,2025,11,14,318,284,1420.0,98.6,64.04,78.62,2025-11-14T10:55:00-06:00,53.24,2025-11-14T06:35:00-06:00,57.73,63.19,52.97,82.37,100.00,51.00,1021.00,1023.70,1019.00,1.57,4.25,0.00,8.72,2025-11-14T10:10:00-06:00,347.5,NNW,N,0.0000,0.0000,0.0,0,,,2.640,5.00
2025-11-15,2025,11,15,319,286,1430.0,99.3,65.09,75.92,2025-11-15T14:35:00-06:00,52.70,2025-11-15T06:05:00-06:00,60.12,65.26,52.43,85.51,100.00,60.00,1016.25,1019.40,1013.00,1.72,4.70,0.00,14.54,2025-11-15T11:05:00-06:00,329.8,NNW,NW,0.0000,0.0000,0.0,0,,,2.640,5.00
2025-11-16,2025,11,16,320,286,1430.0,99.3,67.70,77.18,2025-11-16T11:50:00-06:00,58.64,2025-11-16T06:45:00-06:00,63.30,68.22,58.36,86.99,100.00,66.00,1012.40,1014.70,1010.50,1.38,2.91,0.00,8.05,2025-11-16T03:25:00-06:00,319.7,NW,NW,0.0000,0.0000,0.0,0,,,2.640,5.00
2025-11-17,2025,11,17,321,257,1285.0,89.2,66.90,77.54,2025-11-17T10:40:00-06:00,58.82,2025-11-17T03:25:00-06:00,63.59,68.99,58.26,89.73,100.00,71.00,1014.82,1016.80,1012.50,1.96,39.59,0.00,47.42,2025-11-17T23:30:00-06:00,114.6,ESE,SE,0.0000,0.0000,0.0,0,,,2.630,5.00
2025-11-18,2025,11,18,322,225,1125.0,78.1,72.25,80.60,2025-11-18T13:40:00-06:00,61.52,2025-11-18T04:05:00-06:00,66.55,71.42,61.13,83.58,99.00,63.00,1017.99,1019.80,1016.30,9.98,48.32,0.00,56.37,2025-11-18T02:25:00-06:00,128.7,SE,SE,0.0000,0.0000,0.0,0,,,2.600,5.00
2025-11-19,2025,11,19,323,287,1435.0,99.7,70.10,80.06,2025-11-19T10:35:00-06:00,63.14,2025-11-19T02:35:00-06:00,66.39,71.58,62.74,89.06,100.00,61.00,1020.45,1022.50,1019.00,2.15,17.00,0.00,51.23,2025-11-19T21:25:00-06:00,340.3,NNW,NNW,0.0000,0.0000,0.0,0,,,2.640,5.00
2025-11-20,2025,11,20,324,287,1435.0,99.7,71.56,79.16,2025-11-20T14:50:00-06:00,64.58,2025-11-20T06:20:00-06:00,67.81,70.52,64.29,88.92,100.00,66.00,1018.14,1020.20,1016.20,2.22,5.82,0.00,15.21,2025-11-20T10:55:00-06:00,340.6,NNW,NW,0.0000,0.0000,0.0,0,,,2.630,5.00
2025-11-21,2025,11,21,325,287,1435.0,99.7,74.42,81.68,2025-11-21T13:40:00-06:00,69.98,2025-11-21T00:05:00-06:00,71.10,74.43,69.69,89.92,99.00,70.00,1015.19,1016.50,1013.60,2.07,8.95,0.00,36.46,2025-11-21T23:30:00-06:00,321.4,NW,NW,0.0638,0.0638,115.0,1,2.49,2.49,2.630,5.00
2025-11-22,2025,11,22,326,287,1435.0,99.7,72.88,78.98,2025-11-22T14:30:00-06:00,68.36,2025-11-22T23:20:00-06:00,70.73,72.83,65.31,93.25,100.00,79.00,1017.38,1019.10,1015.80,3.44,32.88,0.00,39.37,2025-11-22T02:05:00-06:00,318.1,NW,NW,0.0000,0.0000,0.0,0,,,2.620,5.00
2025-11-23,2025,11,23,327,287,1435.0,99.7,66.20,77.72,2025-11-23T10:55:00-06:00,57.02,2025-11-23T22:35:00-06:00,58.76,65.35,55.31,78.34,94.00,53.00,1018.71,1021.20,1017.10,2.00,3.13,0.00,5.37,2025-11-23T11:30:00-06:00,34.9,NE,SE,0.0000,0.0000,0.0,0,,,2.610,5.00
2025-11-24,2025,11,24,328,287,1435.0,99.7,67.29,77.72,2025-11-24T13:35:00-06:00,55.04,2025-11-24T03:35:00-06:00,63.90,71.54,54.20,89.53,98.00,74.00,1016.13,1018.60,1013.60,2.30,16.11,0.00,43.62,2025-11-24T23:50:00-06:00,352.6,N,NW,0.0000,0.0000,0.0,0,,,2.630,5.00
2025-11-25,2025,11,25,329,287,1435.0,99.7,72.36,79.52,2025-11-25T12:05:00-06:00,63.50,2025-11-25T23:50:00-06:00,70.36,73.73,63.21,93.74,100.00,76.00,1014.49,1017.70,1012.70,2.24,21.92,0.00,45.19,2025-11-25T00:10:00-06:00,322.3,NW,NW,1.0869,1.0869,85.0,16,4.16,1.24,2.630,5.00
2025-11-26,2025,11,26,330,287,1435.0,99.7,60.44,68.36,2025-11-26T12:25:00-06:00,49.28,2025-11-26T23:55:00-06:00,52.01,63.03,35.25,75.77,99.00,42.00,1021.57,1024.30,1017.60,1.75,3.13,0.00,8.50,2025-11-26T00:10:00-06:00,9.8,N,NNE,0.0000,0.0000,0.0,0,,,2.630,5.00
2025-11-27,2025,11,27,331,287,1435.0,99.7,50.62,61.88,2025-11-27T14:50:00-06:00,41.72,2025-11-27T06:55:00-06:00,34.64,39.56,29.61,56.42,78.00,32.00,1026.71,1028.50,1024.00,1.35,2.91,0.00,9.62,2025-11-27T09:00:00-06:00,355.6,N,NNE,0.0000,0.0000,0.0,0,,,2.640,5.00
2025-11-28,2025,11,28,332,287,1435.0,99.7,48.28,58.28,2025-11-28T13:55:00-06:00,39.74,2025-11-28T06:50:00-06:00,32.38,36.61,26.03,56.54,77.00,30.00,1028.41,1031.30,1026.00,1.33,2.46,0.00,8.95,2025-11-28T09:15:00-06:00,331.0,NNW,NNE,0.0000,0.0000,0.0,0,,,2.640,5.00
2025-11-29,2025,11,29,333,287,1435.0,99.7,56.09,69.44,2025-11-29T14:10:00-06:00,42.26,2025-11-29T05:15:00-06:00,45.96,56.51,31.15,69.34,90.00,56.00,1022.18,1025.90,1019.90,1.54,3.13,0.00,9.17,2025-11-29T14:20:00-06:00,0.3,N,NNE,0.0000,0.0000,0.0,0,,,2.640,5.00
2025-11-30,2025,11,30,334,287,1435.0,99.7,58.35,63.86,2025-11-30T12:40:00-06:00,51.80,2025-11-30T22:25:00-06:00,56.67,60.73,50.13,94.20,98.00,87.00,1020.38,1022.50,1018.00,2.54,6.04,0.00,13.20,2025-11-30T18:05:00-06:00,357.3,N,N,0.0296,0.0296,65.0,0,,,2.620,5.00
2025-12-01,2025,12,1,335,287,1435.0,99.7,54.53,61.88,2025-12-01T13:50:00-06:00,47.84,2025-12-01T06:55:00-06:00,51.71,56.51,45.91,90.40,99.00,80.00,1017.35,1022.30,1011.40,1.61,3.80,0.00,6.71,2025-12-01T04:25:00-06:00,19.4,NNE,NNE,0.0315,0.0315,135.0,0,,,2.600,5.00
2025-12-02,2025,12,2,336,287,1435.0,99.7,47.06,56.66,2025-12-02T00:50:00-06:00,39.20,2025-12-02T22:55:00-06:00,42.43,56.38,34.17,84.13,99.00,69.00,1016.29,1019.20,1012.30,1.78,4.03,0.00,11.18,2025-12-02T01:10:00-06:00,321.7,NW,NW,0.0000,0.0000,0.0,0,,,2.600,5.00
2025-12-03,2025,12,3,337,287,1435.0,99.7,44.73,51.80,2025-12-03T16:05:00-06:00,37.58,2025-12-03T04:25:00-06:00,39.59,45.85,33.77,82.34,91.00,63.00,1020.04,1023.00,1018.60,1.50,2.91,0.00,7.83,2025-12-03T11:40:00-06:00,305.6,NW,W,0.0000,0.0000,0.0,0,,,2.610,5.00
2025-12-04,2025,12,4,338,287,1435.0,99.7,51.19,54.86,2025-12-04T18:00:00-06:00,48.20,2025-12-04T03:45:00-06:00,50.70,54.58,45.98,98.26,100.00,86.00,1017.12,1019.50,1014.60,5.02,15.88,0.00,51.00,2025-12-04T19:15:00-06:00,11.8,NNE,NE,4.4567,4.4567,1300.0,2,3.11,3.11,2.590,5.00
2025-12-05,2025,12,5,339,288,1440.0,100.0,48.36,50.18,2025-12-05T14:05:00-06:00,47.12,2025-12-05T04:50:00-06:00,47.79,48.82,46.85,97.90,100.00,94.00,1016.61,1018.90,1014.80,10.74,14.99,0.22,28.19,2025-12-05T18:35:00-06:00,98.2,E,E,0.0183,0.0183,5.0,0,,,2.550,5.00
2025-12-06,2025,12,6,340,287,1435.0,99.7,49.98,53.96,2025-12-06T15:30:00-06:00,47.48,2025-12-06T00:15:00-06:00,49.57,52.52,47.39,98.52,100.00,93.00,1015.51,1017.80,1014.20,0.82,1.79,0.00,2.68,2025-12-06T03:25:00-06:00,135.1,SE,SE,0.2889,0.2889,200.0,0,,,2.540,5.00
2025-12-07,2025,12,7,341,287,1435.0,99.7,56.85,67.64,2025-12-07T12:30:00-06:00,51.26,2025-12-07T00:05:00-06:00,55.15,60.89,50.71,94.36,100.00,77.00,1013.98,1016.70,1012.50,1.75,4.25,0.00,6.04,2025-12-07T15:00:00-06:00,135.9,SE,SE,0.0996,0.0996,85.0,0,,,2.540,5.00
2025-12-08,2025,12,8,342,287,1435.0,99.7,51.82,57.20,2025-12-08T00:00:00-06:00,46.58,2025-12-08T23:50:00-06:00,47.70,56.92,40.74,86.28,99.00,72.00,1020.57,1023.70,1015.60,1.84,3.36,0.00,7.16,2025-12-08T13:10:00-06:00,87.3,E,SE,0.0009,0.0009,65.0,0,,,2.550,5.00
2025-12-09,2025,12,9,343,286,1430.0,99.3,44.80,53.96,2025-12-09T11:10:00-06:00,37.76,2025-12-09T06:30:00-06:00,40.42,44.12,36.46,85.19,96.00,64.00,1021.46,1024.60,1017.80,1.41,3.36,0.00,8.95,2025-12-09T12:30:00-06:00,259.9,W,WSW,0.0000,0.0000,0.0,0,,,2.580,5.00
2025-12-10,2025,12,10,344,287,1435.0,99.7,52.50,67.28,2025-12-10T14:05:00-06:00,37.04,2025-12-10T06:30:00-06:00,48.47,58.27,36.45,87.11,100.00,69.00,1015.87,1017.60,1012.90,1.61,3.58,0.00,11.63,2025-12-10T09:20:00-06:00,341.9,NNW,SW,0.0000,0.0000,0.0,0,,,2.640,5.00
2025-12-11,2025,12,11,345,287,1435.0,99.7,49.80,60.26,2025-12-11T11:15:00-06:00,42.62,2025-12-11T07:25:00-06:00,42.82,48.41,39.18,78.70,96.00,49.00,1018.92,1022.30,1016.80,1.66,4.47,0.00,10.07,2025-12-11T13:40:00-06:00,38.5,NE,NE,0.0000,0.0000,0.0,0,,,2.640,5.00
2025-12-12,2025,12,12,346,287,1435.0,99.7,58.16,72.86,2025-12-12T13:50:00-06:00,42.44,2025-12-12T03:05:00-06:00,54.19,63.08,41.65,87.58,98.00,68.00,1017.27,1019.00,1016.00,1.24,2.46,0.00,7.61,2025-12-12T13:55:00-06:00,5.4,N,NNE,0.0000,0.0000,0.0,0,,,2.630,5.00
2025-12-13,2025,12,13,347,287,1435.0,99.7,65.98,75.38,2025-12-13T14:35:00-06:00,57.92,2025-12-13T03:55:00-06:00,61.08,65.95,57.07,85.36,99.00,63.00,1018.19,1019.70,1017.00,1.79,4.47,0.00,14.54,2025-12-13T12:15:00-06:00,17.9,NNE,NNW,0.0000,0.0000,0.0,0,,,2.640,5.00
2025-12-14,2025,12,14,348,287,1435.0,99.7,49.53,61.16,2025-12-14T04:25:00-06:00,34.34,2025-12-14T23:55:00-06:00,41.62,60.59,18.57,75.85,98.00,50.00,1024.87,1029.90,1018.10,2.23,4.47,0.00,10.74,2025-12-14T09:25:00-06:00,348.2,NNW,N,0.0795,0.0795,145.0,0,,,2.630,5.00
2025-12-15,2025,12,15,349,287,1435.0,99.7,36.99,48.56,2025-12-15T14:30:00-06:00,28.04,2025-12-15T06:50:00-06:00,23.84,33.80,16.62,61.02,92.00,38.00,1028.60,1032.20,1025.60,1.51,3.36,0.00,8.05,2025-12-15T09:25:00-06:00,284.7,WNW,WSW,0.0000,0.0000,0.0,0,,,2.620,5.00
2025-12-16,2025,12,16,350,287,1435.0,99.7,46.75,60.62,2025-12-16T15:05:00-06:00,31.46,2025-12-16T02:40:00-06:00,40.10,51.59,27.63,79.21,95.00,54.00,1023.00,1025.90,1020.50,1.76,4.25,0.00,7.61,2025-12-16T13:30:00-06:00,19.6,NNE,NE,0.0000,0.0000,0.0,0,,,2.640,5.00
2025-12-17,2025,12,17,351,287,1435.0,99.7,58.14,65.30,2025-12-17T12:05:00-06:00,50.90,2025-12-17T00:05:00-06:00,54.91,60.45,48.00,89.05,95.00,83.00,1017.91,1020.80,1013.60,1.65,3.13,0.00,7.61,2025-12-17T05:10:00-06:00,12.8,NNE,NNE,0.0000,0.0000,0.0,0,,,2.620,5.00
2025-12-18,2025,12,18,352,287,1435.0,99.7,68.76,77.00,2025-12-18T14:10:00-06:00,60.26,2025-12-18T01:45:00-06:00,64.53,69.15,58.10,86.94,99.00,68.00,1010.91,1013.60,1008.30,1.80,5.59,0.00,27.07,2025-12-18T02:45:00-06:00,312.9,NW,NW,0.0171,0.0171,20.0,0,,,2.610,5.00
2025-12-19,2025,12,19,353,287,1435.0,99.7,54.61,64.40,2025-12-19T00:05:00-06:00,43.88,2025-12-19T23:50:00-06:00,40.62,57.75,35.03,61.89,86.00,36.00,1019.75,1022.80,1013.90,1.22,2.91,0.00,7.83,2025-12-19T02:45:00-06:00,30.7,NNE,NE,0.0000,0.0000,0.0,0,,,2.640,5.00
2025-12-20,2025,12,20,354,287,1435.0,99.7,58.50,72.86,2025-12-20T13:50:00-06:00,39.74,2025-12-20T05:40:00-06:00,52.22,63.71,38.16,80.93,95.00,62.00,1018.72,1021.10,1016.30,1.50,4.92,0.00,11.18,2025-12-20T11:25:00-06:00,84.2,E,WSW,0.0000,0.0000,0.0,0,,,2.650,5.00
2025-12-21,2025,12,21,355,287,1435.0,99.7,69.36,78.08,2025-12-21T13:50:00-06:00,62.24,2025-12-21T06:20:00-06:00,67.38,72.14,61.85,93.79,100.00,78.00,1021.22,1023.80,1018.70,1.39,3.13,0.00,9.62,2025-12-21T02:05:00-06:00,320.7,NW,NW,0.5985,0.5985,90.0,84,9.62,1.24,2.640,5.00
2025-12-22,2025,12,22,356,287,1435.0,99.7,66.27,69.08,2025-12-22T00:05:00-06:00,59.72,2025-12-22T23:25:00-06:00,65.95,68.90,59.44,98.91,100.00,96.00,1024.83,1026.70,1023.20,1.00,3.13,0.00,12.30,2025-12-22T11:00:00-06:00,319.5,NW,NW,0.4395,0.4395,305.0,0,,,2.620,5.00
2025-12-23,2025,12,23,357,287,1435.0,99.7,65.88,76.28,2025-12-23T14:05:00-06:00,57.56,2025-12-23T05:30:00-06:00,63.33,68.80,57.28,92.16,100.00,75.00,1025.60,1028.00,1024.40,1.96,12.75,0.00,43.40,2025-12-23T09:00:00-06:00,330.0,NNW,NW,0.0000,0.0000,0.0,0,,,2.610,5.00
2025-12-24,2025,12,24,358,287,1435.0,99.7,65.89,74.30,2025-12-24T13:00:00-06:00,61.88,2025-12-24T21:00:00-06:00,64.56,68.63,61.60,95.70,100.00,81.00,1025.59,1027.90,1024.10,1.34,4.92,0.00,8.95,2025-12-24T12:45:00-06:00,310.5,NW,NW,0.0000,0.0000,0.0,0,,,2.640,5.00
2025-12-25,2025,12,25,359,287,1435.0,99.7,65.84,74.84,2025-12-25T13:15:00-06:00,59.36,2025-12-25T07:20:00-06:00,63.36,67.92,59.08,92.34,100.00,71.00,1022.20,1024.60,1019.50,1.55,6.93,0.00,49.44,2025-12-25T08:55:00-06:00,334.4,NNW,NW,0.0000,0.0000,0.0,0,,,2.640,5.00
2025-12-26,2025,12,26,360,287,1435.0,99.7,68.42,76.10,2025-12-26T14:30:00-06:00,63.50,2025-12-26T06:45:00-06:00,66.30,69.49,63.21,93.31,100.00,79.00,1017.60,1020.00,1015.50,6.45,29.53,0.00,47.87,2025-12-26T00:10:00-06:00,137.7,SE,SE,0.0000,0.0000,0.0,0,,,2.640,5.00
2025-12-27,2025,12,27,361,287,1435.0,99.7,69.36,77.18,2025-12-27T13:35:00-06:00,66.38,2025-12-27T00:05:00-06:00,67.38,70.18,66.09,93.80,100.00,76.00,1016.70,1019.10,1015.40,4.99,41.61,0.00,56.15,2025-12-27T00:15:00-06:00,312.9,NW,NW,0.0000,0.0000,0.0,0,,,2.630,5.00
2025-12-28,2025,12,28,362,287,1435.0,99.7,69.88,77.36,2025-12-28T14:25:00-06:00,64.94,2025-12-28T22:40:00-06:00,66.97,68.97,64.65,91.09,100.00,73.00,1016.04,1018.40,1014.70,7.58,48.09,0.00,58.16,2025-12-28T05:05:00-06:00,314.1,NW,NW,0.1176,0.1176,55.0,0,,,2.640,5.00
2025-12-29,2025,12,29,363,287,1435.0,99.7,52.12,68.00,2025-12-29T00:20:00-06:00,39.02,2025-12-29T23:40:00-06:00,36.11,68.00,21.75,57.55,100.00,32.00,1022.26,1027.10,1015.50,2.94,27.07,0.00,40.94,2025-12-29T04:55:00-06:00,327.8,NNW,NW,0.0061,0.0061,15.0,0,,,2.640,5.00
2025-12-30,2025,12,30,364,287,1435.0,99.7,41.03,53.24,2025-12-30T13:40:00-06:00,33.44,2025-12-30T05:40:00-06:00,26.06,30.68,22.67,56.49,80.00,35.00,1026.91,1029.90,1024.70,1.75,3.80,0.00,10.74,2025-12-30T13:35:00-06:00,285.5,WNW,WSW,0.0000,0.0000,0.0,0,,,2.640,5.00
2025-12-31,2025,12,31,365,287,1435.0,99.7,44.28,57.38,2025-12-31T15:00:00-06:00,29.66,2025-12-31T06:00:00-06:00,33.57,42.03,27.44,68.78,95.00,40.00,1023.69,1026.90,1020.80,2.20,5.37,0.00,10.29,2025-12-31T14:05:00-06:00,40.0,NE,NE,0.0000,0.0000,0.0,0,,,2.650,5.00
2026-01-01,2026,1,1,1,287,1435.0,99.7,53.80,66.92,2026-01-01T14:30:00-06:00,39.02,2026-01-01T06:40:00-06:00,44.40,52.70,37.98,73.36,98.00,42.00,1018.61,1021.80,1015.40,1.34,2.46,0.00,6.71,2026-01-01T18:45:00-06:00,332.1,NNW,W,0.0000,0.0000,0.0,0,,,2.640,5.00
2026-01-02,2026,1,2,2,287,1435.0,99.7,61.35,67.46,2026-01-02T15:45:00-06:00,49.64,2026-01-02T03:10:00-06:00,58.01,64.85,48.55,89.03,98.00,79.00,1011.14,1015.50,1007.60,1.53,3.58,0.00,8.95,2026-01-02T13:00:00-06:00,286.3,WNW,NNE,0.0003,0.0003,5.0,0,,,2.620,5.00
2026-01-03,2026,1,3,3,287,1435.0,99.7,68.11,77.72,2026-01-03T16:00:00-06:00,58.10,2026-01-03T23:35:00-06:00,63.65,68.41,54.43,86.59,100.00,65.00,1009.94,1015.10,1007.90,2.18,5.82,0.00,13.42,2026-01-03T13:40:00-06:00,318.5,NW,NW,0.0000,0.0000,0.0,0,,,2.610,5.00
2026-01-04,2026,1,4,4,287,1435.0,99.7,57.92,61.16,2026-01-04T14:20:00-06:00,55.22,2026-01-04T08:20:00-06:00,53.42,54.93,50.65,85.02,90.00,78.00,1017.82,1020.30,1015.10,1.60,2.91,0.00,8.05,2026-01-04T03:25:00-06:00,16.3,NNE,NNE,0.0000,0.0000,0.0,0,,,2.620,5.00
2026-01-05,2026,1,5,5,287,1435.0,99.7,60.04,71.06,2026-01-05T13:40:00-06:00,48.74,2026-01-05T07:05:00-06:00,56.47,62.04,48.20,88.72,99.00,70.00,1016.80,1019.10,1015.40,1.43,3.13,0.00,7.83,2026-01-05T12:40:00-06:00,342.6,NNW,NW,0.0000,0.0000,0.0,0,,,2.610,5.00
2026-01-06,2026,1,6,6,286,1430.0,99.3,67.25,78.08,2026-01-06T14:35:00-06:00,57.38,2026-01-06T07:25:00-06:00,62.89,68.76,57.10,86.92,100.00,66.00,1014.59,1016.80,1012.70,2.31,38.48,0.00,54.58,2026-01-06T10:30:00-06:00,314.7,NW,NW,0.0000,0.0000,0.0,0,,,2.640,5.00
2026-01-07,2026,1,7,7,287,1435.0,99.7,68.32,76.64,2026-01-07T15:00:00-06:00,63.68,2026-01-07T00:55:00-06:00,65.61,68.41,63.10,91.51,100.00,74.00,1015.07,1017.00,1014.10,1.55,5.37,0.00,23.49,2026-01-07T01:10:00-06:00,306.4,NW,NW,0.0000,0.0000,0.0,0,,,2.640,5.00
2026-01-08,2026,1,8,8,287,1435.0,99.7,70.45,77.54,2026-01-08T12:25:00-06:00,63.86,2026-01-08T05:30:00-06:00,66.73,69.65,63.57,88.78,100.00,68.00,1014.33,1016.00,1012.80,10.69,46.53,0.00,56.82,2026-01-08T01:25:00-06:00,136.8,SE,SE,0.0000,0.0000,0.0,0,,,2.640,5.00
2026-01-09,2026,1,9,9,287,1435.0,99.7,73.23,78.80,2026-01-09T14:15:00-06:00,69.62,2026-01-09T02:30:00-06:00,71.20,73.07,68.97,93.61,100.00,81.00,1015.06,1016.60,1013.60,2.14,5.59,0.00,30.20,2026-01-09T20:35:00-06:00,296.1,WNW,NW,0.0601,0.0601,25.0,566,13.69,2.49,2.640,5.00
2026-01-10,2026,1,10,10,287,1435.0,99.7,68.09,74.30,2026-01-10T14:50:00-06:00,55.40,2026-01-10T23:55:00-06:00,65.21,71.84,47.25,90.83,100.00,73.00,1018.44,1024.90,1013.80,3.17,31.76,0.00,70.02,2026-01-10T05:05:00-06:00,343.1,NNW,NW,1.5254,1.5254,165.0,1000,11.22,3.73,2.630,5.00
2026-01-11,2026,1,11,11,287,1435.0,99.7,52.99,62.96,2026-01-11T12:45:00-06:00,43.52,2026-01-11T23:55:00-06:00,38.78,46.92,33.98,60.45,84.00,37.00,1028.42,1031.20,1024.80,1.76,3.80,0.00,9.62,2026-01-11T09:45:00-06:00,8.9,N,NNE,0.0000,0.0000,0.0,0,,,2.640,5.00
2026-01-12,2026,1,12,12,287,1435.0,99.7,44.62,56.66,2026-01-12T14:30:00-06:00,35.60,2026-01-12T07:10:00-06:00,31.27,35.06,26.89,62.30,90.00,34.00,1029.18,1032.30,1026.80,1.33,3.13,0.00,9.17,2026-01-12T09:55:00-06:00,336.9,NNW,WSW,0.0000,0.0000,0.0,0,,,2.650,5.00
2026-01-13,2026,1,13,13,287,1435.0,99.7,47.20,58.64,2026-01-13T12:10:00-06:00,33.98,2026-01-13T05:55:00-06:00,35.62,46.57,29.04,67.68,95.00,35.00,1022.60,1027.00,1017.10,1.55,3.36,0.00,9.17,2026-01-13T12:30:00-06:00,36.6,NE,NE,0.0336,0.0336,35.0,0,,,2.650,5.00
2026-01-14,2026,1,14,14,288,1440.0,100.0,55.10,64.76,2026-01-14T13:30:00-06:00,48.20,2026-01-14T02:25:00-06:00,47.19,50.66,43.90,75.63,92.00,57.00,1013.80,1017.30,1009.60,1.60,2.91,0.00,7.61,2026-01-14T18:25:00-06:00,8.8,N,NE,0.1080,0.1080,95.0,0,,,2.620,5.00
2026-01-15,2026,1,15,15,287,1435.0,99.7,46.48,55.58,2026-01-15T14:20:00-06:00,35.78,2026-01-15T23:10:00-06:00,31.46,46.20,24.30,58.62,85.00,31.00,1018.52,1021.60,1015.40,1.71,4.03,0.00,9.62,2026-01-15T13:00:00-06:00,8.0,N,WSW,0.0000,0.0000,0.0,0,,,2.640,5.00
2026-01-16,2026,1,16,16,287,1435.0,99.7,52.29,66.20,2026-01-16T15:10:00-06:00,35.06,2026-01-16T06:10:00-06:00,44.09,53.47,30.95,75.21,93.00,53.00,1016.23,1018.40,1014.00,1.60,4.03,0.00,11.86,2026-01-16T13:45:00-06:00,277.5,W,WSW,0.0000,0.0000,0.0,0,,,2.650,5.00
2026-01-17,2026,1,17,17,287,1435.0,99.7,51.63,57.92,2026-01-17T00:05:00-06:00,44.24,2026-01-17T23:35:00-06:00,40.62,53.94,31.91,67.18,93.00,43.00,1020.23,1024.80,1015.70,2.06,4.70,0.00,10.51,2026-01-17T18:25:00-06:00,13.0,NNE,NNE,0.0302,0.0302,35.0,0,,,2.650,5.00
2026-01-18,2026,1,18,18,287,1435.0,99.7,41.11,50.54,2026-01-18T14:30:00-06:00,30.74,2026-01-18T07:25:00-06:00,23.60,32.27,16.96,51.89,84.00,30.00,1024.25,1027.00,1021.80,1.58,3.13,0.00,8.05,2026-01-18T14:50:00-06:00,303.0,WNW,WSW,0.0000,0.0000,0.0,0,,,2.610,5.00
2026-01-19,2026,1,19,19,287,1435.0,99.7,42.68,61.52,2026-01-19T14:45:00-06:00,29.48,2026-01-19T06:25:00-06:00,31.62,38.13,26.48,69.38,92.00,32.00,1026.44,1028.60,1024.80,1.25,3.36,0.00,11.63,2026-01-19T15:55:00-06:00,347.3,NNW,WSW,0.0000,0.0000,0.0,0,,,2.650,5.00
2026-01-20,2026,1,20,20,287,1435.0,99.7,47.53,62.60,2026-01-20T12:00:00-06:00,34.70,2026-01-20T07:05:00-06:00,38.65,43.89,33.68,74.18,97.00,45.00,1029.34,1032.60,1027.00,1.40,2.91,0.00,8.05,2026-01-20T17:00:00-06:00,325.8,NW,WSW,0.0000,0.0000,0.0,0,,,2.650,5.00
2026-01-21,2026,1,21,21,287,1435.0,99.7,57.63,67.46,2026-01-21T13:10:00-06:00,45.14,2026-01-21T03:30:00-06:00,51.54,60.90,40.13,80.63,97.00,66.00,1023.63,1026.90,1020.20,1.23,3.13,0.00,9.40,2026-01-21T11:35:00-06:00,358.0,N,NNE,0.0733,0.0733,160.0,0,,,2.640,5.00
2026-01-22,2026,1,22,22,287,1435.0,99.7,62.14,68.18,2026-01-22T14:55:00-06:00,58.46,2026-01-22T23:45:00-06:00,61.09,64.46,58.18,96.48,100.00,87.00,1019.33,1020.70,1017.80,2.38,41.16,0.00,55.48,2026-01-22T03:05:00-06:00,328.8,NNW,NW,0.2931,0.2931,240.0,0,,,2.610,5.00
2026-01-23,2026,1,23,23,287,1435.0,99.7,58.39,63.68,2026-01-23T15:30:00-06:00,55.22,2026-01-23T23:55:00-06:00,56.29,58.32,51.11,92.95,100.00,81.00,1020.13,1022.20,1018.50,1.91,3.36,0.00,7.83,2026-01-23T23:20:00-06:00,1.4,N,N,0.0000,0.0000,0.0,0,,,2.600,5.00
2026-01-24,2026,1,24,24,287,1435.0,99.7,53.88,66.38,2026-01-24T23:50:00-06:00,49.46,2026-01-24T08:45:00-06:00,51.58,66.09,45.75,92.01,100.00,83.00,1016.51,1020.20,1010.80,1.97,10.51,0.00,19.01,2026-01-24T18:15:00-06:00,33.5,NNE,NNE,1.9162,1.9162,385.0,11,4.18,2.49,2.590,5.00
2026-01-25,2026,1,25,25,287,1435.0,99.7,49.21,67.82,2026-01-25T07:55:00-06:00,31.46,2026-01-25T23:50:00-06:00,48.38,67.82,28.04,96.87,100.00,87.00,1013.17,1022.30,1007.70,6.30,36.69,0.00,64.20,2026-01-25T12:20:00-06:00,71.6,ENE,E,0.8280,0.8280,260.0,78,11.24,3.73,2.570,5.00
2026-01-26,2026,1,26,26,287,1435.0,99.7,31.77,42.44,2026-01-26T14:55:00-06:00,25.52,2026-01-26T06:05:00-06:00,23.31,27.68,20.96,72.16,89.00,46.00,1029.96,1035.20,1022.30,2.29,4.92,0.00,10.51,2026-01-26T15:25:00-06:00,299.5,WNW,WNW,0.0000,0.0000,0.0,0,,,2.560,5.00
2026-01-27,2026,1,27,27,287,1435.0,99.7,34.14,47.66,2026-01-27T15:05:00-06:00,21.38,2026-01-27T07:25:00-06:00,24.12,31.63,17.01,69.78,91.00,36.00,1032.67,1036.30,1029.10,1.34,4.47,0.00,9.84,2026-01-27T13:30:00-06:00,256.8,WSW,WSW,0.0000,0.0000,0.0,0,,,2.650,5.00
2026-01-28,2026,1,28,28,287,1435.0,99.7,40.46,55.40,2026-01-28T13:25:00-06:00,28.40,2026-01-28T05:15:00-06:00,31.57,37.72,26.55,73.77,96.00,38.00,1027.99,1031.50,1025.50,1.28,3.36,0.00,7.83,2026-01-28T14:35:00-06:00,19.6,NNE,WSW,0.0000,0.0000,0.0,0,,,2.650,5.00
2026-01-29,2026,1,29,29,287,1435.0,99.7,43.31,58.10,2026-01-29T15:10:00-06:00,29.48,2026-01-29T05:55:00-06:00,33.87,39.85,28.98,73.56,98.00,39.00,1022.19,1025.60,1019.00,1.56,4.03,0.00,13.65,2026-01-29T12:25:00-06:00,17.0,NNE,WSW,0.0000,0.0000,0.0,0,,,2.650,5.00
2026-01-30,2026,1,30,30,287,1435.0,99.7,47.75,64.58,2026-01-30T12:40:00-06:00,37.40,2026-01-30T03:55:00-06:00,40.01,52.12,25.63,76.55,99.00,54.00,1019.45,1023.50,1017.60,1.42,3.58,0.00,8.72,2026-01-30T23:30:00-06:00,337.2,NNW,WSW,0.0000,0.0000,0.0,0,,,2.650,5.00
2026-01-31,2026,1,31,31,263,1315.0,91.3,32.40,38.30,2026-01-31T13:50:00-06:00,24.98,2026-01-31T23:45:00-06:00,15.37,25.78,10.95,50.00,64.00,35.00,1027.99,1031.60,1022.70,2.48,4.70,0.00,12.97,2026-01-31T09:25:00-06:00,293.7,WNW,W,0.0000,0.0000,0.0,0,,,2.650,5.00
2026-02-01,2026,2,1,32,287,1435.0,99.7,33.03,46.94,2026-02-01T13:55:00-06:00,21.20,2026-02-01T07:00:00-06:00,20.04,29.95,12.11,60.43,84.00,34.00,1030.88,1034.00,1028.40,1.29,3.80,0.00,8.72,2026-02-01T14:55:00-06:00,267.8,W,WSW,0.0000,0.0000,0.0,0,,,2.650,5.00
2026-02-02,2026,2,2,33,287,1435.0,99.7,42.54,56.66,2026-02-02T15:20:00-06:00,28.40,2026-02-02T06:35:00-06:00,32.54,39.26,25.66,70.41,93.00,41.00,1028.02,1031.20,1025.70,1.42,3.80,0.00,21.03,2026-02-02T10:55:00-06:00,43.3,NE,NE,0.0000,0.0000,0.0,0,,,2.610,5.00
2026-02-03,2026,2,3,34,287,1435.0,99.7,54.19,66.92,2026-02-03T12:40:00-06:00,37.76,2026-02-03T06:45:00-06:00,47.60,55.05,36.46,79.78,97.00,58.00,1022.88,1025.70,1020.00,1.38,3.80,0.00,9.62,2026-02-03T08:55:00-06:00,246.4,WSW,WSW,0.0300,0.0300,40.0,0,,,2.650,5.00
2026-02-04,2026,2,4,35,287,1435.0,99.7,55.63,63.32,2026-02-04T13:30:00-06:00,41.90,2026-02-04T23:55:00-06:00,47.80,57.38,33.69,77.10,100.00,48.00,1021.33,1025.00,1019.30,1.53,3.13,0.00,8.50,2026-02-04T15:50:00-06:00,353.7,N,N,0.5985,0.5985,405.0,0,,,2.640,5.00
2026-02-05,2026,2,5,36,287,1435.0,99.7,43.57,56.30,2026-02-05T15:10:00-06:00,32.72,2026-02-05T06:55:00-06:00,31.46,35.40,26.54,64.20,89.00,41.00,1023.91,1027.30,1021.00,1.48,2.91,0.00,7.38,2026-02-05T12:30:00-06:00,333.6,NNW,WSW,0.0000,0.0000,0.0,0,,,2.650,5.00
2026-02-06,2026,2,6,37,287,1435.0,99.7,55.54,70.16,2026-02-06T15:25:00-06:00,37.58,2026-02-06T00:25:00-06:00,46.06,49.90,34.81,73.24,99.00,47.00,1018.23,1021.00,1015.30,1.36,3.36,0.00,7.83,2026-02-06T02:35:00-06:00,322.4,NW,NE,0.0000,0.0000,0.0,0,,,2.650,5.00
2026-02-07,2026,2,7,38,287,1435.0,99.7,54.78,70.52,2026-02-07T14:30:00-06:00,43.52,2026-02-07T23:55:00-06:00,42.72,50.39,38.92,66.89,93.00,32.00,1022.58,1025.50,1018.40,1.46,3.36,0.00,8.95,2026-02-07T09:00:00-06:00,6.3,N,NNE,0.0000,0.0000,0.0,0,,,2.650,5.00
2026-02-08,2026,2,8,39,286,1430.0,99.3,54.49,69.26,2026-02-08T14:15:00-06:00,37.76,2026-02-08T06:50:00-06:00,45.37,54.56,35.82,73.83,93.00,46.00,1024.08,1027.20,1022.20,1.21,2.68,0.00,7.83,2026-02-08T08:45:00-06:00,302.4,WNW,WSW,0.0000,0.0000,0.0,0,,,2.650,5.00
2026-02-09,2026,2,9,40,287,1435.0,99.7,60.97,71.96,2026-02-09T15:40:00-06:00,52.16,2026-02-09T02:55:00-06:00,57.39,62.27,51.23,88.67,98.00,69.00,1022.38,1025.40,1020.70,1.01,2.91,0.00,6.93,2026-02-09T14:00:00-06:00,16.3,NNE,NNE,0.0000,0.0000,0.0,0,,,2.650,5.00
2026-02-10,2026,2,10,41,287,1435.0,99.7,64.45,75.02,2026-02-10T15:15:00-06:00,55.94,2026-02-10T00:05:00-06:00,59.53,63.64,55.38,85.46,100.00,60.00,1021.17,1023.90,1019.20,1.13,3.58,0.00,9.84,2026-02-10T09:55:00-06:00,195.8,SSW,SSW,0.0000,0.0000,0.0,0,,,2.630,5.00
2026-02-11,2026,2,11,42,287,1435.0,99.7,67.79,78.80,2026-02-11T11:30:00-06:00,58.28,2026-02-11T07:10:00-06:00,63.05,67.86,58.00,85.89,100.00,64.00,1020.03,1022.50,1017.60,1.15,4.03,0.00,8.95,2026-02-11T06:55:00-06:00,262.3,W,NW,0.0000,0.0000,0.0,0,,,2.650,5.00
2026-02-12,2026,2,12,43,287,1435.0,99.7,63.59,70.70,2026-02-12T11:35:00-06:00,58.82,2026-02-12T21:45:00-06:00,61.32,63.33,58.54,92.61,100.00,76.00,1019.74,1022.10,1018.50,1.33,2.68,0.00,11.41,2026-02-12T22:05:00-06:00,317.2,NW,NW,0.0000,0.0000,0.0,0,,,2.650,5.00
2026-02-13,2026,2,13,44,287,1435.0,99.7,61.64,67.82,2026-02-13T16:10:00-06:00,58.82,2026-02-13T23:35:00-06:00,60.34,62.47,58.54,95.69,100.00,82.00,1019.56,1021.70,1018.20,1.04,2.01,0.00,8.50,2026-02-13T07:35:00-06:00,321.5,NW,NW,0.0000,0.0000,0.0,0,,,2.620,5.00
2026-02-14,2026,2,14,45,287,1435.0,99.7,65.08,71.96,2026-02-14T11:35:00-06:00,56.84,2026-02-14T05:45:00-06:00,61.84,67.12,56.56,90.11,100.00,66.00,1015.14,1019.30,1008.70,1.71,3.58,0.00,14.76,2026-02-14T23:55:00-06:00,32.2,NNE,NNW,0.0000,0.0000,0.0,1,2.49,2.49,2.600,5.00
2026-02-15,2026,2,15,46,287,1435.0,99.7,65.09,75.74,2026-02-15T14:10:00-06:00,58.82,2026-02-15T23:45:00-06:00,59.31,67.30,53.00,82.59,100.00,57.00,1009.77,1014.80,1004.90,2.03,6.49,0.00,16.33,2026-02-15T03:05:00-06:00,322.4,NW,N,0.8440,0.8440,125.0,416,11.64,4.35,2.640,5.00
2026-02-16,2026,2,16,47,287,1435.0,99.7,57.05,61.34,2026-02-16T15:35:00-06:00,53.78,2026-02-16T19:20:00-06:00,52.51,54.42,50.79,84.89,95.00,77.00,1018.15,1020.40,1014.70,1.26,2.46,0.00,5.82,2026-02-16T02:55:00-06:00,17.3,NNE,NNE,0.0000,0.0000,0.0,0,,,2.630,5.00
2026-02-17,2026,2,17,48,287,1435.0,99.7,63.04,71.24,2026-02-17T14:10:00-06:00,53.96,2026-02-17T04:15:00-06:00,58.51,62.48,52.16,85.73,96.00,69.00,1018.18,1020.90,1015.30,1.35,4.03,0.00,10.74,2026-02-17T11:35:00-06:00,66.2,ENE,NNE,0.0000,0.0000,0.0,0,,,2.620,5.00
2026-02-18,2026,2,18,49,287,1435.0,99.7,68.35,77.54,2026-02-18T15:10:00-06:00,60.08,2026-02-18T06:55:00-06:00,64.58,68.18,60.08,88.72,100.00,67.00,1012.37,1015.40,1009.50,1.72,6.04,0.00,12.97,2026-02-18T22:55:00-06:00,219.6,SW,SSW,0.0000,0.0000,0.0,0,,,2.640,5.00
2026-02-19,2026,2,19,50,287,1435.0,99.7,72.42,79.88,2026-02-19T12:30:00-06:00,67.28,2026-02-19T03:00:00-06:00,69.31,71.73,66.99,90.56,100.00,72.00,1008.51,1010.70,1006.20,2.43,6.04,0.00,11.63,2026-02-19T07:50:00-06:00,203.1,SSW,SSW,0.0000,0.0000,0.0,0,,,2.650,5.00
2026-02-20,2026,2,20,51,287,1435.0,99.7,74.22,82.94,2026-02-20T14:30:00-06:00,68.54,2026-02-20T06:00:00-06:00,70.32,71.71,68.25,88.58,100.00,67.00,1009.66,1011.90,1008.20,1.80,6.49,0.00,13.87,2026-02-20T00:30:00-06:00,212.1,SSW,SSW,0.0000,0.0000,0.0,0,,,2.650,5.00
2026-02-21,2026,2,21,52,287,1435.0,99.7,73.84,83.84,2026-02-21T13:50:00-06:00,59.90,2026-02-21T23:55:00-06:00,68.98,72.80,48.51,85.76,100.00,65.00,1013.58,1020.70,1010.70,1.48,3.80,0.00,10.96,2026-02-21T00:35:00-06:00,288.7,WNW,NW,0.0573,0.0573,40.0,138,16.53,1.86,2.650,5.00
2026-02-22,2026,2,22,53,287,1435.0,99.7,53.47,62.96,2026-02-22T15:45:00-06:00,45.14,2026-02-22T23:25:00-06:00,30.70,48.57,19.86,44.07,67.00,20.00,1026.69,1029.80,1020.90,2.00,4.03,0.00,11.86,2026-02-22T10:20:00-06:00,9.0,N,NNE,0.0000,0.0000,0.0,0,,,2.650,5.00
2026-02-23,2026,2,23,54,287,1435.0,99.7,47.29,60.26,2026-02-23T15:50:00-06:00,36.86,2026-02-23T06:05:00-06:00,24.40,27.73,21.57,42.64,66.00,25.00,1029.00,1031.60,1026.40,1.52,3.36,0.00,10.07,2026-02-23T10:45:00-06:00,321.9,NW,WSW,0.0000,0.0000,0.0,0,,,2.660,5.00
2026-02-24,2026,2,24,55,287,1435.0,99.7,47.20,59.36,2026-02-24T16:00:00-06:00,30.92,2026-02-24T06:25:00-06:00,33.11,50.04,23.53,59.75,86.00,33.00,1022.70,1027.40,1016.30,2.24,4.25,0.00,16.55,2026-02-24T13:10:00-06:00,64.0,ENE,W,0.0000,0.0000,0.0,0,,,2.620,5.00
2026-02-25,2026,2,25,56,287,1435.0,99.7,63.42,70.70,2026-02-25T12:05:00-06:00,54.32,2026-02-25T00:05:00-06:00,57.33,62.02,50.22,81.05,92.00,65.00,1012.92,1016.20,1010.00,1.71,3.58,0.00,9.62,2026-02-25T12:25:00-06:00,169.5,S,SSW,0.0000,0.0000,0.0,0,,,2.630,5.00
2026-02-26,2026,2,26,57,287,1435.0,99.7,67.51,71.78,2026-02-26T16:05:00-06:00,64.22,2026-02-26T00:05:00-06:00,63.78,65.67,61.85,88.05,99.00,77.00,1011.00,1012.80,1009.50,1.57,3.36,0.00,9.62,2026-02-26T13:45:00-06:00,201.5,SSW,SSW,0.0055,0.0055,15.0,0,,,2.640,5.00
2026-02-27,2026,2,27,58,287,1435.0,99.7,69.48,81.68,2026-02-27T16:00:00-06:00,60.98,2026-02-27T23:50:00-06:00,64.85,69.15,59.85,87.01,100.00,49.00,1013.02,1015.50,1011.20,1.09,2.46,0.00,8.28,2026-02-27T21:15:00-06:00,319.8,NW,NW,0.1403,0.1403,120.0,103,8.81,1.86,2.620,5.00
2026-02-28,2026,2,28,59,286,1430.0,99.3,63.74,76.82,2026-02-28T12:05:00-06:00,55.58,2026-02-28T23:55:00-06:00,58.73,64.52,54.46,85.38,100.00,52.00,1016.59,1018.70,1014.70,1.29,3.58,0.00,10.74,2026-02-28T04:40:00-06:00,307.4,NW,NW,0.0000,0.0000,0.0,0,,,2.650,5.00
2026-03-01,2026,3,1,60,287,1435.0,99.7,62.16,76.28,2026-03-01T11:05:00-06:00,51.44,2026-03-01T04:10:00-06:00,56.31,62.56,51.17,83.07,100.00,56.00,1019.92,1022.50,1017.80,1.48,3.80,0.00,10.96,2026-03-01T16:30:00-06:00,24.0,NNE,NNE,0.0000,0.0000,0.0,0,,,2.650,5.00
2026-03-02,2026,3,2,61,287,1435.0,99.7,63.66,77.18,2026-03-02T16:35:00-06:00,51.44,2026-03-02T03:35:00-06:00,58.76,64.13,50.89,85.67,100.00,60.00,1020.14,1022.30,1018.90,1.39,3.80,0.00,10.29,2026-03-02T11:55:00-06:00,41.4,NE,NNE,0.0000,0.0000,0.0,0,,,2.630,5.00
2026-03-03,2026,3,3,62,286,1430.0,99.3,71.31,80.60,2026-03-03T14:15:00-06:00,63.32,2026-03-03T02:40:00-06:00,67.09,69.32,62.63,87.54,100.00,67.00,1020.58,1022.50,1019.10,1.24,4.03,0.00,10.07,2026-03-03T10:10:00-06:00,186.1,S,S,0.0000,0.0000,0.0,0,,,2.650,5.00
2026-03-04,2026,3,4,63,287,1435.0,99.7,72.48,80.60,2026-03-04T12:00:00-06:00,67.82,2026-03-04T05:45:00-06:00,67.44,68.93,64.43,85.01,97.00,61.00,1020.61,1022.90,1018.90,1.05,3.80,0.00,10.07,2026-03-04T15:15:00-06:00,186.7,S,S,0.0000,0.0000,0.0,0,,,2.650,5.00
2026-03-05,2026,3,5,64,287,1435.0,99.7,73.15,81.14,2026-03-05T14:10:00-06:00,68.36,2026-03-05T05:35:00-06:00,68.68,70.80,67.23,86.62,99.00,66.00,1018.39,1020.20,1016.80,1.18,3.58,0.00,10.29,2026-03-05T12:35:00-06:00,195.8,SSW,S,0.0000,0.0000,0.0,4,3.57,3.11,2.620,5.00
2026-03-06,2026,3,6,65,287,1435.0,99.7,75.74,84.02,2026-03-06T12:45:00-06:00,71.42,2026-03-06T00:05:00-06:00,71.69,73.45,69.91,87.87,98.00,68.00,1018.07,1019.80,1016.60,1.37,4.25,0.00,10.07,2026-03-06T13:15:00-06:00,179.3,S,S,0.0047,0.0047,10.0,25,10.81,3.73,2.650,5.00
2026-03-07,2026,3,7,66,287,1435.0,99.7,74.95,81.32,2026-03-07T12:05:00-06:00,67.64,2026-03-07T23:55:00-06:00,72.18,74.77,66.46,91.28,97.00,77.00,1017.01,1019.40,1014.60,1.15,3.80,0.00,10.29,2026-03-07T10:10:00-06:00,190.7,S,SSW,0.1891,0.1891,90.0,1196,11.33,3.11,2.640,5.00
2026-03-08,2026,3,8,67,276,1380.0,100.0,68.88,77.18,2026-03-08T16:40:00-05:00,64.94,2026-03-08T05:55:00-05:00,66.82,69.31,64.65,93.65,100.00,72.00,1017.08,1018.90,1013.30,2.41,11.86,0.00,25.50,2026-03-08T03:35:00-05:00,167.0,SSE,E,2.9481,2.9481,510.0,635,8.91,2.49,2.620,5.00
2026-03-09,2026,3,9,68,287,1435.0,99.7,73.17,82.04,2026-03-09T14:25:00-05:00,64.58,2026-03-09T05:25:00-05:00,69.48,72.76,64.29,89.04,100.00,71.00,1017.95,1020.50,1016.30,1.47,3.80,0.00,10.07,2026-03-09T15:00:00-05:00,189.1,S,SSW,0.0000,0.0000,0.0,167,15.21,3.11,2.630,5.00
2026-03-10,2026,3,10,69,287,1435.0,99.7,75.76,82.58,2026-03-10T16:00:00-05:00,69.08,2026-03-10T06:05:00-05:00,71.76,73.58,68.97,88.30,100.00,68.00,1017.99,1020.40,1016.50,1.67,4.47,0.00,12.75,2026-03-10T23:00:00-05:00,169.2,S,S,0.0000,0.0000,0.0,0,,,2.650,5.00
2026-03-11,2026,3,11,70,287,1435.0,99.7,75.46,83.48,2026-03-11T13:45:00-05:00,62.78,2026-03-11T23:20:00-05:00,71.54,73.73,62.21,88.32,99.00,68.00,1014.62,1017.60,1012.00,1.89,4.92,0.00,11.63,2026-03-11T21:10:00-05:00,188.6,S,S,1.0405,1.0405,170.0,159,9.80,1.86,2.650,5.00
2026-03-12,2026,3,12,71,288,1440.0,100.0,58.28,65.30,2026-03-12T16:25:00-05:00,48.20,2026-03-12T23:45:00-05:00,49.26,62.67,39.55,74.99,100.00,40.00,1019.39,1022.80,1013.80,2.37,4.92,0.00,9.62,2026-03-12T07:20:00-05:00,352.3,N,N,0.2674,0.2674,155.0,4,4.97,4.97,2.640,5.00
2026-03-13,2026,3,13,72,286,1430.0,99.3,56.63,69.98,2026-03-13T15:50:00-05:00,43.34,2026-03-13T07:35:00-05:00,47.92,53.95,40.52,75.10,96.00,51.00,1018.71,1021.00,1016.50,1.19,3.36,0.00,8.95,2026-03-13T11:10:00-05:00,273.5,W,NE,0.0000,0.0000,0.0,0,,,2.650,5.00
2026-03-14,2026,3,14,73,287,1435.0,99.7,62.58,74.84,2026-03-14T17:10:00-05:00,49.46,2026-03-14T06:50:00-05:00,56.38,62.79,48.92,81.98,99.00,59.00,1016.19,1019.00,1014.30,1.23,3.13,0.00,7.61,2026-03-14T14:30:00-05:00,66.3,ENE,NE,0.0000,0.0000,0.0,0,,,2.650,5.00
2026-03-15,2026,3,15,74,287,1435.0,99.7,72.61,80.24,2026-03-15T15:30:00-05:00,64.58,2026-03-15T00:05:00-05:00,67.66,71.50,62.81,85.15,98.00,68.00,1009.60,1014.10,1005.70,2.64,11.63,0.00,18.79,2026-03-15T20:55:00-05:00,163.7,SSE,S,0.0000,0.0000,0.0,0,,,2.610,5.00
2026-03-16,2026,3,16,75,286,1430.0,99.3,53.25,73.22,2026-03-16T00:55:00-05:00,43.52,2026-03-16T23:50:00-05:00,37.56,71.70,22.81,58.48,96.00,30.00,1014.88,1022.40,1006.30,1.84,4.92,0.00,11.86,2026-03-16T17:00:00-05:00,6.1,N,NNE,0.1468,0.1468,80.0,2362,9.76,3.11,2.650,5.00
2026-03-17,2026,3,17,76,286,1430.0,99.3,45.70,58.28,2026-03-17T17:15:00-05:00,35.06,2026-03-17T07:10:00-05:00,26.41,35.77,18.40,49.54,78.00,26.00,1024.11,1027.50,1021.90,1.36,4.03,0.00,11.86,2026-03-17T12:20:00-05:00,309.3,NW,W,0.0000,0.0000,0.0,0,,,2.650,5.00
2026-03-18,2026,3,18,77,287,1435.0,99.7,50.11,61.16,2026-03-18T16:50:00-05:00,38.48,2026-03-18T06:05:00-05:00,36.51,43.49,30.50,63.01,90.00,34.00,1023.98,1026.30,1022.70,1.21,2.91,0.00,8.72,2026-03-18T12:15:00-05:00,293.0,WNW,WSW,0.0000,0.0000,0.0,0,,,2.650,5.00
2026-03-19,2026,3,19,78,286,1430.0,99.3,57.69,71.06,2026-03-19T16:55:00-05:00,42.26,2026-03-19T07:15:00-05:00,44.51,54.39,35.25,66.58,98.00,30.00,1022.64,1025.50,1020.50,0.86,2.46,0.00,7.83,2026-03-19T14:00:00-05:00,274.4,W,NE,0.0000,0.0000,0.0,0,,,2.650,5.00
2026-03-20,2026,3,20,79,287,1435.0,99.7,64.33,75.02,2026-03-20T15:45:00-05:00,51.80,2026-03-20T07:25:00-05:00,55.19,60.54,50.20,74.64,98.00,42.00,1020.85,1023.60,1018.70,1.26,2.46,0.00,7.83,2026-03-20T16:10:00-05:00,81.3,E,NE,0.0000,0.0000,0.0,0,,,2.650,5.00
2026-03-21,2026,3,21,80,287,1435.0,99.7,67.11,78.26,2026-03-21T17:00:00-05:00,53.78,2026-03-21T07:20:00-05:00,59.48,65.10,52.67,78.02,99.00,54.00,1017.71,1020.40,1015.10,1.22,3.13,0.00,10.74,2026-03-21T23:40:00-05:00,142.5,SE,NE,0.0000,0.0000,0.0,0,,,2.650,5.00
2026-03-22,2026,3,22,81,287,1435.0,99.7,70.67,80.24,2026-03-22T15:45:00-05:00,64.58,2026-03-22T02:35:00-05:00,65.21,67.29,63.89,84.05,99.00,62.00,1016.20,1018.90,1014.60,1.11,3.36,0.00,8.28,2026-03-22T00:40:00-05:00,204.6,SSW,NW,0.0000,0.0000,0.0,0,,,2.650,5.00
2026-03-23,2026,3,23,82,287,1435.0,99.7,71.86,82.58,2026-03-23T15:30:00-05:00,61.16,2026-03-23T07:30:00-05:00,64.75,67.43,60.30,79.86,99.00,56.00,1017.72,1020.50,1016.30,0.84,2.01,0.00,8.50,2026-03-23T03:50:00-05:00,335.4,NNW,NW,0.0000,0.0000,0.0,0,,,2.620,5.00
2026-03-24,2026,3,24,83,287,1435.0,99.7,68.28,78.62,2026-03-24T11:50:00-05:00,60.08,2026-03-24T07:20:00-05:00,58.81,64.96,51.60,72.94,93.00,46.00,1018.72,1021.20,1017.40,1.09,2.46,0.00,6.93,2026-03-24T14:45:00-05:00,19.5,NNE,NNE,0.0000,0.0000,0.0,0,,,2.620,5.00
2026-03-25,2026,3,25,84,287,1435.0,99.7,68.39,78.62,2026-03-25T15:45:00-05:00,57.74,2026-03-25T06:20:00-05:00,62.68,67.89,57.46,83.97,100.00,51.00,1019.49,1021.90,1017.90,1.41,3.36,0.00,12.53,2026-03-25T22:50:00-05:00,134.9,SE,SE,0.0000,0.0000,0.0,0,,,2.620,5.00
2026-03-26,2026,3,26,85,286,1430.0,99.3,72.42,79.52,2026-03-26T13:25:00-05:00,64.76,2026-03-26T07:20:00-05:00,68.26,70.54,64.18,87.49,99.00,69.00,1018.98,1021.40,1017.40,1.22,3.13,0.00,10.29,2026-03-26T20:15:00-05:00,158.7,SSE,SE,0.0000,0.0000,0.0,0,,,2.650,5.00
2026-03-27,2026,3,27,86,287,1435.0,99.7,72.77,81.50,2026-03-27T16:10:00-05:00,62.78,2026-03-27T07:10:00-05:00,66.88,70.04,62.67,83.33,100.00,59.00,1019.13,1022.20,1016.80,0.93,2.46,0.00,7.38,2026-03-27T23:00:00-05:00,273.7,W,NW,0.0000,0.0000,0.0,0,,,2.650,5.00
2026-03-28,2026,3,28,87,287,1435.0,99.7,67.37,76.64,2026-03-28T16:20:00-05:00,60.08,2026-03-28T07:50:00-05:00,48.40,65.54,40.87,53.73,93.00,30.00,1024.40,1027.80,1021.50,1.67,3.13,0.00,8.05,2026-03-28T05:55:00-05:00,5.4,N,N,0.0000,0.0000,0.0,0,,,2.650,5.00
2026-03-29,2026,3,29,88,287,1435.0,99.7,63.40,72.68,2026-03-29T15:50:00-05:00,54.14,2026-03-29T06:55:00-05:00,56.31,67.51,41.65,78.69,97.00,52.00,1024.23,1026.70,1023.10,1.01,1.79,0.00,5.59,2026-03-29T14:40:00-05:00,22.2,NNE,NNE,0.0000,0.0000,0.0,0,,,2.620,5.00
2026-03-30,2026,3,30,89,287,1435.0,99.7,69.36,75.92,2026-03-30T13:00:00-05:00,64.94,2026-03-30T07:55:00-05:00,67.49,72.32,62.25,93.93,100.00,82.00,1022.35,1024.20,1020.50,0.86,3.58,0.00,6.71,2026-03-30T13:20:00-05:00,36.7,NE,N,0.6488,0.6488,140.0,542,11.90,0.62,2.600,5.00
2026-03-31,2026,3,31,90,286,1430.0,99.3,73.49,80.60,2026-03-31T14:55:00-05:00,69.62,2026-03-31T23:50:00-05:00,70.72,72.66,68.73,91.53,100.00,72.00,1019.97,1022.40,1017.70,1.68,7.38,0.00,14.54,2026-03-31T12:15:00-05:00,171.0,S,SE,0.1532,0.1532,70.0,10,8.45,4.35,2.590,5.00
2026-04-01,2026,4,1,91,287,1435.0,99.7,74.56,82.58,2026-04-01T13:45:00-05:00,68.90,2026-04-01T00:30:00-05:00,70.97,72.99,68.31,89.27,100.00,69.00,1018.02,1020.80,1015.90,1.44,5.14,0.00,14.99,2026-04-01T19:15:00-05:00,174.5,S,SE,0.0456,0.0456,5.0,216,12.95,1.24,2.620,5.00
2026-04-02,2026,4,2,92,287,1435.0,99.7,75.10,81.68,2026-04-02T15:20:00-05:00,70.16,2026-04-02T06:55:00-05:00,71.16,72.78,69.27,88.02,98.00,72.00,1016.92,1018.80,1015.20,1.80,7.16,0.00,15.66,2026-04-02T21:25:00-05:00,152.1,SSE,SE,0.0000,0.0000,0.0,267,18.66,4.97,2.640,5.00
2026-04-03,2026,4,3,93,287,1435.0,99.7,75.14,82.94,2026-04-03T14:30:00-05:00,70.88,2026-04-03T07:15:00-05:00,70.42,72.00,68.72,86.07,97.00,65.00,1018.80,1021.30,1017.10,1.17,2.91,0.00,8.72,2026-04-03T09:45:00-05:00,169.2,S,SE,0.0000,0.0000,0.0,0,,,2.640,5.00
2026-04-04,2026,4,4,94,287,1435.0,99.7,75.68,82.58,2026-04-04T13:05:00-05:00,71.24,2026-04-04T00:05:00-05:00,72.45,74.07,70.04,90.22,97.00,71.00,1018.01,1019.80,1016.30,1.39,6.26,0.00,10.74,2026-04-04T13:30:00-05:00,194.6,SSW,SW,0.1272,0.1272,40.0,750,15.27,2.49,2.640,5.00
2026-04-05,2026,4,5,95,287,1435.0,99.7,67.52,74.12,2026-04-05T01:00:00-05:00,60.80,2026-04-05T23:50:00-05:00,64.48,73.03,52.46,90.33,100.00,74.00,1018.76,1020.40,1016.80,1.29,2.46,0.00,4.70,2026-04-05T08:20:00-05:00,349.2,N,N,0.3815,0.3815,195.0,111,7.42,1.86,2.610,5.00
2026-04-06,2026,4,6,96,287,1435.0,99.7,59.58,68.36,2026-04-06T16:10:00-05:00,50.90,2026-04-06T23:50:00-05:00,47.82,53.01,43.73,66.27,87.00,42.00,1020.04,1021.70,1018.40,1.57,2.91,0.00,7.61,2026-04-06T16:15:00-05:00,12.6,NNE,N,0.0000,0.0000,0.0,0,,,2.610,5.00
2026-04-07,2026,4,7,97,286,1430.0,99.3,61.11,78.44,2026-04-07T13:50:00-05:00,47.84,2026-04-07T03:55:00-05:00,48.14,54.58,43.74,66.58,91.00,31.00,1018.43,1020.60,1016.60,1.52,3.36,0.00,8.05,2026-04-07T14:55:00-05:00,27.4,NNE,NE,0.0000,0.0000,0.0,0,,,2.620,5.00
2026-04-08,2026,4,8,98,287,1435.0,99.7,65.69,78.80,2026-04-08T12:30:00-05:00,52.34,2026-04-08T02:55:00-05:00,54.89,59.97,47.79,70.68,95.00,44.00,1019.54,1022.00,1017.40,1.49,3.13,0.00,10.07,2026-04-08T11:00:00-05:00,26.8,NNE,NE,0.0000,0.0000,0.0,0,,,2.650,5.00
2026-04-09,2026,4,9,99,287,1435.0,99.7,67.26,74.66,2026-04-09T17:20:00-05:00,60.08,2026-04-09T07:00:00-05:00,60.51,63.48,58.20,79.94,96.00,64.00,1022.17,1024.00,1020.80,1.13,2.68,0.00,8.95,2026-04-09T13:20:00-05:00,25.3,NNE,NNE,0.0000,0.0000,0.0,0,,,2.620,5.00
2026-04-10,2026,4,10,100,287,1435.0,99.7,67.75,78.80,2026-04-10T12:55:00-05:00,58.46,2026-04-10T06:15:00-05:00,63.13,67.80,57.90,86.11,99.00,66.00,1022.89,1025.10,1021.20,1.32,3.58,0.00,11.41,2026-04-10T14:50:00-05:00,59.8,ENE,NNW,0.0000,0.0000,0.0,0,,,2.620,5.00
2026-04-11,2026,4,11,101,287,1435.0,99.7,69.46,81.32,2026-04-11T11:40:00-05:00,60.44,2026-04-11T06:35:00-05:00,61.72,65.62,59.42,78.95,100.00,50.00,1023.22,1025.70,1022.00,1.20,3.58,0.00,9.84,2026-04-11T13:45:00-05:00,81.2,E,N,0.0000,0.0000,0.0,0,,,2.650,5.00
2026-04-12,2026,4,12,102,287,1435.0,99.7,69.85,80.06,2026-04-12T15:20:00-05:00,58.64,2026-04-12T07:00:00-05:00,63.82,68.58,58.15,82.70,100.00,60.00,1022.30,1024.60,1021.10,1.39,4.03,0.00,14.09,2026-04-12T20:20:00-05:00,143.1,SE,NW,0.0000,0.0000,0.0,0,,,2.630,5.00
2026-04-13,2026,4,13,103,287,1435.0,99.7,73.88,80.96,2026-04-13T12:35:00-05:00,66.56,2026-04-13T06:05:00-05:00,66.76,68.15,64.56,79.54,97.00,60.00,1022.03,1024.80,1020.20,1.53,3.80,0.00,10.51,2026-04-13T00:20:00-05:00,137.7,SE,SE,0.0000,0.0000,0.0,0,,,2.650,5.00
2026-04-14,2026,4,14,104,287,1435.0,99.7,73.60,80.24,2026-04-14T15:10:00-05:00,67.64,2026-04-14T06:45:00-05:00,64.67,67.94,59.98,75.20,92.00,51.00,1019.89,1022.10,1018.20,1.51,4.03,0.00,11.41,2026-04-14T02:05:00-05:00,135.7,SE,SE,0.0000,0.0000,0.0,0,,,2.650,5.00
2026-04-15,2026,4,15,105,287,1435.0,99.7,73.70,81.14,2026-04-15T16:20:00-05:00,64.58,2026-04-15T06:35:00-05:00,67.20,70.29,63.13,81.31,97.00,56.00,1018.05,1019.80,1016.80,1.44,3.58,0.00,13.20,2026-04-15T22:05:00-05:00,140.7,SE,NW,0.0000,0.0000,0.0,0,,,2.650,5.00
2026-04-16,2026,4,16,106,287,1435.0,99.7,75.10,82.04,2026-04-16T13:10:00-05:00,66.02,2026-04-16T06:50:00-05:00,68.32,72.12,65.62,80.76,100.00,62.00,1017.65,1020.20,1016.00,1.19,3.13,0.00,7.61,2026-04-16T14:45:00-05:00,168.1,SSE,NW,0.0000,0.0000,0.0,0,,,2.650,5.00
2026-04-17,2026,4,17,107,287,1435.0,99.7,74.85,83.12,2026-04-17T15:05:00-05:00,64.76,2026-04-17T06:40:00-05:00,66.95,69.98,63.89,77.79,99.00,56.00,1016.02,1018.80,1013.80,1.22,3.58,0.00,10.51,2026-04-17T22:05:00-05:00,153.9,SSE,S,0.0000,0.0000,0.0,0,,,2.630,5.00
2026-04-18,2026,4,18,108,287,1435.0,99.7,76.70,83.48,2026-04-18T16:35:00-05:00,71.60,2026-04-18T04:45:00-05:00,69.54,72.67,66.85,79.05,89.00,63.00,1014.43,1017.30,1011.90,1.42,2.91,0.00,8.72,2026-04-18T11:40:00-05:00,127.3,SE,ESE,0.0000,0.0000,0.0,0,,,2.650,5.00
2026-04-19,2026,4,19,109,287,1435.0,99.7,61.55,75.20,2026-04-19T00:05:00-05:00,51.80,2026-04-19T09:00:00-05:00,51.57,68.06,41.33,72.57,98.00,40.00,1021.60,1024.50,1016.90,1.81,3.80,0.00,10.29,2026-04-19T13:10:00-05:00,15.2,NNE,N,0.1607,0.1607,185.0,0,,,2.640,5.00
2026-04-20,2026,4,20,110,287,1435.0,99.7,61.29,75.74,2026-04-20T14:40:00-05:00,48.02,2026-04-20T06:35:00-05:00,49.05,54.81,42.28,67.70,92.00,33.00,1023.85,1026.50,1022.30,1.46,2.91,0.00,9.17,2026-04-20T16:15:00-05:00,39.8,NE,NE,0.0000,0.0000,0.0,0,,,2.650,5.00
2026-04-21,2026,4,21,111,287,1435.0,99.7,64.65,77.54,2026-04-21T14:10:00-05:00,50.18,2026-04-21T06:25:00-05:00,55.85,61.18,49.26,75.54,99.00,46.00,1022.86,1024.90,1020.90,1.15,2.91,0.00,8.28,2026-04-21T12:15:00-05:00,49.8,NE,NE,0.0033,0.0033,5.0,0,,,2.650,5.00
2026-04-22,2026,4,22,112,287,1435.0,99.7,71.64,80.96,2026-04-22T15:40:00-05:00,63.14,2026-04-22T06:10:00-05:00,63.35,67.73,60.02,76.43,90.00,54.00,1019.13,1021.90,1016.50,1.31,3.13,0.00,10.07,2026-04-22T12:15:00-05:00,116.8,ESE,NNE,0.0000,0.0000,0.0,20,3.20,2.49,2.640,5.00
2026-04-23,2026,4,23,113,280,1400.0,97.2,70.98,79.70,2026-04-23T15:40:00-05:00,61.16,2026-04-23T06:35:00-05:00,64.64,67.21,60.77,82.00,100.00,55.00,1014.85,1017.00,1012.20,1.23,4.25,0.00,10.51,2026-04-23T11:45:00-05:00,112.1,ESE,SSE,0.0000,0.0000,0.0,0,,,2.650,5.00
2026-04-24,2026,4,24,114,287,1435.0,99.7,74.78,83.12,2026-04-24T14:30:00-05:00,67.28,2026-04-24T06:15:00-05:00,69.85,72.63,66.33,85.54,100.00,67.00,1010.37,1012.80,1007.70,1.39,3.13,0.00,10.07,2026-04-24T10:05:00-05:00,148.0,SSE,NW,0.0000,0.0000,0.0,187,16.39,3.73,2.650,5.00
2026-04-25,2026,4,25,115,287,1435.0,99.7,74.23,82.76,2026-04-25T17:00:00-05:00,64.22,2026-04-25T07:30:00-05:00,70.56,74.67,63.93,88.90,100.00,72.00,1009.30,1011.70,1007.90,2.17,8.05,0.00,16.11,2026-04-25T02:35:00-05:00,94.6,E,SE,1.5601,1.5601,215.0,5388,6.67,0.62,2.640,5.00
2026-04-26,2026,4,26,116,287,1435.0,99.7,75.17,82.40,2026-04-26T16:50:00-05:00,65.12,2026-04-26T09:45:00-05:00,71.39,74.20,64.83,88.87,100.00,62.00,1011.11,1013.70,1008.60,1.68,7.16,0.00,24.38,2026-04-26T09:20:00-05:00,177.0,S,SSE,0.9789,0.9789,95.0,4774,9.11,2.49,2.640,5.00
2026-04-27,2026,4,27,117,287,1435.0,99.7,78.04,85.46,2026-04-27T14:15:00-05:00,72.68,2026-04-27T02:15:00-05:00,72.33,74.67,69.41,83.66,100.00,63.00,1013.87,1016.10,1011.40,1.55,3.80,0.00,11.63,2026-04-27T15:35:00-05:00,159.4,SSE,SSE,0.0000,0.0000,0.0,0,,,2.650,5.00
2026-04-28,2026,4,28,118,287,1435.0,99.7,78.29,84.20,2026-04-28T14:45:00-05:00,73.58,2026-04-28T06:45:00-05:00,73.22,74.81,71.73,84.98,98.00,70.00,1015.66,1018.50,1013.70,1.53,4.47,0.00,10.07,2026-04-28T23:15:00-05:00,173.3,S,NW,0.0000,0.0000,0.0,0,,,2.650,5.00
2026-04-29,2026,4,29,119,287,1435.0,99.7,77.38,84.74,2026-04-29T14:00:00-05:00,67.46,2026-04-29T23:55:00-05:00,71.90,74.46,66.59,83.86,100.00,67.00,1012.99,1015.20,1009.20,1.28,3.80,0.00,10.51,2026-04-29T00:30:00-05:00,300.9,WNW,NW,0.2571,0.2571,145.0,254,17.70,1.86,2.650,5.00
2026-04-30,2026,4,30,120,288,1440.0,100.0,70.74,75.56,2026-04-30T15:20:00-05:00,67.28,2026-04-30T00:55:00-05:00,70.07,72.59,67.17,97.80,100.00,89.00,1010.94,1013.30,1008.30,0.67,2.68,0.00,7.61,2026-04-30T00:15:00-05:00,315.0,NW,NW,0.6943,0.6943,475.0,193,12.39,1.24,2.620,5.00
2026-05-01,2026,5,1,121,287,1435.0,99.7,61.50,68.54,2026-05-01T00:05:00-05:00,54.86,2026-05-01T23:40:00-05:00,61.17,68.25,54.58,98.86,100.00,96.00,1011.22,1013.40,1008.90,1.65,3.58,0.00,7.38,2026-05-01T07:20:00-05:00,333.1,NNW,NW,2.3887,2.3887,635.0,149,11.35,3.11,2.590,5.00
2026-05-02,2026,5,2,122,288,1440.0,100.0,61.83,73.76,2026-05-02T15:30:00-05:00,52.52,2026-05-02T06:05:00-05:00,52.31,57.92,46.95,74.73,100.00,40.00,1014.73,1018.20,1011.30,1.86,3.58,0.00,8.72,2026-05-02T17:25:00-05:00,345.9,NNW,N,0.3799,0.3799,355.0,165,11.96,4.35,2.580,5.00
2026-05-03,2026,5,3,123,287,1435.0,99.7,63.75,76.46,2026-05-03T12:25:00-05:00,49.28,2026-05-03T06:20:00-05:00,50.97,56.35,45.52,67.33,98.00,35.00,1019.15,1022.20,1016.80,1.25,2.68,0.00,6.93,2026-05-03T04:40:00-05:00,37.5,NE,NE,0.0000,0.0000,0.0,0,,,2.650,5.00
2026-05-04,2026,5,4,124,287,1435.0,99.7,67.61,77.72,2026-05-04T14:40:00-05:00,54.32,2026-05-04T06:30:00-05:00,54.52,58.46,49.41,66.08,97.00,41.00,1015.67,1018.00,1012.50,1.12,2.68,0.00,7.83,2026-05-04T11:55:00-05:00,58.4,ENE,NE,0.0000,0.0000,0.0,0,,,2.650,5.00
2026-05-05,2026,5,5,125,287,1435.0,99.7,73.27,81.14,2026-05-05T15:40:00-05:00,61.16,2026-05-05T05:05:00-05:00,66.04,71.89,56.99,78.65,94.00,63.00,1012.04,1013.50,1010.80,1.33,5.59,0.00,13.65,2026-05-05T23:20:00-05:00,129.9,SE,SE,0.0000,0.0000,0.0,0,,,2.610,5.00
2026-05-06,2026,5,6,126,287,1435.0,99.7,77.61,83.30,2026-05-06T14:25:00-05:00,73.40,2026-05-06T00:05:00-05:00,74.58,77.05,71.25,90.59,97.00,78.00,1011.60,1013.70,1009.80,2.31,5.37,0.00,11.86,2026-05-06T03:35:00-05:00,164.7,SSE,SE,0.0006,0.0006,15.0,6,6.01,3.11,2.630,5.00
2026-05-07,2026,5,7,127,286,1430.0,99.3,74.43,80.78,2026-05-07T14:30:00-05:00,68.00,2026-05-07T10:50:00-05:00,71.14,76.13,64.49,89.79,98.00,74.00,1012.73,1014.70,1010.50,1.30,6.93,0.00,13.87,2026-05-07T03:50:00-05:00,323.3,NW,N,0.0000,0.0000,0.0,35,10.85,3.11,2.610,5.00
2026-05-08,2026,5,8,128,262,1310.0,91.0,67.69,70.88,2026-05-08T10:15:00-05:00,65.66,2026-05-08T06:55:00-05:00,65.74,69.44,63.25,93.61,100.00,84.00,1012.86,1014.60,1010.00,1.06,2.46,0.00,4.70,2026-05-08T15:30:00-05:00,344.7,NNW,N,0.3949,0.3949,255.0,1091,17.44,1.86,2.600,5.00
2026-05-09,2026,5,9,129,287,1435.0,99.7,68.39,72.86,2026-05-09T07:00:00-05:00,65.12,2026-05-09T11:00:00-05:00,67.99,71.65,64.83,98.63,100.00,95.00,1011.45,1013.40,1008.50,2.26,8.50,0.00,52.34,2026-05-09T11:50:00-05:00,216.0,SW,SW,3.5649,3.5649,960.0,1939,11.18,0.62,2.570,5.00
2026-05-10,2026,5,10,130,286,1430.0,99.3,72.60,80.78,2026-05-10T12:05:00-05:00,65.84,2026-05-10T06:05:00-05:00,69.18,73.54,65.55,89.80,100.00,68.00,1014.71,1017.10,1012.00,1.76,17.67,0.00,27.07,2026-05-10T11:00:00-05:00,195.7,SSW,S,0.0000,0.0000,0.0,0,,,2.560,5.00
2026-05-11,2026,5,11,131,287,1435.0,99.7,73.14,79.34,2026-05-11T12:35:00-05:00,68.18,2026-05-11T05:30:00-05:00,70.36,73.72,67.83,91.50,100.00,75.00,1015.97,1017.40,1014.10,0.81,2.24,0.00,6.49,2026-05-11T19:55:00-05:00,334.6,NNW,NW,0.5825,0.5825,190.0,1,4.97,4.97,2.620,5.00
2026-05-12,2026,5,12,132,288,1440.0,100.0,73.91,84.38,2026-05-12T16:10:00-05:00,67.28,2026-05-12T05:50:00-05:00,69.16,72.14,66.99,86.51,100.00,59.00,1015.70,1017.60,1014.10,0.99,2.91,0.00,5.82,2026-05-12T10:05:00-05:00,356.8,N,N,0.2816,0.2816,215.0,0,,,2.600,5.00
2026-05-13,2026,5,13,133,287,1435.0,99.7,74.46,83.66,2026-05-13T14:45:00-05:00,66.74,2026-05-13T06:35:00-05:00,69.15,71.61,66.12,84.67,98.00,59.00,1015.17,1017.60,1012.90,0.95,2.46,0.00,6.26,2026-05-13T06:35:00-05:00,331.3,NNW,N,0.0000,0.0000,0.0,0,,,2.650,5.00
2026-05-14,2026,5,14,134,287,1435.0,99.7,75.35,89.06,2026-05-14T15:55:00-05:00,62.78,2026-05-14T06:30:00-05:00,64.36,67.93,61.62,71.83,96.00,44.00,1014.39,1016.20,1013.40,1.34,4.03,0.00,8.95,2026-05-14T14:05:00-05:00,253.5,WSW,NNE,0.0000,0.0000,0.0,0,,,2.650,5.00
2026-05-15,2026,5,15,135,287,1435.0,99.7,75.73,85.10,2026-05-15T15:35:00-05:00,64.40,2026-05-15T06:10:00-05:00,66.80,72.49,58.60,74.59,89.00,50.00,1015.71,1017.20,1014.20,1.10,2.46,0.00,6.93,2026-05-15T10:35:00-05:00,147.9,SSE,NE,0.0000,0.0000,0.0,0,,,2.650,5.00
2026-05-16,2026,5,16,136,287,1435.0,99.7,75.89,83.30,2026-05-16T15:25:00-05:00,68.72,2026-05-16T06:40:00-05:00,67.50,70.29,64.17,76.77,95.00,58.00,1016.20,1018.30,1014.50,1.03,2.91,0.00,9.62,2026-05-16T14:00:00-05:00,156.2,SSE,NNE,0.0000,0.0000,0.0,0,,,2.650,5.00
2026-05-17,2026,5,17,137,287,1435.0,99.7,76.76,84.38,2026-05-17T15:10:00-05:00,68.36,2026-05-17T05:05:00-05:00,72.09,76.37,66.30,85.87,95.00,75.00,1015.75,1017.40,1014.00,1.45,3.13,0.00,11.63,2026-05-17T15:50:00-05:00,211.4,SSW,SW,0.0072,0.0072,15.0,0,,,2.650,5.00
2026-05-18,2026,5,18,138,287,1435.0,99.7,79.59,87.44,2026-05-18T13:15:00-05:00,72.32,2026-05-18T06:50:00-05:00,74.66,77.32,70.36,85.29,95.00,70.00,1017.33,1018.80,1016.20,1.85,4.92,0.00,10.74,2026-05-18T16:50:00-05:00,215.1,SW,WSW,0.0000,0.0000,0.0,0,,,2.650,5.00
2026-05-19,2026,5,19,139,287,1435.0,99.7,80.93,86.72,2026-05-19T14:00:00-05:00,76.28,2026-05-19T06:40:00-05:00,75.63,76.57,74.60,84.41,96.00,70.00,1017.93,1020.10,1016.40,1.79,4.03,0.00,8.95,2026-05-19T14:10:00-05:00,222.6,SW,WSW,0.0000,0.0000,0.0,16,8.62,2.49,2.640,5.00
2026-05-20,2026,5,20,140,287,1435.0,99.7,78.00,85.64,2026-05-20T12:55:00-05:00,73.22,2026-05-20T22:55:00-05:00,74.19,75.95,72.01,88.74,99.00,64.00,1015.95,1017.50,1014.10,1.07,4.03,0.00,8.28,2026-05-20T10:10:00-05:00,272.6,W,N,0.4895,0.4895,190.0,504,13.00,2.49,2.630,5.00
2026-05-21,2026,5,21,141,287,1435.0,99.7,74.40,79.88,2026-05-21T10:05:00-05:00,71.24,2026-05-21T04:10:00-05:00,73.55,77.46,70.94,97.26,100.00,90.00,1013.57,1015.40,1011.40,2.35,11.18,0.00,16.33,2026-05-21T18:20:00-05:00,313.0,NW,NW,1.5417,1.5417,205.0,2067,15.14,0.00,2.610,5.00
2026-05-22,2026,5,22,142,287,1435.0,99.7,77.56,87.98,2026-05-22T14:35:00-05:00,70.52,2026-05-22T21:00:00-05:00,74.38,77.88,69.24,90.56,100.00,67.00,1012.24,1014.30,1010.60,2.30,10.07,0.00,20.13,2026-05-22T05:20:00-05:00,277.8,W,WNW,0.4005,0.4005,190.0,5960,10.09,2.49,2.600,5.00
2026-05-23,2026,5,23,143,287,1435.0,99.7,73.63,78.80,2026-05-23T10:25:00-05:00,70.52,2026-05-23T06:00:00-05:00,72.64,76.93,70.52,96.80,100.00,88.00,1014.86,1017.00,1013.60,1.81,5.59,0.00,12.30,2026-05-23T15:25:00-05:00,299.5,WNW,N,0.2939,0.2939,270.0,0,,,2.590,5.00
2026-05-24,2026,5,24,144,287,1435.0,99.7,74.51,80.78,2026-05-24T13:45:00-05:00,70.34,2026-05-24T06:05:00-05:00,73.05,75.18,70.34,95.39,100.00,81.00,1014.83,1017.20,1011.10,1.71,7.16,0.00,11.63,2026-05-24T19:05:00-05:00,266.0,W,WSW,0.4014,0.4014,350.0,131,13.18,4.35,2.580,5.00
2026-05-25,2026,5,25,145,287,1435.0,99.7,72.08,73.76,2026-05-25T17:20:00-05:00,70.52,2026-05-25T12:55:00-05:00,71.87,73.76,70.22,99.30,100.00,99.00,1012.91,1014.40,1011.20,2.06,4.70,0.00,6.26,2026-05-25T07:45:00-05:00,292.1,WNW,N,1.8530,1.8530,765.0,115,7.68,1.86,2.560,5.00
2026-05-26,2026,5,26,146,287,1435.0,99.7,76.66,86.18,2026-05-26T13:55:00-05:00,68.36,2026-05-26T06:25:00-05:00,73.21,77.60,68.07,89.78,100.00,73.00,1012.88,1015.00,1011.40,1.88,8.72,0.00,14.54,2026-05-26T22:55:00-05:00,234.4,SW,N,0.0000,0.0000,0.0,887,15.61,2.49,2.550,5.00
2026-05-27,2026,5,27,147,287,1435.0,99.7,80.72,87.44,2026-05-27T15:15:00-05:00,75.74,2026-05-27T00:05:00-05:00,75.35,76.75,73.69,84.54,98.00,66.00,1012.97,1015.20,1011.10,2.23,5.82,0.00,13.65,2026-05-27T14:25:00-05:00,265.6,W,NW,0.0000,0.0000,0.0,1,4.97,4.97,2.580,5.00
2026-05-28,2026,5,28,148,287,1435.0,99.7,78.85,84.92,2026-05-28T15:40:00-05:00,75.56,2026-05-28T13:00:00-05:00,75.74,78.85,73.95,90.50,98.00,71.00,1012.00,1013.50,1010.80,2.58,7.16,0.00,12.97,2026-05-28T03:20:00-05:00,312.3,NW,SSW,0.2584,0.2584,190.0,1169,9.29,1.86,2.620,5.00
2026-05-29,2026,5,29,149,287,1435.0,99.7,79.98,87.26,2026-05-29T13:55:00-05:00,74.48,2026-05-29T03:45:00-05:00,73.76,76.88,66.36,82.42,98.00,50.00,1012.33,1014.10,1010.60,1.91,5.37,0.00,11.63,2026-05-29T00:05:00-05:00,292.2,WNW,NW,0.5157,0.5157,45.0,4,4.97,4.97,2.640,5.00
2026-05-30,2026,5,30,150,288,1440.0,100.0,81.78,90.68,2026-05-30T16:35:00-05:00,74.84,2026-05-30T02:50:00-05:00,75.33,77.93,72.65,82.06,98.00,59.00,1012.12,1013.70,1010.90,1.76,5.14,0.00,11.86,2026-05-30T02:00:00-05:00,284.9,WNW,NW,0.0000,0.0000,0.0,0,,,2.640,5.00
2026-05-31,2026,5,31,151,286,1430.0,99.3,84.02,92.48,2026-05-31T15:30:00-05:00,77.00,2026-05-31T06:25:00-05:00,76.50,79.12,73.98,78.99,95.00,59.00,1013.18,1014.90,1011.60,2.16,6.71,0.00,12.97,2026-05-31T20:05:00-05:00,234.3,SW,SW,0.0000,0.0000,0.0,4,6.06,4.97,2.640,5.00
2026-06-01,2026,6,1,152,287,1435.0,99.7,83.33,88.88,2026-06-01T12:20:00-05:00,78.98,2026-06-01T06:40:00-05:00,77.39,79.46,75.07,82.78,95.00,67.00,1014.30,1015.80,1012.70,2.07,5.59,0.00,12.97,2026-06-01T00:45:00-05:00,268.2,W,NW,0.0000,0.0000,0.0,1487,12.21,3.73,2.630,5.00
2026-06-02,2026,6,2,153,287,1435.0,99.7,78.34,89.24,2026-06-02T13:40:00-05:00,72.68,2026-06-02T23:55:00-05:00,75.60,80.10,71.68,91.99,100.00,67.00,1015.06,1017.20,1013.20,1.62,4.25,0.00,9.62,2026-06-02T15:45:00-05:00,341.7,NNW,N,1.2562,1.2562,240.0,612,11.83,1.24,2.620,5.00
2026-06-03,2026,6,3,154,287,1435.0,99.7,76.13,83.30,2026-06-03T12:10:00-05:00,70.52,2026-06-03T04:15:00-05:00,73.16,77.08,70.22,90.87,100.00,78.00,1016.71,1018.00,1015.10,1.44,3.58,0.00,7.83,2026-06-03T03:00:00-05:00,347.5,NNW,N,0.0021,0.0021,5.0,1000,16.60,3.11,2.610,5.00
2026-06-04,2026,6,4,155,287,1435.0,99.7,77.34,85.82,2026-06-04T16:00:00-05:00,70.52,2026-06-04T06:30:00-05:00,69.36,72.64,64.76,77.41,94.00,57.00,1016.88,1018.70,1015.40,1.98,4.92,0.00,15.43,2026-06-04T16:05:00-05:00,322.0,NW,NW,0.0000,0.0000,0.0,0,,,2.600,5.00
2026-06-05,2026,6,5,156,287,1435.0,99.7,76.56,86.00,2026-06-05T13:40:00-05:00,68.36,2026-06-05T05:20:00-05:00,71.63,78.26,65.40,85.05,93.00,70.00,1014.88,1016.30,1013.50,1.16,2.68,0.00,8.50,2026-06-05T16:10:00-05:00,327.1,NNW,NW,0.0691,0.0691,25.0,0,,,2.630,5.00
2026-06-06,2026,6,6,157,287,1435.0,99.7,78.43,86.54,2026-06-06T12:30:00-05:00,75.92,2026-06-06T13:35:00-05:00,76.55,79.37,73.81,94.14,100.00,77.00,1012.72,1013.80,1011.80,2.06,6.49,0.00,15.66,2026-06-06T04:00:00-05:00,295.0,WNW,NNE,1.0569,1.0569,245.0,886,12.86,2.49,2.630,5.00
2026-06-07,2026,6,7,158,287,1435.0,99.7,82.44,87.80,2026-06-07T14:45:00-05:00,78.08,2026-06-07T05:10:00-05:00,78.21,80.11,76.37,87.67,100.00,73.00,1013.35,1014.70,1012.20,1.73,4.03,0.00,9.40,2026-06-07T07:35:00-05:00,182.8,S,SW,0.0544,0.0544,55.0,11,7.06,4.35,2.620,5.00
2026-06-08,2026,6,8,159,287,1435.0,99.7,81.75,86.54,2026-06-08T14:25:00-05:00,78.08,2026-06-08T23:45:00-05:00,75.98,77.61,73.61,83.13,93.00,69.00,1016.51,1018.10,1014.50,1.40,4.70,0.00,10.96,2026-06-08T04:20:00-05:00,209.7,SSW,NW,0.0000,0.0000,0.0,0,,,2.630,5.00
2026-06-09,2026,6,9,160,287,1435.0,99.7,81.59,89.78,2026-06-09T14:00:00-05:00,74.48,2026-06-09T06:30:00-05:00,75.77,78.34,73.26,83.27,96.00,66.00,1017.88,1019.60,1016.30,1.67,4.25,0.00,12.53,2026-06-09T07:35:00-05:00,235.2,SW,WSW,0.0000,0.0000,0.0,0,,,2.630,5.00
2026-06-10,2026,6,10,161,287,1435.0,99.7,81.19,89.24,2026-06-10T14:30:00-05:00,72.68,2026-06-10T06:10:00-05:00,74.87,77.81,72.26,82.44,100.00,60.00,1015.36,1017.00,1013.10,1.75,4.70,0.00,11.86,2026-06-10T13:45:00-05:00,147.7,SSE,NNE,0.0000,0.0000,0.0,0,,,2.610,5.00
2026-06-11,2026,6,11,162,287,1435.0,99.7,82.12,91.04,2026-06-11T15:55:00-05:00,73.58,2026-06-11T06:15:00-05:00,75.51,79.19,71.94,81.72,98.00,59.00,1013.93,1015.30,1012.90,1.59,4.47,0.00,10.51,2026-06-11T15:20:00-05:00,194.2,SSW,SE,0.0169,0.0169,30.0,0,,,2.620,5.00
2026-06-12,2026,6,12,163,287,1435.0,99.7,83.04,91.04,2026-06-12T14:10:00-05:00,77.18,2026-06-12T06:25:00-05:00,77.12,79.55,72.83,83.44,97.00,56.00,1015.18,1016.60,1013.70,1.56,4.25,0.00,12.08,2026-06-12T15:05:00-05:00,299.1,WNW,NW,0.0000,0.0000,0.0,679,17.47,14.29,2.640,5.00
2026-06-13,2026,6,13,164,287,1435.0,99.7,84.85,91.58,2026-06-13T15:10:00-05:00,77.18,2026-06-13T01:30:00-05:00,77.61,79.69,73.17,79.92,97.00,56.00,1015.42,1017.50,1013.60,1.65,4.25,0.00,10.51,2026-06-13T02:35:00-05:00,224.0,SW,SSW,0.0000,0.0000,0.0,0,,,2.640,5.00
2026-06-14,2026,6,14,165,287,1435.0,99.7,86.66,94.28,2026-06-14T16:25:00-05:00,79.34,2026-06-14T06:20:00-05:00,77.53,79.86,71.47,75.60,96.00,55.00,1015.07,1017.10,1013.30,1.76,5.14,0.00,9.17,2026-06-14T20:00:00-05:00,212.5,SSW,SW,0.0132,0.0132,5.0,0,,,2.640,5.00
2026-06-15,2026,6,15,166,287,1435.0,99.7,79.55,88.16,2026-06-15T13:35:00-05:00,73.94,2026-06-15T23:25:00-05:00,76.39,79.90,73.64,90.52,99.00,72.00,1014.25,1015.70,1012.80,1.85,8.95,0.00,13.65,2026-06-15T09:30:00-05:00,336.8,NNW,N,0.3141,0.3141,200.0,7859,12.61,2.49,2.620,5.00
2026-06-16,2026,6,16,167,287,1435.0,99.7,75.79,80.96,2026-06-16T10:00:00-05:00,73.76,2026-06-16T00:35:00-05:00,75.43,80.24,73.16,98.81,100.00,96.00,1011.11,1013.30,1008.80,1.78,4.92,0.00,10.96,2026-06-16T13:20:00-05:00,317.6,NW,NNW,4.1867,4.1867,760.0,1404,12.58,1.24,2.580,5.00
2026-06-17,2026,6,17,168,287,1435.0,99.7,81.76,88.70,2026-06-17T13:30:00-05:00,74.12,2026-06-17T00:05:00-05:00,78.62,81.67,73.82,90.67,100.00,73.00,1009.11,1011.10,1007.40,2.22,6.49,0.00,11.63,2026-06-17T13:30:00-05:00,337.8,NNW,NW,0.2987,0.2987,130.0,348,13.31,1.86,2.570,5.00
2026-06-18,2026,6,18,169,288,1440.0,100.0,82.03,88.16,2026-06-18T15:55:00-05:00,73.76,2026-06-18T06:40:00-05:00,79.91,82.91,73.46,93.56,100.00,82.00,1008.83,1012.20,1007.20,3.94,40.04,0.00,57.27,2026-06-18T08:55:00-05:00,189.0,S,E,4.1739,4.1739,585.0,11915,10.19,0.62,2.560,5.00
2026-06-19,2026,6,19,170,287,1435.0,99.7,85.26,92.66,2026-06-19T15:50:00-05:00,75.20,2026-06-19T23:05:00-05:00,80.13,81.83,74.20,85.44,99.00,68.00,1013.33,1016.20,1011.60,2.08,4.25,0.00,12.53,2026-06-19T07:35:00-05:00,242.5,WSW,WSW,0.3112,0.3112,110.0,1638,14.71,1.86,2.560,5.00
2026-06-20,2026,6,20,171,288,1440.0,100.0,78.32,89.42,2026-06-20T13:30:00-05:00,73.94,2026-06-20T02:30:00-05:00,76.85,81.52,73.57,95.60,100.00,75.00,1014.27,1016.30,1012.40,2.00,7.38,0.00,11.63,2026-06-20T16:50:00-05:00,356.4,N,NNE,1.0883,1.0883,135.0,1165,9.54,0.62,2.580,5.00
2026-06-21,2026,6,21,172,287,1435.0,99.7,83.14,89.42,2026-06-21T16:05:00-05:00,74.48,2026-06-21T00:35:00-05:00,78.61,80.78,74.18,86.83,100.00,71.00,1013.14,1014.50,1011.90,1.95,8.28,0.00,10.96,2026-06-21T03:45:00-05:00,224.6,SW,SW,0.0000,0.0000,0.0,51,7.38,2.49,2.580,5.00
2026-06-22,2026,6,22,173,287,1435.0,99.7,85.18,89.78,2026-06-22T14:25:00-05:00,82.04,2026-06-22T05:55:00-05:00,78.99,80.33,77.42,82.07,90.00,70.00,1016.08,1018.50,1013.60,2.14,6.49,0.00,11.86,2026-06-22T00:40:00-05:00,231.4,SW,SW,0.0000,0.0000,0.0,0,,,2.610,5.00
2026-06-23,2026,6,23,174,287,1435.0,99.7,85.55,95.18,2026-06-23T16:45:00-05:00,79.70,2026-06-23T06:30:00-05:00,79.11,81.13,75.64,82.27,98.00,55.00,1018.66,1020.40,1016.70,2.23,8.28,0.00,12.97,2026-06-23T07:35:00-05:00,304.9,NW,NW,0.0000,0.0000,0.0,0,,,2.620,5.00
2026-06-24,2026,6,24,175,287,1435.0,99.7,80.36,91.04,2026-06-24T14:00:00-05:00,75.20,2026-06-24T23:45:00-05:00,76.73,80.73,73.51,89.21,97.00,66.00,1017.14,1019.00,1015.10,1.73,7.16,0.00,10.96,2026-06-24T07:45:00-05:00,299.2,WNW,NW,0.2329,0.2329,65.0,2765,8.11,0.62,2.620,5.00
2026-06-25,2026,6,25,176,287,1435.0,99.7,81.87,91.22,2026-06-25T14:10:00-05:00,72.68,2026-06-25T05:55:00-05:00,76.33,80.16,72.08,84.29,98.00,64.00,1016.01,1018.20,1014.50,1.44,3.80,0.00,9.84,2026-06-25T15:50:00-05:00,310.0,NW,N,0.0000,0.0000,0.0,7,9.85,4.35,2.610,5.00
2026-06-26,2026,6,26,177,287,1435.0,99.7,86.00,91.94,2026-06-26T16:00:00-05:00,81.68,2026-06-26T05:00:00-05:00,78.15,80.33,76.72,77.99,89.00,64.00,1017.43,1019.70,1015.60,2.04,5.37,0.00,12.75,2026-06-26T19:15:00-05:00,261.2,W,SW,0.0000,0.0000,0.0,0,,,2.620,5.00
2026-06-27,2026,6,27,178,287,1435.0,99.7,85.63,91.94,2026-06-27T14:10:00-05:00,82.04,2026-06-27T06:30:00-05:00,78.03,80.97,72.02,78.46,87.00,57.00,1017.73,1019.80,1016.00,2.40,9.84,0.00,15.21,2026-06-27T17:20:00-05:00,257.0,WSW,SW,0.0000,0.0000,0.0,524,17.89,3.73,2.630,5.00
2026-06-28,2026,6,28,179,287,1435.0,99.7,86.57,93.02,2026-06-28T15:45:00-05:00,82.04,2026-06-28T06:05:00-05:00,77.86,79.75,73.37,75.94,86.00,53.00,1016.37,1018.10,1015.00,3.15,12.08,0.00,16.11,2026-06-28T22:15:00-05:00,294.3,WNW,SSW,0.0000,0.0000,0.0,0,,,2.630,5.00
2026-06-29,2026,6,29,180,287,1435.0,99.7,86.31,94.46,2026-06-29T16:45:00-05:00,79.16,2026-06-29T06:50:00-05:00,77.07,79.38,73.38,75.06,94.00,55.00,1017.22,1019.20,1015.50,2.45,12.08,0.00,16.11,2026-06-29T00:20:00-05:00,298.9,WNW,NW,0.0000,0.0000,0.0,0,,,2.630,5.00
2026-06-30,2026,6,30,181,287,1435.0,99.7,85.80,94.10,2026-06-30T16:55:00-05:00,78.26,2026-06-30T06:45:00-05:00,78.69,80.79,76.71,80.21,95.00,60.00,1016.90,1018.80,1014.90,2.17,6.71,0.00,16.33,2026-06-30T16:05:00-05:00,278.1,W,NW,0.0000,0.0000,0.0,0,,,2.630,5.00
2026-07-01,2026,7,1,182,287,1435.0,99.7,84.15,94.46,2026-07-01T13:00:00-05:00,77.72,2026-07-01T23:40:00-05:00,77.99,81.79,76.17,82.74,95.00,61.00,1015.41,1016.60,1014.40,2.53,8.05,0.00,17.45,2026-07-01T16:50:00-05:00,311.2,NW,NW,0.0000,0.0000,0.0,162,12.35,1.24,2.630,5.00
2026-07-02,2026,7,2,183,287,1435.0,99.7,81.06,89.24,2026-07-02T16:00:00-05:00,75.92,2026-07-02T06:00:00-05:00,77.29,81.56,74.88,88.88,99.00,72.00,1016.01,1017.40,1014.80,1.97,6.93,0.00,14.54,2026-07-02T12:05:00-05:00,320.2,NW,N,0.0074,0.0074,5.0,2456,12.46,2.49,2.610,5.00
2026-07-03,2026,7,3,184,287,1435.0,99.7,84.16,92.66,2026-07-03T14:10:00-05:00,75.92,2026-07-03T05:50:00-05:00,76.96,80.41,72.04,81.01,100.00,53.00,1016.46,1018.10,1014.60,1.78,7.83,0.00,13.87,2026-07-03T16:30:00-05:00,272.7,W,NW,0.0000,0.0000,0.0,0,,,2.600,5.00
2026-07-04,2026,7,4,185,287,1435.0,99.7,85.56,94.10,2026-07-04T12:55:00-05:00,77.54,2026-07-04T05:25:00-05:00,76.80,79.47,72.76,76.81,96.00,53.00,1015.19,1017.00,1013.10,2.32,5.82,0.00,11.18,2026-07-04T20:50:00-05:00,266.2,W,SW,0.0000,0.0000,0.0,166,13.55,2.49,2.630,5.00
2026-07-05,2026,7,5,186,287,1435.0,99.7,79.11,91.40,2026-07-05T12:55:00-05:00,72.14,2026-07-05T15:20:00-05:00,75.56,81.55,70.63,89.55,100.00,71.00,1014.13,1015.70,1012.50,1.14,5.14,0.00,11.41,2026-07-05T13:25:00-05:00,282.3,WNW,S,1.1242,1.1242,355.0,5017,7.11,1.24,2.620,5.00
2026-07-06,2026,7,6,187,287,1435.0,99.7,81.15,89.78,2026-07-06T14:00:00-05:00,72.32,2026-07-06T04:40:00-05:00,76.45,79.88,72.32,86.71,100.00,68.00,1014.50,1016.00,1013.10,1.48,4.70,0.00,8.05,2026-07-06T09:50:00-05:00,306.9,NW,N,0.0000,0.0000,0.0,148,11.44,1.86,2.600,5.00
2026-07-07,2026,7,7,188,287,1435.0,99.7,81.23,91.94,2026-07-07T12:45:00-05:00,75.38,2026-07-07T05:25:00-05:00,75.01,80.25,72.11,82.36,94.00,60.00,1016.72,1018.40,1014.70,2.03,8.28,0.00,10.07,2026-07-07T22:25:00-05:00,315.0,NW,NW,1.0002,1.0002,35.0,6944,7.02,1.24,2.570,5.00
2026-07-08,2026,7,8,189,287,1435.0,99.7,81.61,91.58,2026-07-08T14:10:00-05:00,73.04,2026-07-08T06:45:00-05:00,75.98,80.21,72.14,83.92,98.00,65.00,1017.80,1019.50,1016.40,1.25,3.58,0.00,6.71,2026-07-08T07:45:00-05:00,257.2,WSW,SW,0.0087,0.0087,20.0,44,16.71,0.00,2.610,5.00
2026-07-09,2026,7,9,190,287,1435.0,99.7,82.84,91.58,2026-07-09T13:45:00-05:00,76.10,2026-07-09T05:50:00-05:00,76.91,79.44,74.79,83.33,98.00,60.00,1017.13,1018.70,1016.00,1.34,3.13,0.00,6.04,2026-07-09T15:15:00-05:00,307.6,NW,NW,0.0000,0.0000,0.0,1259,15.32,3.73,2.600,5.00
2026-07-10,2026,7,10,191,287,1435.0,99.7,84.19,90.86,2026-07-10T12:15:00-05:00,78.80,2026-07-10T06:30:00-05:00,77.17,78.76,73.94,80.04,95.00,63.00,1016.96,1018.50,1015.60,1.72,4.03,0.00,10.07,2026-07-10T12:55:00-05:00,283.8,WNW,NW,0.0000,0.0000,0.0,784,18.92,3.11,2.590,5.00
2026-07-11,2026,7,11,192,287,1435.0,99.7,81.63,93.92,2026-07-11T13:05:00-05:00,76.64,2026-07-11T06:05:00-05:00,76.82,80.07,74.32,86.36,97.00,57.00,1017.49,1018.70,1016.30,1.62,6.04,0.00,10.74,2026-07-11T14:25:00-05:00,283.7,WNW,NW,0.0000,0.0000,0.0,1099,15.81,2.49,2.620,5.00
2026-07-12,2026,7,12,193,286,1430.0,99.3,80.08,89.96,2026-07-12T13:00:00-05:00,75.56,2026-07-12T06:05:00-05:00,76.01,79.12,73.88,88.06,98.00,66.00,1018.11,1020.00,1016.50,1.26,3.13,0.00,8.95,2026-07-12T16:00:00-05:00,274.0,W,N,0.2643,0.2643,140.0,750,14.70,1.24,2.600,5.00
2026-07-13,2026,7,13,194,286,1430.0,99.3,78.05,81.32,2026-07-13T17:55:00-05:00,75.56,2026-07-13T10:25:00-05:00,75.46,76.73,74.11,91.89,97.00,83.00,1018.49,1020.40,1017.10,1.38,3.36,0.00,5.82,2026-07-13T08:35:00-05:00,305.4,NW,NW,0.2622,0.2622,120.0,325,14.61,1.86,2.580,5.00
2026-07-14,2026,7,14,195,287,1435.0,99.7,77.48,81.50,2026-07-14T12:10:00-05:00,73.94,2026-07-14T04:40:00-05:00,74.12,76.20,72.59,89.69,98.00,78.00,1017.99,1019.80,1016.70,1.24,4.03,0.00,7.38,2026-07-14T01:55:00-05:00,305.2,NW,NW,0.1126,0.1126,225.0,1,3.73,3.73,2.570,5.00
2026-07-15,2026,7,15,196,287,1435.0,99.7,82.04,91.94,2026-07-15T15:55:00-05:00,75.20,2026-07-15T06:35:00-05:00,74.68,77.99,72.46,79.72,96.00,57.00,1018.14,1019.50,1016.60,1.49,3.80,0.00,8.05,2026-07-15T16:30:00-05:00,254.3,WSW,NW,0.0000,0.0000,0.0,0,,,2.560,5.00
2026-07-16,2026,7,16,197,287,1435.0,99.7,82.80,94.28,2026-07-16T17:05:00-05:00,73.94,2026-07-16T06:35:00-05:00,74.98,79.04,72.11,78.76,97.00,54.00,1018.98,1020.60,1017.60,1.71,8.50,0.00,11.86,2026-07-16T16:30:00-05:00,241.0,WSW,SW,0.0000,0.0000,0.0,0,,,2.600,5.00
2026-07-17,2026,7,17,198,287,1435.0,99.7,85.91,93.56,2026-07-17T13:45:00-05:00,78.80,2026-07-17T05:40:00-05:00,78.40,80.48,76.06,79.29,94.00,58.00,1019.13,1020.80,1017.00,2.10,5.14,0.00,12.75,2026-07-17T13:10:00-05:00,214.2,SW,NW,0.0000,0.0000,0.0,0,,,2.620,5.00
2026-07-18,2026,7,18,199,287,1435.0,99.7,86.44,96.80,2026-07-18T17:05:00-05:00,78.80,2026-07-18T04:20:00-05:00,77.72,80.75,75.13,76.62,95.00,56.00,1016.72,1018.80,1014.00,2.12,6.04,0.00,11.86,2026-07-18T14:55:00-05:00,265.6,W,NW,0.0000,0.0000,0.0,44,5.25,1.86,2.630,5.00
2026-07-19,2026,7,19,200,287,1435.0,99.7,86.58,97.88,2026-07-19T16:05:00-05:00,76.64,2026-07-19T06:30:00-05:00,75.93,78.56,73.15,72.14,91.00,51.00,1013.80,1015.80,1011.50,1.75,4.03,0.00,10.29,2026-07-19T14:55:00-05:00,253.4,WSW,W,0.0000,0.0000,0.0,0,,,2.630,5.00
2026-07-20,2026,7,20,201,287,1435.0,99.7,86.93,99.32,2026-07-20T16:50:00-05:00,76.64,2026-07-20T06:00:00-05:00,76.38,78.67,73.67,73.00,95.00,46.00,1011.29,1013.50,1009.00,2.22,4.92,0.00,11.18,2026-07-20T14:05:00-05:00,258.8,W,NW,0.0004,0.0004,5.0,23,9.00,2.49,2.630,5.00
2026-07-21,2026,7,21,202,287,1435.0,99.7,87.20,98.06,2026-07-21T16:10:00-05:00,78.44,2026-07-21T06:00:00-05:00,77.06,79.85,74.81,73.15,91.00,54.00,1008.52,1010.60,1006.40,2.92,7.38,0.00,19.68,2026-07-21T17:35:00-05:00,292.2,WNW,NW,0.0000,0.0000,0.0,0,,,2.630,5.00
2026-07-22,2026,7,22,203,287,1435.0,99.7,82.04,86.90,2026-07-22T14:15:00-05:00,78.08,2026-07-22T06:25:00-05:00,77.13,80.43,73.73,85.33,96.00,75.00,1006.95,1010.10,1005.50,2.22,4.47,0.00,10.74,2026-07-22T20:45:00-05:00,324.4,NW,NW,0.0664,0.0664,65.0,0,,,2.620,5.00
2026-07-23,2026,7,23,204,288,1440.0,100.0,83.42,90.68,2026-07-23T13:05:00-05:00,77.36,2026-07-23T16:10:00-05:00,77.96,80.77,74.91,84.02,96.00,65.00,1013.99,1016.90,1010.20,2.47,6.71,0.00,15.43,2026-07-23T12:35:00-05:00,218.0,SW,NW,0.4050,0.4050,75.0,19,7.82,4.35,2.610,5.00
2026-07-24,2026,7,24,205,287,1435.0,99.7,86.12,93.92,2026-07-24T16:00:00-05:00,79.34,2026-07-24T06:30:00-05:00,76.27,79.55,67.56,73.94,92.00,46.00,1017.59,1019.00,1016.50,2.51,6.93,0.00,16.33,2026-07-24T14:25:00-05:00,301.7,WNW,NW,0.0000,0.0000,0.0,0,,,2.600,5.00
2026-07-25,2026,7,25,206,287,1435.0,99.7,85.69,92.12,2026-07-25T16:25:00-05:00,77.18,2026-07-25T06:40:00-05:00,77.20,79.77,70.74,76.85,96.00,51.00,1017.86,1019.60,1016.40,2.57,8.05,0.00,17.67,2026-07-25T14:35:00-05:00,287.7,WNW,NW,0.0000,0.0000,0.0,0,,,2.620,5.00
2026-07-26,2026,7,26,207,287,1435.0,99.7,86.50,94.10,2026-07-26T16:40:00-05:00,78.08,2026-07-26T06:40:00-05:00,77.86,80.58,75.89,76.54,94.00,57.00,1015.79,1017.60,1013.40,2.86,6.26,0.00,14.76,2026-07-26T17:45:00-05:00,291.5,WNW,NW,0.0000,0.0000,0.0,0,,,2.640,5.00
2026-07-27,2026,7,27,208,287,1435.0,99.7,86.96,94.10,2026-07-27T17:20:00-05:00,78.98,2026-07-27T06:20:00-05:00,78.64,81.27,76.63,77.22,93.00,63.00,1013.22,1015.60,1010.60,2.50,6.26,0.00,16.33,2026-07-27T16:30:00-05:00,249.4,WSW,NW,0.0000,0.0000,0.0,0,,,2.610,5.00
2026-07-28,2026,7,28,209,287,1435.0,99.7,87.63,95.18,2026-07-28T12:30:00-05:00,80.06,2026-07-28T06:50:00-05:00,78.45,81.17,76.33,75.18,90.00,58.00,1011.17,1012.80,1009.70,2.83,8.50,0.00,19.01,2026-07-28T12:15:00-05:00,276.6,W,NW,0.0000,0.0000,0.0,0,,,2.640,5.00
2026-07-29,2026,7,29,210,287,1435.0,99.7,87.02,94.46,2026-07-29T15:25:00-05:00,79.70,2026-07-29T06:10:00-05:00,78.36,81.44,76.63,76.33,92.00,61.00,1011.48,1012.80,1010.20,2.15,4.92,0.00,10.74,2026-07-29T01:10:00-05:00,284.3,WNW,NW,0.0000,0.0000,0.0,0,,,2.630,5.00
2026-07-30,2026,7,30,211,287,1435.0,99.7,87.00,94.64,2026-07-30T13:30:00-05:00,80.24,2026-07-30T06:40:00-05:00,79.59,81.98,77.78,79.47,94.00,64.00,1013.25,1014.90,1011.60,2.89,5.59,0.00,18.12,2026-07-30T15:20:00-05:00,247.3,WSW,SW,0.0000,0.0000,0.0,15,6.01,3.73,2.630,5.00
2026-07-31,2026,7,31,212,287,1435.0,99.7,87.68,95.54,2026-07-31T15:45:00-05:00,80.42,2026-07-31T07:00:00-05:00,78.00,80.27,75.42,74.37,92.00,54.00,1013.98,1015.70,1012.20,3.08,8.28,0.00,17.90,2026-07-31T21:20:00-05:00,303.1,WNW,NW,0.0000,0.0000,0.0,0,,,2.620,5.00
2026-08-01,2026,8,1,213,287,1435.0,99.7,87.82,95.54,2026-08-01T15:00:00-05:00,79.70,2026-08-01T05:10:00-05:00,78.23,80.89,75.25,74.49,91.00,54.00,1010.73,1013.30,1007.50,2.73,8.50,0.00,19.91,2026-08-01T17:55:00-05:00,233.4,SW,SW,0.0000,0.0000,0.0,0,,,2.630,5.00
2026-08-02,2026,8,2,214,287,1435.0,99.7,83.08,86.36,2026-08-02T14:10:00-05:00,77.18,2026-08-02T23:50:00-05:00,76.47,80.57,70.96,80.91,91.00,62.00,1009.08,1010.50,1008.10,2.46,8.28,0.00,17.90,2026-08-02T00:05:00-05:00,217.0,SW,S,0.0000,0.0000,0.0,1974,18.07,1.86,2.630,5.00
2026-08-03,2026,8,3,215,287,1435.0,99.7,82.35,91.58,2026-08-03T12:55:00-05:00,72.86,2026-08-03T06:35:00-05:00,72.58,74.64,70.80,74.09,95.00,52.00,1011.37,1013.00,1010.20,2.35,11.63,0.00,17.45,2026-08-03T16:00:00-05:00,301.6,WNW,N,0.0000,0.0000,0.0,0,,,2.620,5.00
2026-08-04,2026,8,4,216,287,1435.0,99.7,83.92,92.66,2026-08-04T14:25:00-05:00,73.76,2026-08-04T06:35:00-05:00,72.75,78.59,70.31,70.71,90.00,50.00,1013.48,1014.90,1012.20,2.04,5.82,0.00,14.09,2026-08-04T16:55:00-05:00,260.1,W,S,0.0000,0.0000,0.0,0,,,2.630,5.00
2026-08-05,2026,8,5,217,287,1435.0,99.7,82.24,93.02,2026-08-05T14:15:00-05:00,75.38,2026-08-05T06:35:00-05:00,75.95,79.80,71.53,82.27,94.00,55.00,1015.80,1017.10,1014.70,1.78,6.49,0.00,11.63,2026-08-05T15:00:00-05:00,279.7,W,NW,0.1403,0.1403,40.0,176,11.70,1.24,2.620,5.00
2026-08-06,2026,8,6,218,287,1435.0,99.7,81.78,92.30,2026-08-06T12:40:00-05:00,75.56,2026-08-06T06:15:00-05:00,75.68,79.75,72.04,83.07,97.00,53.00,1017.79,1019.40,1016.30,2.35,7.61,0.00,16.11,2026-08-06T13:10:00-05:00,323.3,NW,NNE,0.0062,0.0062,10.0,376,18.80,4.35,2.620,5.00
2026-08-07,2026,8,7,219,287,1435.0,99.7,83.14,91.58,2026-08-07T12:20:00-05:00,75.02,2026-08-07T06:30:00-05:00,75.77,78.67,72.70,79.67,96.00,59.00,1018.26,1019.80,1016.80,1.86,4.92,0.00,14.09,2026-08-07T12:30:00-05:00,306.0,NW,NW,0.0024,0.0024,10.0,141,7.13,1.86,2.620,5.00
2026-08-08,2026,8,8,220,287,1435.0,99.7,84.01,93.56,2026-08-08T12:15:00-05:00,75.92,2026-08-08T05:45:00-05:00,76.51,79.45,73.20,79.45,96.00,53.00,1017.39,1019.20,1015.30,2.12,7.61,0.00,11.41,2026-08-08T08:35:00-05:00,285.4,WNW,NW,0.0003,0.0003,15.0,3,6.84,3.11,2.630,5.00
2026-08-09,2026,8,9,221,287,1435.0,99.7,83.54,92.48,2026-08-09T11:40:00-05:00,75.20,2026-08-09T06:30:00-05:00,76.12,78.59,73.04,79.41,93.00,57.00,1016.83,1018.70,1015.40,1.89,5.14,0.00,13.20,2026-08-09T14:45:00-05:00,275.4,W,NW,0.0000,0.0000,0.0,21,6.54,1.86,2.640,5.00
2026-08-10,2026,8,10,222,287,1435.0,99.7,83.62,91.94,2026-08-10T12:30:00-05:00,78.44,2026-08-10T07:00:00-05:00,76.67,79.29,72.67,80.63,94.00,54.00,1018.39,1020.00,1016.90,1.76,6.04,0.00,13.42,2026-08-10T11:10:00-05:00,269.1,W,NW,0.0000,0.0000,0.0,887,11.98,2.49,2.640,5.00
2026-08-11,2026,8,11,223,287,1435.0,99.7,86.77,94.64,2026-08-11T15:40:00-05:00,77.72,2026-08-11T06:55:00-05:00,77.02,79.42,71.04,74.15,95.00,48.00,1017.92,1020.00,1016.00,2.28,6.93,0.00,16.78,2026-08-11T17:35:00-05:00,268.0,W,NW,0.0000,0.0000,0.0,2,4.35,4.35,2.640,5.00
2026-08-12,2026,8,12,224,287,1435.0,99.7,87.37,93.38,2026-08-12T12:35:00-05:00,81.50,2026-08-12T07:30:00-05:00,78.70,81.19,75.89,76.08,90.00,58.00,1015.23,1017.10,1012.70,2.28,4.70,0.00,12.53,2026-08-12T11:15:00-05:00,241.7,WSW,SW,0.0000,0.0000,0.0,441,16.27,1.86,2.640,5.00
2026-08-13,2026,8,13,225,287,1435.0,99.7,88.81,95.36,2026-08-13T16:10:00-05:00,84.02,2026-08-13T06:30:00-05:00,78.59,80.65,75.09,72.71,87.00,54.00,1015.75,1017.70,1014.00,2.62,11.41,0.00,17.22,2026-08-13T17:40:00-05:00,268.6,W,NW,0.0000,0.0000,0.0,200,13.73,1.86,2.630,5.00
2026-08-14,2026,8,14,226,287,1435.0,99.7,87.61,94.82,2026-08-14T15:00:00-05:00,79.52,2026-08-14T07:05:00-05:00,76.58,79.46,65.62,71.11,92.00,40.00,1018.59,1021.00,1016.60,4.68,22.59,0.00,33.11,2026-08-14T18:40:00-05:00,295.4,WNW,NW,0.0000,0.0000,0.0,0,,,2.640,5.00
2026-08-15,2026,8,15,227,287,1435.0,99.7,88.28,95.90,2026-08-15T12:10:00-05:00,79.88,2026-08-15T06:55:00-05:00,77.56,80.17,71.97,72.30,95.00,49.00,1019.58,1021.70,1017.60,2.60,7.38,0.00,20.80,2026-08-15T14:15:00-05:00,266.5,W,SW,0.0000,0.0000,0.0,0,,,2.630,5.00
2026-08-16,2026,8,16,228,287,1435.0,99.7,87.70,96.44,2026-08-16T12:15:00-05:00,81.32,2026-08-16T23:55:00-05:00,77.49,80.60,73.30,72.78,90.00,53.00,1018.49,1020.40,1016.40,1.71,4.92,0.00,17.67,2026-08-16T14:40:00-05:00,204.6,SSW,SE,0.0000,0.0000,0.0,2019,12.90,4.97,2.610,5.00
2026-08-17,2026,8,17,229,287,1435.0,99.7,88.24,95.18,2026-08-17T13:30:00-05:00,80.42,2026-08-17T06:40:00-05:00,79.11,82.03,74.58,75.31,91.00,58.00,1016.97,1018.80,1015.10,3.46,7.61,0.00,23.04,2026-08-17T23:50:00-05:00,293.8,WNW,NW,0.0000,0.0000,0.0,248,13.29,2.49,2.630,5.00
2026-08-18,2026,8,18,230,287,1435.0,99.7,86.50,94.64,2026-08-18T16:15:00-05:00,81.50,2026-08-18T23:30:00-05:00,77.38,80.50,73.95,74.92,87.00,58.00,1016.16,1017.90,1014.00,4.31,7.61,0.00,23.71,2026-08-18T07:50:00-05:00,313.9,NW,NW,0.0000,0.0000,0.0,2408,14.38,4.97,2.610,5.00
2026-08-19,2026,8,19,231,287,1435.0,99.7,88.21,95.18,2026-08-19T14:55:00-05:00,81.14,2026-08-19T07:10:00-05:00,78.82,81.35,76.06,74.79,91.00,57.00,1014.94,1016.50,1012.60,2.91,6.71,0.00,18.34,2026-08-19T16:20:00-05:00,268.4,W,SW,0.0000,0.0000,0.0,71,13.99,3.11,2.630,5.00
2026-08-20,2026,8,20,232,287,1435.0,99.7,87.99,94.64,2026-08-20T15:30:00-05:00,80.42,2026-08-20T07:15:00-05:00,77.23,79.81,74.09,71.60,90.00,53.00,1015.13,1016.70,1013.30,2.79,8.28,0.00,19.01,2026-08-20T15:45:00-05:00,250.0,WSW,S,0.0000,0.0000,0.0,16,8.00,2.49,2.630,5.00
2026-08-21,2026,8,21,233,287,1435.0,99.7,84.19,95.36,2026-08-21T16:30:00-05:00,73.04,2026-08-21T19:50:00-05:00,77.48,82.29,71.70,81.86,98.00,58.00,1015.16,1019.10,1012.60,2.54,6.71,0.00,13.42,2026-08-21T14:40:00-05:00,281.9,WNW,SW,0.6158,0.6158,285.0,5202,7.46,2.49,2.620,5.00
2026-08-22,2026,8,22,234,287,1435.0,99.7,83.47,94.28,2026-08-22T13:10:00-05:00,73.04,2026-08-22T05:25:00-05:00,77.50,82.03,72.74,83.71,99.00,63.00,1014.48,1016.40,1012.90,2.98,8.05,0.00,11.86,2026-08-22T23:50:00-05:00,250.6,WSW,SW,0.0000,0.0000,0.0,0,,,2.590,5.00
2026-08-23,2026,8,23,235,287,1435.0,99.7,85.30,96.44,2026-08-23T12:35:00-05:00,79.52,2026-08-23T22:35:00-05:00,77.81,81.82,69.80,79.52,96.00,57.00,1014.22,1016.20,1012.40,2.29,8.28,0.00,17.90,2026-08-23T12:45:00-05:00,278.9,W,NW,0.0000,0.0000,0.0,3926,9.95,6.21,2.630,5.00
2026-08-24,2026,8,24,236,287,1435.0,99.7,81.67,93.38,2026-08-24T11:25:00-05:00,74.84,2026-08-24T14:15:00-05:00,78.43,81.48,73.17,90.67,99.00,62.00,1015.05,1016.70,1013.80,2.46,5.82,0.00,12.75,2026-08-24T01:20:00-05:00,353.5,N,SW,1.1689,1.1689,195.0,7086,4.35,0.62,2.630,5.00
2026-08-25,2026,8,25,237,287,1435.0,99.7,79.71,93.56,2026-08-25T14:05:00-05:00,74.48,2026-08-25T06:05:00-05:00,76.83,81.17,74.18,91.91,100.00,65.00,1015.05,1016.90,1013.20,1.78,4.25,0.00,7.83,2026-08-25T14:00:00-05:00,253.7,WSW,SW,0.4312,0.4312,75.0,6779,9.65,0.00,2.620,5.00
2026-08-26,2026,8,26,238,287,1435.0,99.7,83.59,94.82,2026-08-26T14:20:00-05:00,73.94,2026-08-26T05:30:00-05:00,77.14,80.77,73.64,82.59,99.00,59.00,1014.11,1015.90,1011.90,2.72,8.95,0.00,14.09,2026-08-26T16:35:00-05:00,241.3,WSW,SW,0.0000,0.0000,0.0,2,4.66,4.35,2.600,5.00
2026-08-27,2026,8,27,239,287,1435.0,99.7,79.23,85.64,2026-08-27T12:55:00-05:00,70.88,2026-08-27T07:20:00-05:00,74.81,80.07,70.29,87.02,99.00,69.00,1013.69,1016.30,1012.10,1.99,7.38,0.00,18.12,2026-08-27T06:40:00-05:00,230.6,SW,S,2.1835,2.1835,345.0,5054,14.04,0.00,2.630,5.00
